second,variant,native_frames,fit_frames,direction_frames,fit_fraction,direction_fraction,mean_active_views,mean_axis_views,median_loo_px,loo_cells,paired_cells,paired_baseline_median_px,paired_revised_median_px,median_paired_delta_px,median_visible_length_cm,T1_active_fraction,T1_axis_fraction,T2_active_fraction,T2_axis_fraction,T3_active_fraction,T3_axis_fraction,T4_active_fraction,T4_axis_fraction,T5_active_fraction,T5_axis_fraction,fpv_active_fraction,fpv_axis_fraction,1s_midpoint_cm_s_median,1s_midpoint_cm_s_samples,1s_midpoint_cm_s_p90,1s_axis_deg_s_median,1s_axis_deg_s_samples,1s_axis_deg_s_p90,1s_directed_deg_s_median,1s_directed_deg_s_samples,1s_directed_deg_s_p90,step_midpoint_cm_s_median,step_midpoint_cm_s_samples,step_midpoint_cm_s_p90,step_axis_deg_s_median,step_axis_deg_s_samples,step_axis_deg_s_p90,step_directed_deg_s_median,step_directed_deg_s_samples,step_directed_deg_s_p90,median_loo_px_change_from_previous_second,fit_fraction_change_from_previous_second,direction_fraction_change_from_previous_second,correction_camera_events,native_frames_with_correction,step_native_intervals_crossing_correction,1s_native_intervals_crossing_correction
0,earlier-selected,30,30,30,1.0,1.0,6.0,6.0,3.2615812751161037,180,180,3.2615812751161037,3.2615812751161037,0.0,22.888891987948252,1.0,1.0,1.0,1.0,1.0,1.0,1.0,1.0,1.0,1.0,1.0,1.0,,0,,,0,,,0,,1.9126027157114187,29,4.198885185615666,5.064671373494512,29,11.78096490961276,5.064671373688422,29,11.780964909662869,,,,6,1,0,0
0,recipe-model-top,30,30,30,1.0,1.0,6.0,6.0,3.2834708321079793,180,180,3.2615812751161037,3.2834708321079793,0.05240406850710955,22.84595186975571,1.0,1.0,1.0,1.0,1.0,1.0,1.0,1.0,1.0,1.0,1.0,1.0,,0,,,0,,,0,,1.515161268180127,29,3.6040936863326474,4.8081570829772655,29,10.659395387110933,4.808157083045351,29,10.659395387085887,,,,6,1,0,0
0,recipe-visual-best,30,30,30,1.0,1.0,6.0,6.0,3.2834708321079793,180,180,3.2615812751161037,3.2834708321079793,0.05240406850710955,22.84595186975571,1.0,1.0,1.0,1.0,1.0,1.0,1.0,1.0,1.0,1.0,1.0,1.0,,0,,,0,,,0,,1.515161268180127,29,3.6040936863326474,4.8081570829772655,29,10.659395387110933,4.808157083045351,29,10.659395387085887,,,,6,1,0,0
1,earlier-selected,30,30,30,1.0,1.0,5.933333333333334,4.366666666666666,6.842277073554119,128,128,6.842277073554119,6.842277073554119,0.0,22.357697522599725,1.0,1.0,1.0,0.36666666666666664,1.0,0.9666666666666667,0.9333333333333333,0.5,1.0,0.5666666666666667,1.0,0.9666666666666667,3.422806630486377,30,6.865741500103178,8.606749271546509,30,18.68603049226463,8.606749271546486,30,18.686030492264656,19.678954154901213,30,95.52190359956771,62.51809562624523,30,478.95318557263965,62.51809562625402,30,478.95318557264113,3.5806957984380157,0.0,0.0,0,0,0,0
1,recipe-model-top,30,30,30,1.0,1.0,5.933333333333334,4.366666666666666,6.8725749210058265,127,127,6.6905034326837605,6.8725749210058265,0.015266648123621884,22.43367872353658,1.0,1.0,1.0,0.36666666666666664,1.0,0.9666666666666667,0.9333333333333333,0.5,1.0,0.5666666666666667,1.0,0.9666666666666667,3.4509983154857933,30,6.903479533202306,8.968630656174621,30,19.948703933489682,8.968630656174701,30,19.94870393348968,19.746231356648508,30,97.27659542580898,69.54176580894888,30,530.3328423356065,69.54176580895187,30,530.3328423356078,3.589104088897847,0.0,0.0,0,0,0,0
1,recipe-visual-best,30,30,30,1.0,1.0,5.933333333333334,4.366666666666666,6.8725749210058265,127,127,6.6905034326837605,6.8725749210058265,0.015266648123621884,22.43367872353658,1.0,1.0,1.0,0.36666666666666664,1.0,0.9666666666666667,0.9333333333333333,0.5,1.0,0.5666666666666667,1.0,0.9666666666666667,3.4509983154857933,30,6.903479533202306,8.968630656174621,30,19.948703933489682,8.968630656174701,30,19.94870393348968,19.746231356648508,30,97.27659542580898,69.54176580894888,30,530.3328423356065,69.54176580895187,30,530.3328423356078,3.589104088897847,0.0,0.0,0,0,0,0
2,earlier-selected,30,30,27,1.0,0.9,6.0,4.666666666666667,108.7874026062378,140,140,108.7874026062378,108.7874026062378,0.0,36.592680127534834,1.0,0.8,1.0,0.9333333333333333,1.0,0.8333333333333334,1.0,0.7333333333333333,1.0,0.5,1.0,0.8666666666666667,13.862746235210238,30,22.56213306200525,30.738260170631744,30,52.46422048472152,23.587709664350825,27,138.30822191855088,61.27828632025853,30,208.8040258306962,177.67425457250062,30,457.0143359178352,173.9673232067015,25,427.47945879447263,101.94512553268369,0.0,-0.09999999999999998,0,0,0,0
2,recipe-model-top,30,30,27,1.0,0.9,6.0,4.733333333333333,104.89059317790685,142,137,114.84000822473185,111.54747360624621,0.48868087658968307,35.646872334519315,1.0,0.7666666666666667,1.0,1.0,1.0,0.8333333333333334,1.0,0.7333333333333333,1.0,0.5,1.0,0.9,13.674589475519472,30,22.760312055504183,31.646911941008838,30,51.97750229512347,24.476086213671476,27,137.37041349250137,66.61476643844523,30,192.4861555322616,193.8567592070278,30,502.0694123072182,189.0204284485855,25,480.0162629621832,98.01801825690103,0.0,-0.09999999999999998,0,0,0,0
2,recipe-visual-best,30,30,27,1.0,0.9,6.0,4.733333333333333,104.89059317790685,142,137,114.84000822473185,111.54747360624621,0.48868087658968307,35.646872334519315,1.0,0.7666666666666667,1.0,1.0,1.0,0.8333333333333334,1.0,0.7333333333333333,1.0,0.5,1.0,0.9,13.674589475519472,30,22.760312055504183,31.646911941008838,30,51.97750229512347,24.476086213671476,27,137.37041349250137,66.61476643844523,30,192.4861555322616,193.8567592070278,30,502.0694123072182,189.0204284485855,25,480.0162629621832,98.01801825690103,0.0,-0.09999999999999998,0,0,0,0
3,earlier-selected,30,30,12,1.0,0.4,6.0,4.9,192.17940190777819,140,140,192.17940190777819,192.17940190777819,0.0,33.36063129622126,1.0,1.0,1.0,0.9333333333333333,1.0,1.0,1.0,0.06666666666666667,1.0,0.9,1.0,1.0,21.550440754947978,30,23.837989085428486,56.951775087958126,30,81.21348965422195,117.60005321163993,10,129.3123424888888,41.6104111958869,30,393.5458875140669,152.95807689806438,30,567.4139395567335,228.02827023923635,8,418.89569906769515,83.39199930154038,0.0,-0.5,1,1,1,20
3,recipe-model-top,30,30,12,1.0,0.4,6.0,4.9,193.9750191384581,140,140,192.17940190777819,193.9750191384581,0.06821823162340479,32.597560305201256,1.0,1.0,1.0,0.9333333333333333,1.0,1.0,1.0,0.06666666666666667,1.0,0.9,1.0,1.0,20.89603334749524,30,24.005300554726844,54.867589936307176,30,82.70797941379736,83.135773546888,10,127.98810248745905,46.08626103108659,30,337.75632604797414,155.37710491578093,30,1230.3368836748612,210.85267884655977,7,1911.8364147509872,89.08442596055124,0.0,-0.5,1,1,1,20
3,recipe-visual-best,30,30,11,1.0,0.36666666666666664,6.0,4.9,193.64099717974526,140,140,192.17940190777819,193.64099717974526,-0.11091793467572586,33.035935677793596,1.0,1.0,1.0,0.9333333333333333,1.0,1.0,1.0,0.06666666666666667,1.0,0.9,1.0,1.0,21.580456315398052,30,23.996234110124604,56.690939468665604,30,82.8408126219669,113.27381379163432,9,129.37083523902749,45.56459655160705,30,391.09828897426524,155.37710491578093,30,571.8162060880799,210.42240697349717,7,392.4347400334969,88.7504040018384,0.0,-0.5333333333333334,1,1,1,20
4,earlier-selected,30,30,20,1.0,0.6666666666666666,6.0,4.933333333333334,114.35432199592641,143,143,114.35432199592641,114.35432199592641,0.0,42.818350064053405,1.0,1.0,1.0,1.0,1.0,1.0,1.0,0.0,1.0,0.9333333333333333,1.0,1.0,11.745989868024978,30,26.10492533849105,24.520418732406995,30,57.77626136057394,52.89816612656305,4,93.7724321191462,51.225097242722384,30,132.95417187795954,82.49029338352938,30,174.85073745953858,2658.292172231941,16,5366.159533791071,-77.82507991185177,0.0,0.2666666666666666,0,0,0,10
4,recipe-model-top,30,30,20,1.0,0.6666666666666666,6.0,4.933333333333334,113.52089488918989,143,143,114.35432199592641,113.52089488918989,-0.010608364275171311,42.8406853491293,1.0,1.0,1.0,1.0,1.0,1.0,1.0,0.0,1.0,0.9333333333333333,1.0,1.0,11.617848885542081,30,26.258506426068582,24.223546453357507,30,57.48513767034727,76.23336131359098,4,117.73371426731822,45.09067670980042,30,128.6107723245612,68.92637918042445,30,190.7953263400795,102.35620331741967,18,5362.857593443729,-80.4541242492682,0.0,0.2666666666666666,0,0,0,10
4,recipe-visual-best,30,30,22,1.0,0.7333333333333333,6.0,4.933333333333334,110.66544978735386,143,143,114.35432199592641,110.66544978735386,-0.10499241421194938,42.82870653893025,1.0,1.0,1.0,1.0,1.0,1.0,1.0,0.0,1.0,0.9333333333333333,1.0,1.0,11.447590352122376,30,26.24735729912597,24.371917278242982,30,56.96145128673351,76.29082648731246,4,118.18571491457769,45.73968448790366,30,140.61243371811153,67.65077596466085,30,192.3789690358188,156.87896703670341,20,5356.857812472104,-82.97554739239139,0.0,0.36666666666666664,0,0,0,10
5,earlier-selected,30,30,20,1.0,0.6666666666666666,6.0,4.333333333333333,70.46152119105368,129,129,70.46152119105368,70.46152119105368,0.0,25.450120322034874,1.0,1.0,1.0,0.9,1.0,1.0,1.0,0.0,1.0,0.43333333333333335,1.0,1.0,5.747550662060055,30,9.36111878197149,47.49276692209756,30,57.02791726935508,124.53307713677151,11,131.56054654148483,31.87063589123661,30,59.46063583498206,44.086650207746075,30,149.16150920725457,56.20063239345749,17,1954.674461973148,-43.892800804872735,0.0,0.0,0,0,0,0
5,recipe-model-top,30,30,13,1.0,0.43333333333333335,6.0,4.1,70.10840163150385,119,119,69.62132240678142,70.10840163150385,-0.2766898545781089,23.979637317526276,1.0,1.0,1.0,0.6666666666666666,1.0,1.0,1.0,0.0,1.0,0.43333333333333335,1.0,1.0,5.938782879605947,30,9.695605118291768,47.02697551181433,30,57.615174590904154,57.07600650328527,7,130.03937625400152,27.905348915099346,30,67.06816680162085,58.825796504927816,30,173.91207109876623,78.91550903160334,8,374.3528688754601,-43.41249325768604,0.0,-0.23333333333333328,0,0,0,0
5,recipe-visual-best,30,30,14,1.0,0.4666666666666667,6.0,4.433333333333334,70.31218663002566,133,129,70.46152119105368,69.90153220448516,-0.08099463134414009,26.64543490569625,1.0,1.0,1.0,1.0,1.0,1.0,1.0,0.0,1.0,0.43333333333333335,1.0,1.0,6.201941623713407,30,9.361194178384505,48.104627794584346,30,57.57830794536867,123.46252979438222,8,131.2676205319658,32.57193067028502,30,54.60433916046208,39.92039744708295,30,81.86010991504801,36.77840728522214,8,101.42762494579219,-40.3532631573282,0.0,-0.2666666666666666,0,0,0,0
6,earlier-selected,30,30,18,1.0,0.6,6.0,3.933333333333333,56.42418466634868,118,118,56.42418466634868,56.42418466634868,0.0,21.75951032215442,1.0,1.0,1.0,0.5666666666666667,1.0,1.0,1.0,0.36666666666666664,1.0,0.0,1.0,1.0,5.409305137902237,30,9.903295343682002,23.229844045936986,30,68.17614619518018,73.83231547681054,11,157.19455702454238,5.276686601551056,30,58.894465840448625,19.07982563387027,30,400.3571889278772,26.487816612332015,15,267.5862878218699,-14.037336524704997,0.0,-0.06666666666666665,1,1,1,10
6,recipe-model-top,30,30,21,1.0,0.7,6.0,3.4,57.90008048372873,102,101,55.33859628819172,57.794011574471305,3.866316842224421,19.017807174822806,1.0,1.0,1.0,0.06666666666666667,1.0,1.0,1.0,0.36666666666666664,1.0,0.0,1.0,0.9666666666666667,4.30881247034989,30,10.909139344236264,38.55532343088136,30,68.01325715230769,69.87946624081282,9,143.77447846783966,7.794429966989007,30,51.249517185394886,69.00428032287678,30,957.6157322110907,56.90828756983275,18,460.69696018154707,-12.208321147775123,0.0,0.2666666666666666,1,1,1,10
6,recipe-visual-best,30,30,26,1.0,0.8666666666666667,6.0,3.9,58.72121135154343,117,117,56.21038440280212,58.72121135154343,1.6828158942612461,22.10478642653899,1.0,1.0,1.0,0.5666666666666667,1.0,1.0,1.0,0.36666666666666664,1.0,0.0,1.0,0.9666666666666667,5.2810312402320765,30,9.978072018991897,24.97141959913678,30,69.70621434117626,157.60287493008587,14,168.15217501294416,4.309811760541895,30,45.847855370814315,16.450474886570277,30,276.30209930534613,19.733594177062265,22,109.38873970080296,-11.590975278482233,0.0,0.4,1,1,1,10
7,earlier-selected,30,30,15,1.0,0.5,6.0,4.433333333333334,74.71946345275704,133,133,74.71946345275704,74.71946345275704,0.0,34.29492169683596,1.0,1.0,1.0,0.4666666666666667,1.0,1.0,1.0,0.5333333333333333,1.0,0.43333333333333335,1.0,1.0,8.34191470977154,30,17.856543072922832,51.79956006821756,30,76.80615144970982,73.9305973447605,10,109.92509380643207,35.885636563285885,30,393.18728933137487,80.31301571100659,30,927.7099157301806,86.86735328386783,11,1847.3402278499723,18.29527878640836,0.0,-0.09999999999999998,0,0,0,20
7,recipe-model-top,30,30,17,1.0,0.5666666666666667,6.0,4.533333333333333,75.09282381977202,136,132,74.2239969615511,74.25832495356119,1.5437916709448345,36.53678762042781,1.0,1.0,1.0,0.6,1.0,1.0,1.0,0.5,1.0,0.43333333333333335,1.0,1.0,8.871222188956668,30,13.445467092011716,43.84944476299611,30,75.53645009661196,53.65515083882163,9,134.35219191768147,48.28526733431103,30,188.06930739322993,74.89265663556588,30,713.2219421604248,95.1997982363309,14,1466.0389242826486,17.192743336043293,0.0,-0.1333333333333333,0,0,0,20
7,recipe-visual-best,30,30,23,1.0,0.7666666666666667,6.0,4.466666666666667,76.70778314723222,133,130,74.2239969615511,75.95104232219114,1.2140694106429208,40.353609416911496,1.0,1.0,1.0,0.43333333333333335,1.0,1.0,1.0,0.6,1.0,0.43333333333333335,1.0,1.0,8.827432236635993,30,17.89474941154522,73.61502892073878,30,78.28427286565473,74.70804563314653,20,101.34875931819936,47.67404146753924,30,433.0132776397618,54.7862582569123,30,906.2474254989594,104.47619249442168,19,574.8873805492003,17.98657179568879,0.0,-0.09999999999999998,0,0,0,20
8,earlier-selected,30,30,7,1.0,0.23333333333333334,6.0,5.3,71.38480628592328,158,158,71.38480628592328,71.38480628592328,0.0,41.197913743309265,1.0,1.0,1.0,0.9,1.0,1.0,1.0,0.5333333333333333,1.0,0.8666666666666667,1.0,1.0,7.740031215393816,30,15.392281105514469,27.08457623207349,30,79.70662825395281,99.69940412086562,3,104.90190045898747,16.319051060392518,30,232.90170034385147,43.38263398485148,30,898.8353935827586,854.6246709609086,2,879.4041575978814,-3.3346571668337646,0.0,-0.26666666666666666,0,0,0,0
8,recipe-model-top,30,30,4,1.0,0.13333333333333333,6.0,5.366666666666666,75.9563967632746,161,156,70.11621778239356,75.26651308671367,-0.0927338944991476,41.61478168918002,1.0,1.0,1.0,0.9666666666666667,1.0,1.0,1.0,0.5333333333333333,1.0,0.8666666666666667,1.0,1.0,6.965747383583144,30,14.872544179544303,22.448179649827544,30,80.88861607738322,127.96104829170808,2,148.51139203711983,22.598151816773015,30,173.21513618719186,73.48327746015481,30,686.8173682231818,,0,,0.8635729435025752,0.0,-0.43333333333333335,0,0,0,0
8,recipe-visual-best,30,30,9,1.0,0.3,6.0,5.366666666666666,71.77525730691815,160,158,71.38480628592328,71.77525730691815,0.4305349828377558,41.33402929717668,1.0,1.0,1.0,0.9,1.0,1.0,1.0,0.6,1.0,0.8666666666666667,1.0,1.0,10.487896245567764,30,18.11656981786721,37.889295147004844,30,84.99590354461616,99.13929705410699,7,132.99122224197873,15.28296344195368,30,198.16517016274813,64.59628379416341,30,672.0360413543775,38.39658569926012,5,766.3972092961205,-4.932525840314071,0.0,-0.46666666666666673,0,0,0,0
9,earlier-selected,30,30,22,1.0,0.7333333333333333,6.0,4.433333333333334,55.79482086122749,133,133,55.79482086122749,55.79482086122749,0.0,23.43617496705833,1.0,1.0,1.0,0.43333333333333335,1.0,1.0,1.0,0.16666666666666666,1.0,0.8333333333333334,1.0,1.0,6.530435473355979,30,8.502566759659453,18.7710897928942,30,34.04831127818167,23.942437132071262,6,152.7347979729358,7.358461138752187,30,179.0558110072846,35.63490916365123,30,446.86650577676335,25.923864173792246,19,255.84519855727882,-15.589985424695783,0.0,0.49999999999999994,0,0,0,0
9,recipe-model-top,30,30,14,1.0,0.4666666666666667,6.0,4.666666666666667,57.72581221784054,140,129,54.662536942480386,56.41715873995179,-0.010776604561883119,37.44825904515591,1.0,1.0,1.0,0.7,1.0,1.0,1.0,0.13333333333333333,1.0,0.8333333333333334,1.0,1.0,4.022566793093667,30,7.9208186753625665,19.39935730447477,30,29.671598493099374,152.961949173003,2,168.07038860724538,17.667831455710626,30,212.368164956163,65.28860321052494,30,493.1662948387898,80.38878040963921,13,547.3817817647812,-18.230584545434056,0.0,0.33333333333333337,0,0,0,0
9,recipe-visual-best,30,30,22,1.0,0.7333333333333333,6.0,4.433333333333334,57.06737877145871,133,133,55.79482086122749,57.06737877145871,0.15116785290394574,23.94623507767531,1.0,1.0,1.0,0.43333333333333335,1.0,1.0,1.0,0.16666666666666666,1.0,0.8333333333333334,1.0,1.0,6.718962875114429,30,8.37672265928247,21.994390513549284,30,32.288506197400395,17.02912632193641,6,149.62766989951137,13.015943162420701,30,178.12086229093518,37.88607892618189,30,389.5644032569247,27.580013761493216,18,113.51579428087268,-14.707878535459436,0.0,0.4333333333333333,0,0,0,0
10,earlier-selected,30,30,28,1.0,0.9333333333333333,6.0,4.4,124.11717597790775,132,132,124.11717597790775,124.11717597790775,0.0,71.73583309459428,1.0,1.0,1.0,0.2,1.0,1.0,1.0,0.36666666666666664,1.0,0.8333333333333334,1.0,1.0,15.596705305224564,30,19.739513991469526,80.41341150612323,30,89.49659937541342,90.30512834578371,22,115.47837958311491,22.15036219675484,30,327.822513869927,13.742499530066016,30,217.02115016888249,13.76609951164486,26,427.7016763758637,68.32235511668026,0.0,0.20000000000000007,1,1,1,30
10,recipe-model-top,30,30,26,1.0,0.8666666666666667,6.0,4.933333333333334,134.30462250587993,148,132,124.11717597790775,113.3223677403277,0.5895037892210766,41.07983389923183,1.0,1.0,1.0,0.7,1.0,1.0,1.0,0.4,1.0,0.8333333333333334,1.0,1.0,8.696857936366811,30,17.185487907189227,31.201460711372846,30,88.44266495538464,91.63958751505089,14,153.043391645717,23.243711605510565,30,409.7596107722006,55.11286039200531,30,625.5309308292303,48.86530753988573,23,2517.673864667749,76.57881028803939,0.0,0.4,1,1,1,30
10,recipe-visual-best,30,30,29,1.0,0.9666666666666667,6.0,4.5,129.26563203206632,135,132,124.11717597790775,134.3118794549874,0.31355636761830397,73.38732553100374,1.0,1.0,1.0,0.2,1.0,1.0,1.0,0.4666666666666667,1.0,0.8333333333333334,1.0,1.0,14.485836684856494,30,19.90922602300424,78.15723314973013,30,88.29655154187985,85.1205936502833,22,115.86100166048828,18.628333498898193,30,402.59571800156004,13.750227060154467,30,360.57452912804393,13.81437243813389,27,827.3974498070565,72.1982532606076,0.0,0.2333333333333334,1,1,1,30
11,earlier-selected,30,30,26,1.0,0.8666666666666667,6.0,4.433333333333334,103.27093931386618,133,133,103.27093931386618,103.27093931386618,0.0,56.99321608421226,1.0,1.0,1.0,0.5333333333333333,1.0,1.0,1.0,0.0,1.0,0.9,1.0,1.0,18.763259942875216,30,26.497717200481667,55.88144924051912,30,81.20581541073352,69.05429246038578,25,166.18896450208004,107.44034380326556,30,1453.098402198792,429.9257112841981,30,2062.0135475959,749.8259678085075,23,4902.811452594333,-20.84623666404157,0.0,-0.06666666666666665,0,0,0,0
11,recipe-model-top,30,30,29,1.0,0.9666666666666667,6.0,4.766666666666667,103.46444908530634,143,132,103.02769203121366,103.13588505461568,2.510550474817215,37.257829086438576,1.0,1.0,1.0,0.8666666666666667,1.0,1.0,1.0,0.0,1.0,0.9,1.0,1.0,13.604900747300766,30,28.179083626281802,41.665375278141674,30,82.71839313605302,57.72906544683869,25,139.63925799843102,109.66167053502839,30,688.0114206378097,302.0867443334108,30,2138.845551305279,530.5278137434466,28,4911.003424711087,-30.840173420573592,0.0,0.09999999999999998,0,0,0,0
11,recipe-visual-best,30,30,20,1.0,0.6666666666666666,6.0,4.766666666666667,100.55580011277172,142,132,103.35994278625675,98.89816833220141,-0.5852571150249943,50.453180025706146,1.0,1.0,1.0,0.8666666666666667,1.0,1.0,1.0,0.0,1.0,0.9,1.0,1.0,19.30162375859608,30,24.222938859159353,49.55248238387401,30,59.68543137531426,60.563392989919556,19,151.23930784029108,32.94764029589006,30,603.1528046540151,81.41568232389737,30,2078.8374362795075,536.7432010244535,17,5377.929258512973,-28.7098319192946,0.0,-0.30000000000000004,0,0,0,0
12,earlier-selected,30,30,16,1.0,0.5333333333333333,6.0,4.533333333333333,140.87789839518103,135,135,140.87789839518103,140.87789839518103,0.0,40.5591582560363,1.0,1.0,1.0,0.6,1.0,1.0,1.0,0.13333333333333333,1.0,0.8,1.0,1.0,16.685381504134927,30,25.759627664627644,56.25226557224744,30,87.12240592525772,87.68978935309742,15,159.04977297473755,101.78285791411679,30,727.1001104383954,386.4379292328166,30,2135.1359866514504,686.4972526817945,11,5246.347614801576,37.606959081314855,0.0,-0.33333333333333337,0,0,0,0
12,recipe-model-top,30,30,13,1.0,0.43333333333333335,6.0,4.0,100.83083831147601,120,119,136.30681586234368,100.73381358070053,0.23277993658305718,61.31111802284897,1.0,1.0,1.0,0.2,1.0,1.0,1.0,0.0,1.0,0.8,1.0,1.0,7.7075855032555225,30,22.01518267034492,37.97107751706503,30,52.40228416689356,129.13108284478028,12,148.47895756016027,39.77163440495503,30,348.30634469544515,73.82996539738528,30,695.852343526746,267.6932626991011,8,727.476279105088,-2.633610773830327,0.0,-0.5333333333333333,0,0,0,0
12,recipe-visual-best,30,30,16,1.0,0.5333333333333333,6.0,4.333333333333333,143.66244400605018,130,126,140.49425161403144,143.983621228675,0.597544411547517,61.50638085689597,1.0,1.0,1.0,0.5333333333333333,1.0,1.0,1.0,0.0,1.0,0.8,1.0,1.0,16.558829961830597,30,28.20260512335094,41.11901214706112,30,85.04699547076135,116.56197401097556,10,164.90899704395005,38.23975656427119,30,759.0217849550695,272.59333173506974,30,1998.9446587648451,10.496271836599135,9,3112.5992374190655,43.10664389327846,0.0,-0.1333333333333333,0,0,0,0
13,earlier-selected,30,30,18,1.0,0.6,6.0,4.666666666666667,137.5383914682514,138,138,137.5383914682514,137.5383914682514,0.0,62.005572897761105,1.0,1.0,1.0,0.7666666666666667,1.0,1.0,1.0,0.03333333333333333,1.0,0.8666666666666667,1.0,1.0,9.96097942351188,30,27.16467687396012,37.39436835828127,30,74.50187094002455,113.2368415855352,10,161.0712696982126,30.121790048438516,30,572.0506166574709,78.39096509066559,30,2411.5492668196384,10.224866985217988,10,334.07922864033316,-3.33950692692963,0.0,0.06666666666666665,0,0,0,0
13,recipe-model-top,30,30,18,1.0,0.6,6.0,3.8666666666666667,94.46020315606779,116,114,136.98149969105629,93.92919344979921,-2.872241896240581,60.02370803136718,1.0,1.0,1.0,0.0,1.0,1.0,1.0,0.0,1.0,0.8666666666666667,1.0,1.0,3.3919322494071125,30,12.168069000242932,1.0756476879390837,30,30.48642779350489,21.799837357305393,8,179.34315490021905,5.775409576302585,30,352.59272450359043,13.021172452923045,30,426.1030626206416,15.354278996469423,12,4488.7094926437085,-6.370635155408223,0.0,0.16666666666666663,0,0,0,0
13,recipe-visual-best,30,30,16,1.0,0.5333333333333333,6.0,4.7,134.89752793310527,139,136,137.5383914682514,134.69810550696792,-0.35316763079030267,52.786272612495225,1.0,1.0,1.0,0.8333333333333334,1.0,1.0,1.0,0.0,1.0,0.8666666666666667,1.0,1.0,7.36434025786507,30,26.171700529921257,19.21518948015221,30,66.72549749424337,114.60122546674695,9,169.3674718652672,45.801292146278044,30,613.1159049011089,178.1303782719931,30,2345.134737790093,169.5945121337069,10,4845.536376928737,-8.764916072944914,0.0,0.0,0,0,0,0
14,earlier-selected,30,30,25,1.0,0.8333333333333334,6.0,4.4,103.59889929493657,132,132,103.59889929493657,103.59889929493657,0.0,64.8378621757327,1.0,1.0,1.0,0.3333333333333333,1.0,1.0,1.0,0.1,1.0,0.9666666666666667,1.0,1.0,5.94375769054573,30,19.74019895096958,19.163945712512195,30,62.32817348945276,74.1950668936195,16,161.3373802907846,26.189840075809798,30,677.3205621247862,32.55116756771736,30,2165.7425398230434,19.766369467686356,23,116.01367024465458,-33.93949217331483,0.0,0.2333333333333334,0,0,0,0
14,recipe-model-top,30,30,29,1.0,0.9666666666666667,6.0,3.966666666666667,95.65122367721577,119,119,100.66428079751671,95.65122367721577,-6.0100647985660345,53.008160317922645,1.0,1.0,1.0,0.0,1.0,1.0,1.0,0.0,1.0,0.9666666666666667,1.0,1.0,3.6129912501314148,30,12.887612418117696,1.2765873739442344,30,13.903146774602806,1.2746975768980404,17,2.5511524964671937,6.282762664861057,30,30.37602146351935,17.37839749387239,30,87.50410439919976,16.122939106164885,28,78.21319076137793,1.1910205211479763,0.0,0.3666666666666667,0,0,0,0
14,recipe-visual-best,30,30,30,1.0,1.0,6.0,4.3,99.70766263440834,129,120,100.6887064369508,99.78886320467376,-0.08637181926778936,65.66645294963499,1.0,1.0,1.0,0.3333333333333333,1.0,1.0,1.0,0.0,1.0,0.9666666666666667,1.0,1.0,16.046161403337116,30,25.246753016250388,36.74772435282263,30,83.62618751258812,93.3852722973181,16,160.90718317538912,36.327841386927524,30,711.2141177008939,50.07383489920335,30,2030.2720994140457,50.073834899203106,30,3380.391218992045,-35.18986529869693,0.0,0.4666666666666667,0,0,0,0
15,earlier-selected,30,30,23,1.0,0.7666666666666667,6.0,4.833333333333333,145.68846764855402,145,145,145.68846764855402,145.68846764855402,0.0,36.965471001122175,1.0,1.0,1.0,0.9,1.0,1.0,1.0,0.0,1.0,0.9333333333333333,1.0,1.0,21.226597464130332,30,22.997444834393256,60.67707616203655,30,69.54055196106975,60.801576945368794,21,69.43866220711404,13.815930400394254,30,57.32006250023041,30.162002062288046,30,431.5492019950507,37.10704487409641,21,431.2623678778798,42.08956835361745,0.0,-0.06666666666666665,0,0,0,0
15,recipe-model-top,30,30,24,1.0,0.8,6.0,3.933333333333333,93.08474678458131,118,118,100.7714582485858,93.08474678458131,-15.614463721338186,49.94151575191343,1.0,1.0,1.0,0.0,1.0,1.0,1.0,0.0,1.0,0.9333333333333333,1.0,1.0,0.9400852320008464,30,4.738450421133429,1.5154167651760337,30,3.0517451265545628,1.405677793336884,23,1.933142940306755,8.043740873502426,30,366.2132396558273,12.796886884010586,30,357.450910275081,5.986380555786371,21,19.3886276614503,-2.566476892634455,0.0,-0.16666666666666663,0,0,0,0
15,recipe-visual-best,30,30,24,1.0,0.8,6.0,4.7,95.54746861731681,141,141,145.8525027362212,95.54746861731681,-0.6233166745640233,35.941723946845215,1.0,1.0,1.0,0.7666666666666667,1.0,1.0,1.0,0.0,1.0,0.9333333333333333,1.0,1.0,19.889858892295827,30,22.63749050375689,64.05440915539221,30,81.54430005184736,77.31576303637918,24,173.79217733158058,48.54276350769652,30,191.83088796757463,295.0969411488908,30,986.8915823662076,295.0969411488927,22,675.612777910441,-4.160194017091527,0.0,-0.19999999999999996,0,0,0,0
16,earlier-selected,30,30,30,1.0,1.0,6.0,4.8,147.4734958250548,144,144,147.4734958250548,147.4734958250548,0.0,40.026463622284936,1.0,1.0,1.0,0.9,1.0,1.0,1.0,0.0,1.0,0.9,1.0,1.0,5.947630858086473,30,20.87690428551769,21.7385535923679,30,62.81075938592848,30.679875917530357,23,148.0326529881637,17.33581319571691,30,130.66496520390587,103.23398291446395,30,767.6206492939273,103.233982914465,30,767.6206492939281,1.7850281765007878,0.0,0.23333333333333328,1,1,1,10
16,recipe-model-top,30,30,30,1.0,1.0,6.0,3.9,137.1257673766449,117,117,147.048895727892,137.1257673766449,-2.4762279756766645,57.54104957067591,1.0,1.0,1.0,0.0,1.0,1.0,1.0,0.0,1.0,0.9,1.0,1.0,4.065828450669226,30,8.58678797733202,0.9000377609307881,30,13.437151744377095,1.1520845483901418,24,13.419188842144662,6.3162349033369845,30,342.41751661584294,7.04917344440883,30,362.0461571282537,7.049173444434837,30,362.04615712825466,44.041020592063575,0.0,0.19999999999999996,1,1,1,10
16,recipe-visual-best,30,30,30,1.0,1.0,6.0,4.9,146.15569513319082,147,144,147.4734958250548,146.7342963819339,-2.5795519498866213,36.93159786631011,1.0,1.0,1.0,1.0,1.0,1.0,1.0,0.0,1.0,0.9,1.0,1.0,9.851574509394164,30,20.907517133209023,31.678937761167003,30,64.83554017436667,31.67893776116701,24,63.45685372300592,22.829447055426854,30,60.289963268396875,83.63787661397615,30,441.01605680877185,83.63787661398433,30,441.0160568087732,50.60822651587401,0.0,0.19999999999999996,1,1,1,10
17,earlier-selected,30,30,25,1.0,0.8333333333333334,6.0,5.466666666666667,164.635859325146,164,164,164.635859325146,164.635859325146,0.0,47.30115818716889,1.0,1.0,1.0,0.7333333333333333,1.0,1.0,1.0,0.8,1.0,0.9333333333333333,1.0,1.0,9.620691465828823,30,12.087454265564215,31.075506801898605,30,63.07163182757427,34.53672021633898,25,63.12646577023009,16.937399364660713,30,201.9835799069571,57.93050042613318,30,780.5274581098455,46.47113686350022,22,706.9704754656309,17.162363500091175,0.0,-0.16666666666666663,0,0,0,20
17,recipe-model-top,30,30,27,1.0,0.9,6.0,4.2,129.28729463917588,126,126,157.9281722370274,129.28729463917588,-35.56726059548188,51.670884023322735,1.0,1.0,1.0,0.0,1.0,1.0,1.0,0.26666666666666666,1.0,0.9333333333333333,1.0,1.0,3.9964329827078444,30,11.069059017697867,12.262102261390943,30,14.285948213804506,13.326609746175897,27,174.77541037910817,31.600774893703573,30,320.3448049152027,32.42899199001819,30,309.0880610125547,27.89796680330963,24,323.9930828560319,-7.838472737469004,0.0,-0.09999999999999998,0,0,0,20
17,recipe-visual-best,30,30,22,1.0,0.7333333333333333,6.0,5.066666666666666,172.37486753374955,152,149,177.25604693392899,173.4143542227385,-1.138179755000806,43.586664161724926,1.0,1.0,1.0,0.8333333333333334,1.0,1.0,1.0,0.3,1.0,0.9333333333333333,1.0,1.0,7.45115819235734,30,10.723734389771185,29.208492947432283,30,64.39411067431452,51.85293287069355,22,168.82652789541126,19.14777107074367,30,207.01251668271937,57.42089583499673,30,609.9658312354061,102.02701703577651,19,4572.112989893284,26.219172400558733,0.0,-0.2666666666666667,0,0,0,20
18,earlier-selected,30,30,28,1.0,0.9333333333333333,6.0,5.9,149.05176018917155,177,177,149.05176018917155,149.05176018917155,0.0,43.516544753162364,1.0,1.0,1.0,1.0,1.0,1.0,1.0,1.0,1.0,0.9,1.0,1.0,3.6838589320962223,30,7.353691725722474,19.878541596752044,30,45.471198755107096,20.32436698914111,23,46.08242287668666,18.952588277436973,30,332.9353058044983,78.18819505435695,30,564.8454986794369,78.18819505436414,28,4821.652985284742,-15.58409913597444,0.0,0.09999999999999998,0,0,0,0
18,recipe-model-top,30,30,25,1.0,0.8333333333333334,6.0,4.266666666666667,117.46813064315603,128,128,147.55359065897918,117.46813064315603,-29.70144942647837,58.18394024509168,1.0,1.0,1.0,0.0,1.0,1.0,1.0,0.36666666666666664,1.0,0.9,1.0,1.0,4.564092463940579,30,9.586819910300587,5.381473257909803,30,9.424070095937838,5.6901938767479345,23,174.3744386910621,33.57897440508482,30,541.3744113978021,28.359060535480218,30,512.4916508957816,36.62748693874863,22,520.1678904216407,-11.819163996019853,0.0,-0.06666666666666665,0,0,0,0
18,recipe-visual-best,30,30,23,1.0,0.7666666666666667,6.0,5.233333333333333,173.73098359758342,157,157,206.44586762632466,173.73098359758342,-3.7719355119046725,33.57355547328798,1.0,1.0,1.0,1.0,1.0,1.0,1.0,0.3333333333333333,1.0,0.9,1.0,1.0,4.689174485233438,30,10.278375904657343,16.0233454922613,30,50.329730221984065,51.76740085407034,16,163.7968343279185,17.83720076052237,30,292.3667547558241,95.03662222431025,30,427.42826637211056,118.50282940541034,19,5041.5073808994475,1.3561160638338663,0.0,0.03333333333333344,0,0,0,0
19,earlier-selected,30,30,18,1.0,0.6,6.0,5.8,169.46673748620756,174,174,169.46673748620756,169.46673748620756,0.0,36.7178680343341,1.0,1.0,1.0,1.0,1.0,1.0,1.0,0.8,1.0,1.0,1.0,1.0,4.931033656136657,30,7.524377625519711,13.925071671407817,30,22.70058014230771,12.512938834752845,16,87.34174202569467,24.058894646555977,30,108.59684635109228,77.59623050124867,30,285.4565331927762,76.59032000057474,14,288.6964805091234,20.414977297036017,0.0,-0.33333333333333337,0,0,0,0
19,recipe-model-top,30,30,30,1.0,1.0,6.0,4.0,154.81495005978363,120,120,186.69216117085617,154.81495005978363,-28.020990009542167,55.173297623775476,1.0,1.0,1.0,0.0,1.0,1.0,1.0,0.0,1.0,1.0,1.0,1.0,4.256526939607809,30,6.43872172770087,6.769870300258675,30,9.38207255865187,6.295752847025419,25,109.74506961322105,24.142462934264024,30,57.559022600886756,24.066478282275014,30,46.83054081296291,24.06647828230228,30,46.83054081296993,37.346819416627596,0.0,0.16666666666666663,0,0,0,0
19,recipe-visual-best,30,30,18,1.0,0.6,6.0,5.0,184.38045911362548,150,150,187.99530460327713,184.38045911362548,-1.830739078365923,32.648348773366095,1.0,1.0,1.0,1.0,1.0,1.0,1.0,0.0,1.0,1.0,1.0,1.0,5.250970727552023,30,7.774296664804603,13.635652209108063,30,20.513010352072268,12.61969463504325,13,157.24585535574326,16.017579046887235,30,38.80209888538536,57.630694334520214,30,125.58774630468379,47.3215957538648,14,122.16841204054136,10.64947551604206,0.0,-0.16666666666666674,0,0,0,0
20,earlier-selected,30,30,28,1.0,0.9333333333333333,6.0,5.766666666666667,178.78997333612443,173,173,178.78997333612443,178.78997333612443,0.0,53.26990538579156,1.0,1.0,1.0,1.0,1.0,1.0,1.0,0.7666666666666667,1.0,1.0,1.0,1.0,6.702419500984804,30,16.287185648825975,15.444669197327297,30,22.56467835801433,11.096957437089046,18,23.18315118412237,39.509593360574044,30,102.12685030565497,36.83599808490381,30,91.46602190267876,35.45671374700733,27,102.71815893249253,9.32323584991687,0.0,0.33333333333333337,0,0,0,0
20,recipe-model-top,30,30,30,1.0,1.0,6.0,4.0,156.29217404691775,120,120,213.88996640245404,156.29217404691775,-74.06624258779193,47.730915335920656,1.0,1.0,1.0,0.0,1.0,1.0,1.0,0.0,1.0,1.0,1.0,1.0,2.475542661108288,30,5.310148836570824,5.117037196380842,30,9.019096874328453,5.1170371963810215,30,9.019096874328493,16.20688406695011,30,60.744997480191095,11.799550190982,30,25.625428515945966,11.799550190983528,30,25.625428515980705,1.4772239871341242,0.0,0.0,0,0,0,0
20,recipe-visual-best,30,30,27,1.0,0.9,6.0,5.0,182.70418666540058,150,150,183.8279403862093,182.70418666540058,-1.2455667749226365,42.646949647428954,1.0,1.0,1.0,1.0,1.0,1.0,1.0,0.0,1.0,1.0,1.0,1.0,4.241002812689427,30,6.331285529139574,11.76315279969078,30,23.65458404142662,6.238734740180199,17,22.590722594784182,24.047295791761186,30,41.393598374087766,32.38012058571458,30,81.92772074510381,33.58101782330858,25,82.14695640792304,-1.6762724482248927,0.0,0.30000000000000004,0,0,0,0
21,earlier-selected,30,30,30,1.0,1.0,6.0,5.566666666666666,174.52448050960982,167,167,174.52448050960982,174.52448050960982,0.0,52.17922287873907,1.0,1.0,1.0,0.9666666666666667,1.0,1.0,1.0,0.6,1.0,1.0,1.0,1.0,6.055467896556188,30,8.87059752111142,7.352434632389709,30,9.38714841969384,7.163421422635438,28,9.488635987522308,19.52520000041772,30,68.44556884878615,21.735317876107942,30,177.1567879599207,21.735317876092537,30,177.15678795992258,-4.265492826514617,0.0,0.06666666666666665,0,0,0,0
21,recipe-model-top,30,30,30,1.0,1.0,6.0,4.0,149.1465797077632,120,120,216.51141805215101,149.1465797077632,-77.93453193883862,46.422001253074704,1.0,1.0,1.0,0.0,1.0,1.0,1.0,0.0,1.0,1.0,1.0,1.0,1.9915842435735374,30,6.110423242927503,1.1598194434186002,30,2.012640207401663,1.1598194434188973,30,2.0126402074020078,6.900687464714113,30,51.54707739710333,6.768411737357913,30,17.192914782961235,6.768411737430876,30,17.192914782962962,-7.145594339154542,0.0,0.0,0,0,0,0
21,recipe-visual-best,30,30,27,1.0,0.9,6.0,4.933333333333334,179.29266847533785,148,148,181.66020382807238,179.29266847533785,-0.6751565150835503,39.99013559879462,1.0,1.0,1.0,0.9333333333333333,1.0,1.0,1.0,0.0,1.0,1.0,1.0,1.0,1.5223529439429502,30,3.0325232237446254,2.2430818316324816,30,8.584345420257701,1.9785691301321762,24,4.24554261074895,18.045652828272402,30,81.58762051996108,17.82746769685612,30,847.1528688072927,17.703512640862524,25,33.90121596266709,-3.4115181900627363,0.0,0.0,0,0,0,0
22,earlier-selected,30,30,16,1.0,0.5333333333333333,6.0,3.9,195.69208605826628,117,117,195.69208605826628,195.69208605826628,0.0,54.22560156075865,1.0,1.0,1.0,0.43333333333333335,1.0,0.4666666666666667,1.0,0.0,1.0,1.0,1.0,1.0,8.421905432486849,30,11.208985599419234,23.812526049043036,30,30.036815498032226,23.553406605911483,16,26.77701677946648,9.55945082942453,30,76.91406014808248,13.865405275664317,30,83.94055849980734,15.728250016632183,15,310.8043454450296,21.167605548656468,0.0,-0.4666666666666667,0,0,0,0
22,recipe-model-top,30,30,30,1.0,1.0,6.0,3.466666666666667,140.83402130159155,104,104,197.67603161204056,140.83402130159155,-72.24984260094949,48.992546133068416,1.0,1.0,1.0,0.0,1.0,0.4666666666666667,1.0,0.0,1.0,1.0,1.0,1.0,4.349508006339052,30,6.1754776617740115,13.981834871625562,30,14.683966086065794,13.981834871625615,30,14.6839660860658,9.621780307369782,30,42.64182152222835,17.803860009044108,30,35.568094040574714,17.803860009062497,30,35.56809404055798,-8.31255840617166,0.0,0.0,0,0,0,0
22,recipe-visual-best,30,30,23,1.0,0.7666666666666667,6.0,4.2,148.83220011030488,126,116,195.699732717819,145.63374377955057,-1.9073756519534797,37.51631889879219,1.0,1.0,1.0,0.7333333333333333,1.0,0.4666666666666667,1.0,0.0,1.0,1.0,1.0,1.0,5.608618230494265,30,121.09543916248651,15.435817978235965,30,45.065651357611365,15.028122333660102,20,30.25701900834894,10.092416863240345,30,11097.655908482926,23.02700295501017,30,651.5348021877028,18.17363992745134,21,518.3295865785118,-30.460468365032966,0.0,-0.1333333333333333,0,0,0,0
23,earlier-selected,30,30,25,1.0,0.8333333333333334,6.0,3.3666666666666667,238.24380436711675,101,101,238.24380436711675,238.24380436711675,0.0,58.99400971842488,1.0,1.0,1.0,0.0,1.0,0.36666666666666664,1.0,0.0,1.0,1.0,1.0,1.0,2.2520555835412326,30,4.7469472974658125,13.852464508384065,30,43.91689021382423,30.66551043507907,12,42.77199132940839,29.78043393697467,30,98.14436874692622,17.960703322118988,30,376.6440072219601,14.73439681904528,20,36.66935080231491,42.55171830885047,0.0,0.30000000000000004,0,0,0,0
23,recipe-model-top,30,30,30,1.0,1.0,6.0,3.3666666666666667,141.9763047702138,101,101,238.24380436711675,141.9763047702138,-97.89891299984501,49.74302093899624,1.0,1.0,1.0,0.0,1.0,0.36666666666666664,1.0,0.0,1.0,1.0,1.0,1.0,2.741551761455547,30,5.054330788926276,1.4149155513997602,30,14.273925410773009,1.41491555140002,30,14.27392541077304,44.7476507069981,30,129.07121104066604,14.474674641778037,30,405.78013785638285,14.474674641789065,30,405.7801378563837,1.142283468622253,0.0,0.0,0,0,0,0
23,recipe-visual-best,30,30,30,1.0,1.0,6.0,3.3666666666666667,142.6266928115617,101,101,238.24380436711675,142.6266928115617,-95.63102319017929,40.260982854018806,1.0,1.0,1.0,0.0,1.0,0.36666666666666664,1.0,0.0,1.0,1.0,1.0,1.0,9.45805964959958,30,110.35051819789203,29.058330147851706,30,43.27172799271665,29.276130600979734,23,43.433356872602786,15.77013034067497,30,125.04714733967658,9.8703307617487,30,405.6226358830841,9.87033076183118,30,405.62263588308485,-6.205507298743186,0.0,0.23333333333333328,0,0,0,0
24,earlier-selected,30,30,16,1.0,0.5333333333333333,6.0,4.166666666666667,162.34395690509717,125,125,162.34395690509717,162.34395690509717,0.0,56.15971570738698,1.0,1.0,1.0,0.16666666666666666,1.0,1.0,1.0,0.0,1.0,1.0,1.0,1.0,2.766043943750067,30,5.432773017422035,13.947879271634097,30,18.817157821605313,14.060545373387392,13,19.790399201852207,12.687963986939412,30,187.2932488987018,10.878734008032339,30,865.663236800314,27.017803776036423,12,957.9096889217161,-75.89984746201958,0.0,-0.30000000000000004,0,0,0,0
24,recipe-model-top,30,30,30,1.0,1.0,6.0,4.033333333333333,151.54547755538766,121,120,163.78370196446508,150.3352726922942,-38.41510838577441,50.390734994157,1.0,1.0,1.0,0.03333333333333333,1.0,1.0,1.0,0.0,1.0,1.0,1.0,1.0,4.216077765092987,30,4.8664629370982375,13.595829065695437,30,14.62109324437673,13.595829065695437,30,14.62109324437675,7.546786522678767,30,14.963071243293637,13.277483911770933,30,31.79500115093967,13.277483911795624,30,31.795001150938802,9.569172785173862,0.0,0.0,0,0,0,0
24,recipe-visual-best,30,30,30,1.0,1.0,6.0,4.0,150.41551697645633,120,120,163.78370196446508,150.41551697645633,-42.325230672157275,50.189723159562554,1.0,1.0,1.0,0.0,1.0,1.0,1.0,0.0,1.0,1.0,1.0,1.0,5.238718559850956,30,6.494956390809388,13.995479429208581,30,15.143194283567722,13.995479429208633,30,15.143194283567768,6.668511381995502,30,16.886229366453826,10.330064443567519,30,25.84289146002893,10.33006444361554,30,25.842891460032416,7.788824164894635,0.0,0.0,0,0,0,0
25,earlier-selected,30,30,20,1.0,0.6666666666666666,6.0,4.266666666666667,160.19504958801315,127,127,160.19504958801315,160.19504958801315,0.0,55.72737623671676,1.0,1.0,1.0,0.5666666666666667,1.0,0.8333333333333334,1.0,0.0,1.0,0.8666666666666667,1.0,1.0,3.6049980781771307,30,45.0893006240808,15.653689840657922,30,46.8835931266964,26.190177326890588,10,32.84693638645447,77.09940702078393,30,1311.149781266342,398.8981196083472,30,946.0901004961872,387.7465000623093,15,795.9132855698009,-2.1489073170840243,0.0,0.1333333333333333,0,0,0,0
25,recipe-model-top,30,30,26,1.0,0.8666666666666667,6.0,3.7,149.08508048710505,111,110,163.41021217370388,149.12892764044545,-35.686822856217624,49.99234014258742,1.0,1.0,1.0,0.0,1.0,0.8333333333333334,1.0,0.0,1.0,0.8666666666666667,1.0,1.0,0.6787599629862568,30,7.976246369473948,1.4638528742879087,30,14.833328210102321,1.3639207430307807,26,14.727111181451988,30.697210774275465,30,238.85314336132,32.08511132927478,30,422.1587164184693,20.70496472924244,22,374.275368576891,-2.4603970682826173,0.0,-0.1333333333333333,0,0,0,0
25,recipe-visual-best,30,30,27,1.0,0.9,6.0,3.7,148.98605373862446,111,110,163.41021217370388,149.09727782765924,-35.418614992809204,49.771685484894036,1.0,1.0,1.0,0.0,1.0,0.8333333333333334,1.0,0.0,1.0,0.8666666666666667,1.0,1.0,1.9618922588072776,30,8.309530657694214,1.654450248348212,30,15.019236978742697,1.638006446047355,27,15.589369878884812,29.372037975167054,30,238.8134126921035,30.43574772625717,30,420.3532532094498,17.28849806086439,24,418.2889375007329,-1.4294632378318681,0.0,-0.09999999999999998,0,0,0,0
26,earlier-selected,30,30,10,1.0,0.3333333333333333,6.0,4.7,92.79969578863339,141,141,92.79969578863339,92.79969578863339,0.0,109.45202270642702,1.0,1.0,1.0,0.7,1.0,1.0,1.0,0.13333333333333333,1.0,0.8666666666666667,1.0,1.0,41.01811072661997,30,131.5993910997157,22.87714077239972,30,62.248866580456074,1.571411863286079,6,8.546457548826353,128.29100902480917,30,2060.164461061805,41.99896030509774,30,444.4950783862259,37.70442729040708,10,477.1249882656536,-67.39535379937976,0.0,-0.3333333333333333,0,0,0,0
26,recipe-model-top,30,30,30,1.0,1.0,6.0,4.266666666666667,150.42321998741113,128,124,76.36243832376748,150.12150793707667,14.518981342053756,50.666651126039476,1.0,1.0,1.0,0.13333333333333333,1.0,1.0,1.0,0.26666666666666666,1.0,0.8666666666666667,1.0,1.0,5.369063993099033,30,8.374537516247353,4.417128559067911,30,13.932360037956963,3.8237867836928556,26,14.388992924726088,54.39806188371274,30,310.8265009618762,39.45872205637977,30,421.0823264613615,39.4587220563837,30,4982.217041935396,1.3381395003060845,0.0,0.1333333333333333,0,0,0,0
26,recipe-visual-best,30,30,30,1.0,1.0,6.0,4.066666666666666,149.61954605263128,122,118,76.1774791464679,149.34017179333517,6.2676074502530845,49.63093233278451,1.0,1.0,1.0,0.0,1.0,1.0,1.0,0.2,1.0,0.8666666666666667,1.0,1.0,3.234229816431708,30,11.192754448477618,1.2119867542353564,30,15.31049807191874,1.1621239183042773,27,75.02331419863164,68.52885986495608,30,183.12686588846086,130.2105920558103,30,411.0461403526749,130.2105920558134,30,4985.145310156189,0.6334923140068156,0.0,0.09999999999999998,0,0,0,0
27,earlier-selected,30,30,25,1.0,0.8333333333333334,6.0,4.9,149.54811284297193,147,147,149.54811284297193,149.54811284297193,0.0,52.657844303818365,1.0,1.0,1.0,0.3,1.0,1.0,1.0,0.7333333333333333,1.0,0.8666666666666667,1.0,1.0,44.93746095803657,30,122.06313299374368,17.241139387720672,30,63.8820690537785,1.0895551923885125,10,21.245639894940865,163.6168039800566,30,332.751349285648,267.74231212482096,30,1356.0162524807213,71.5367109901261,20,4462.760794655311,56.748417054338546,0.0,0.5,0,0,0,0
27,recipe-model-top,30,30,30,1.0,1.0,6.0,4.5,147.7717610915529,135,135,151.51623291332436,147.7717610915529,-0.9668994238353861,49.592918958230555,1.0,1.0,1.0,0.0,1.0,1.0,1.0,0.6333333333333333,1.0,0.8666666666666667,1.0,1.0,3.330246983573954,30,11.975312422512188,4.600171954579562,30,16.423802219911664,4.600171954579636,30,164.64763004500446,20.158643096128905,30,312.99279466175443,26.020699308172684,30,398.72472733768217,26.020699308178607,30,5001.160181958414,-2.651458895858241,0.0,0.0,0,0,0,0
27,recipe-visual-best,30,30,30,1.0,1.0,6.0,4.533333333333333,147.8744642740972,136,136,151.50354031143448,147.8744642740972,-1.2002990469956032,49.30724187894003,1.0,1.0,1.0,0.0,1.0,1.0,1.0,0.6666666666666666,1.0,0.8666666666666667,1.0,1.0,3.243602842510324,30,10.703576385048915,3.4918096740156255,30,15.05734868318101,3.491809674015653,30,165.38686840446923,18.017322778031968,30,289.8904005452377,25.368024398172906,30,390.0483253054688,25.36802439819418,30,5005.553811856485,-1.745081778534086,0.0,0.0,0,0,0,0
28,earlier-selected,30,30,28,1.0,0.9333333333333333,6.0,4.4,117.40548836498581,132,132,117.40548836498581,117.40548836498581,0.0,37.005274527269506,1.0,0.5,1.0,1.0,1.0,0.5,1.0,0.5,1.0,0.9333333333333333,1.0,0.9666666666666667,17.611555491074483,30,30.333839508865072,25.646829906286637,30,49.86213057303636,27.53935011354158,23,113.31551804744959,94.1206691652909,30,942.8944411595926,113.31521999067095,30,488.7454025093363,103.27333144373435,26,448.3154090063738,-32.14262447798612,0.0,0.09999999999999998,0,0,0,0
28,recipe-model-top,30,30,29,1.0,0.9666666666666667,6.0,3.533333333333333,149.55030137780847,106,105,133.4214963669674,149.4259719209313,8.89005264409829,45.426723815801324,1.0,0.5,1.0,0.13333333333333333,1.0,0.5,1.0,0.5,1.0,0.9333333333333333,1.0,0.9666666666666667,13.328464260499361,30,19.454752657727884,13.594442199540353,30,23.265931666074525,13.6901698078231,29,157.51660186413162,112.09391540389149,30,395.1021347613915,108.79115795340782,30,558.1115080771388,92.05602997699157,28,611.3334713133413,1.778540286255577,0.0,-0.033333333333333326,0,0,0,0
28,recipe-visual-best,30,30,28,1.0,0.9333333333333333,6.0,3.4,149.22296954830318,102,101,135.77469151945758,148.95316251494182,9.3975358063079,44.171094907430245,1.0,0.5,1.0,0.0,1.0,0.5,1.0,0.5,1.0,0.9333333333333333,1.0,0.9666666666666667,13.793561701483673,30,20.940913902096902,7.7553241798145685,30,19.840439072898864,5.969853952127831,28,160.90468248018692,58.90112901443464,30,455.2812056621118,69.09520659793789,30,433.8142492982115,63.339544073190424,26,289.9624532969314,1.3485052742059906,0.0,-0.06666666666666665,0,0,0,0
29,earlier-selected,30,30,29,1.0,0.9666666666666667,5.266666666666667,3.433333333333333,112.5304722189005,100,100,112.5304722189005,112.5304722189005,0.0,40.633702835507435,0.8666666666666667,0.2,1.0,0.8,1.0,0.03333333333333333,1.0,1.0,1.0,1.0,0.4,0.4,16.072552463464476,30,43.81300536983394,33.74480972967693,30,46.56048292435916,34.01397921639356,27,77.83652229574074,66.29378589299202,30,1349.3093782539158,37.68268570055973,30,519.4048648920876,42.6233832147159,28,612.031238316227,-4.875016146085315,0.0,0.033333333333333326,0,0,0,0
29,recipe-model-top,30,30,26,1.0,0.8666666666666667,5.266666666666667,2.6,150.37992302717504,71,69,129.7821466194543,154.47964536440088,1.0807078321071515,58.2550275116953,0.8666666666666667,0.2,1.0,0.0,1.0,0.0,1.0,1.0,1.0,1.0,0.4,0.4,24.418281866871567,30,73.98897922583603,20.483666635716197,30,31.132147776576588,19.77492421041515,25,32.23865210860577,108.39105707221765,30,2358.486162949605,28.34580419672296,30,547.8747295345617,26.839296260928116,24,756.2681636882454,0.8296216493665725,0.0,-0.09999999999999998,0,0,0,0
29,recipe-visual-best,30,30,26,1.0,0.8666666666666667,5.266666666666667,2.6,137.3389275388875,74,73,128.01582335614674,136.888176469203,-0.03200529555537912,55.29076892718842,0.8666666666666667,0.2,1.0,0.0,1.0,0.0,1.0,1.0,1.0,1.0,0.4,0.4,22.19859815921671,30,176.0991848523782,17.00229484688138,30,26.892214648480188,19.30745567393781,24,27.00110820364965,65.40106749876142,30,1485.9201315999426,29.27050813823412,30,522.1496321438789,23.5366674354089,24,730.2220995112154,-11.88404200941568,0.0,-0.06666666666666665,0,0,0,0
30,earlier-selected,30,30,30,1.0,1.0,6.0,2.966666666666667,168.19634189176617,89,89,168.19634189176617,168.19634189176617,0.0,43.523232833084094,1.0,0.0,1.0,0.0,1.0,0.0,1.0,1.0,1.0,0.9666666666666667,1.0,1.0,7.24140185155502,30,27.774420407914228,20.06048648095001,30,26.694884884787424,20.37433973640982,29,27.88342977893284,16.536776152210976,30,255.02861100866488,14.84707392177377,30,113.43285865134116,14.847073921795905,30,113.43285865134395,55.66586967286567,0.0,0.033333333333333326,0,0,0,0
30,recipe-model-top,30,30,30,1.0,1.0,6.0,2.966666666666667,179.29886848635022,85,85,164.26927169389964,179.29886848635022,11.102526594584049,69.1762611349336,1.0,0.0,1.0,0.0,1.0,0.0,1.0,1.0,1.0,0.9666666666666667,1.0,1.0,30.78819486241951,30,86.08103973309686,9.691417930974367,30,13.899890416803656,10.735882965129914,26,23.857312531868946,116.41978305623141,30,629.8242480044881,13.59340392371485,30,112.3441777586467,13.59340392373895,30,112.34417775864682,28.918945459175177,0.0,0.1333333333333333,0,0,0,0
30,recipe-visual-best,30,30,30,1.0,1.0,6.0,2.966666666666667,172.58670549070513,89,89,168.19634189176617,172.58670549070513,0.8475160037635732,42.90462077395549,1.0,0.0,1.0,0.0,1.0,0.0,1.0,1.0,1.0,0.9666666666666667,1.0,1.0,10.439808643226844,30,86.56029477035187,9.570227162201824,30,14.245935445527941,10.752660563280575,26,23.69251514902971,32.03063250408765,30,305.372357721342,15.821706160554804,30,111.93543555403484,15.821706160566425,30,111.93543555403784,35.247777951817625,0.0,0.1333333333333333,0,0,0,0
31,earlier-selected,30,30,30,1.0,1.0,6.0,2.8333333333333335,164.73589613177347,85,85,164.73589613177347,164.73589613177347,0.0,43.53883403975543,1.0,0.0,1.0,0.0,1.0,0.0,1.0,1.0,1.0,0.8333333333333334,1.0,1.0,1.7132163647699779,30,4.310559686495685,2.6223881311703003,30,5.337509922210579,2.622388131170231,30,5.337509922210584,6.992363625569189,30,69.15792772495216,11.159989434059787,30,216.69479112489367,11.159989434059787,30,216.694791124892,-3.4604457599926945,0.0,0.0,0,0,0,0
31,recipe-model-top,30,30,30,1.0,1.0,6.0,2.8333333333333335,164.21162227951865,85,85,164.73589613177347,164.21162227951865,3.3529786151810868,69.09618135491456,1.0,0.0,1.0,0.0,1.0,0.0,1.0,1.0,1.0,0.8333333333333334,1.0,1.0,8.124260608748544,30,15.055173813986396,2.40758855542252,30,5.412488190448124,2.407588555422743,30,5.412488190448134,17.22031500648422,30,244.39256022914762,11.801093084530685,30,215.97295358272063,11.801093084572546,30,215.97295358271927,-15.087246206831566,0.0,0.0,0,0,0,0
31,recipe-visual-best,30,30,30,1.0,1.0,6.0,2.8333333333333335,165.302147093103,85,85,164.73589613177347,165.302147093103,0.19164494479915106,43.652209549032804,1.0,0.0,1.0,0.0,1.0,0.0,1.0,1.0,1.0,0.8333333333333334,1.0,1.0,2.203555815369823,30,6.647773222961374,2.3522547175221593,30,5.43853831156415,2.352254717522391,30,5.438538311564212,8.222520526457771,30,143.22230947128935,12.493664943082237,30,215.23238436186804,12.493664943108449,30,215.23238436186958,-7.284558397602126,0.0,0.0,0,0,0,0
32,earlier-selected,30,30,30,1.0,1.0,6.0,2.9,165.89133248395703,87,87,165.89133248395703,165.89133248395703,0.0,43.06246617206271,1.0,0.0,1.0,0.0,1.0,0.0,1.0,1.0,1.0,0.9,1.0,1.0,1.2348477683729173,30,2.3457421403633227,1.88660814613695,30,6.803906311558206,1.8866081461372413,30,6.803906311558302,21.51999592136331,30,59.89033920381188,13.017347943485902,30,191.11382382309637,13.017347943498436,30,191.11382382309827,1.155436352183557,0.0,0.0,0,0,0,0
32,recipe-model-top,30,30,30,1.0,1.0,6.0,2.9,162.950619351536,87,87,165.89133248395703,162.950619351536,-0.4006488186479089,69.7974903345897,1.0,0.0,1.0,0.0,1.0,0.0,1.0,1.0,1.0,0.9,1.0,1.0,0.9961995695966761,30,7.341010818152562,1.7681320889546257,30,6.894602501345987,1.768132088954638,30,6.894602501345992,13.958973070598038,30,219.33830279885711,11.606415918864407,30,194.0226349191686,11.606415918906775,30,194.02263491917046,-1.261002927982645,0.0,0.0,0,0,0,0
32,recipe-visual-best,30,30,30,1.0,1.0,6.0,2.9,166.22215674361863,87,87,165.89133248395703,166.22215674361863,0.11736944206273847,43.11328407966639,1.0,0.0,1.0,0.0,1.0,0.0,1.0,1.0,1.0,0.9,1.0,1.0,1.1400006771345441,30,4.359528373472161,1.7457280815658776,30,6.933681979876117,1.7457280815661949,30,6.933681979876176,20.336130875435707,30,127.1378467800231,12.73921170662174,30,193.03847964660912,12.739211706649895,30,193.03847964660912,0.9200096505156239,0.0,0.0,0,0,0,0
33,earlier-selected,29,29,29,1.0,1.0,6.0,2.7586206896551726,175.67042846571877,80,80,175.67042846571877,175.67042846571877,0.0,44.355893572534754,1.0,0.0,1.0,0.0,1.0,0.0,1.0,1.0,1.0,0.7586206896551724,1.0,1.0,1.1890016766601335,29,3.776994502148074,0.8737373360448571,29,7.246713292308212,0.8737373360456897,29,7.246713292308232,21.475720248383954,29,111.01932884665142,14.556233949085033,29,194.6075102110268,14.556233949085033,29,194.6075102110285,9.779095981761742,0.0,0.0,0,0,0,0
33,recipe-model-top,29,29,29,1.0,1.0,6.0,2.7586206896551726,168.04308322811545,80,80,175.67042846571877,168.04308322811545,-1.0719907986318162,70.7132154338508,1.0,0.0,1.0,0.0,1.0,0.0,1.0,1.0,1.0,0.7586206896551724,1.0,1.0,1.7301002389777893,29,8.553400113007076,0.9882480532667147,29,7.286287584428175,0.9882480532663465,29,7.2862875844282655,21.56283699330744,29,157.84936627137745,16.652114787810014,29,193.90525522887359,16.652114787849335,29,193.90525522887395,5.092463876579444,0.0,0.0,0,0,0,0
33,recipe-visual-best,29,29,29,1.0,1.0,6.0,2.7586206896551726,175.37209364490025,80,80,175.67042846571877,175.37209364490025,0.47903444246418303,44.489976913945455,1.0,0.0,1.0,0.0,1.0,0.0,1.0,1.0,1.0,0.7586206896551724,1.0,1.0,1.1128740134596653,29,6.007996971306357,0.9918113397253232,29,7.2822818682706005,0.9918113397253232,29,7.282281868270662,23.799686100874283,29,179.65032631321404,15.783936367426504,29,194.06723102760319,15.783936367447247,29,194.06723102760625,9.14993690128162,0.0,0.0,0,0,0,0
34,earlier-selected,30,30,30,1.0,1.0,6.0,3.3666666666666667,113.83218120616259,101,101,113.83218120616259,113.83218120616259,0.0,45.715731111262414,1.0,0.23333333333333334,1.0,0.0,1.0,0.3333333333333333,1.0,0.8333333333333334,1.0,0.9666666666666667,1.0,1.0,5.247237624970735,30,18.362675668381133,5.296146811005277,30,37.98064000262616,5.2961468110053085,30,37.980640002626174,47.152079227783844,30,243.96582852822502,75.68196405695608,30,614.8690060690268,75.6819640569594,30,614.8690060690267,-61.838247259556184,0.0,0.0,0,0,0,0
34,recipe-model-top,30,30,30,1.0,1.0,6.0,3.2666666666666666,163.08557086817922,98,98,104.3769223461228,163.08557086817922,0.7952499381091087,72.03605216161968,1.0,0.2,1.0,0.0,1.0,0.3333333333333333,1.0,0.7666666666666667,1.0,0.9666666666666667,1.0,1.0,7.979423853662411,30,43.18735495642903,7.191850180558946,30,17.88267445104559,7.191850180558923,30,17.882674451045588,51.730090742276374,30,357.64416450188924,59.065036401597276,30,1666.7468411805228,59.06503640160285,30,1666.7468411805226,-4.957512359936231,0.0,0.0,0,0,0,0
34,recipe-visual-best,30,30,30,1.0,1.0,6.0,3.4,116.16330894983831,102,101,113.83218120616259,115.22170539819484,0.23765135627503753,46.000314192451725,1.0,0.23333333333333334,1.0,0.0,1.0,0.3333333333333333,1.0,0.8666666666666667,1.0,0.9666666666666667,1.0,1.0,6.928763322172065,30,18.173565774722377,5.087964389496767,30,17.815604333177276,5.087964389496902,30,17.815604333177237,52.31056817851437,30,237.04262876065278,53.461664487371635,30,543.02669244478,53.46166448738957,30,543.0266924447797,-59.20878469506194,0.0,0.0,0,0,0,0
35,earlier-selected,30,30,21,1.0,0.7,6.0,4.3,145.46445789139452,114,114,145.46445789139452,145.46445789139452,0.0,102.0153153114338,1.0,0.9333333333333333,1.0,0.13333333333333333,1.0,1.0,1.0,0.23333333333333334,1.0,1.0,1.0,1.0,34.079437262375265,30,68.19818034869034,35.78777717597896,30,56.85539767538107,31.28883545680258,21,138.886176316001,339.55616013622114,30,1339.2747718407963,347.97593576801205,30,936.5563874014265,157.84589948063547,15,4323.552521958517,31.63227668523193,0.0,-0.30000000000000004,0,0,0,0
35,recipe-model-top,30,30,20,1.0,0.6666666666666666,6.0,4.1,147.07201589980096,109,106,140.49079446234023,144.51741792964967,-0.23262543724055718,100.74508039054632,1.0,0.9333333333333333,1.0,0.06666666666666667,1.0,1.0,1.0,0.1,1.0,1.0,1.0,1.0,46.1934377325939,30,88.84049617716789,34.144499394067836,30,54.128591881766,31.69805898675019,20,143.82769280012343,272.8629860918906,30,1113.1368060777488,155.99917363611286,30,864.6303764433115,160.48533059681884,15,5041.559547413215,-16.01355496837826,0.0,-0.33333333333333337,0,0,0,0
35,recipe-visual-best,30,30,17,1.0,0.5666666666666667,6.0,4.133333333333334,148.3999436175783,109,106,143.2953358103958,145.86933129758117,0.0066458216908671375,107.76547550362008,1.0,0.9333333333333333,1.0,0.06666666666666667,1.0,1.0,1.0,0.13333333333333333,1.0,1.0,1.0,1.0,36.241190410717316,30,73.62060639118904,36.09421957948078,30,55.2862991293212,21.939143211582174,17,140.77874041004597,285.40051807958315,30,2139.3721357350396,157.71782369259455,30,821.6168195888883,143.99766468467013,13,4985.308235704213,32.23663466773998,0.0,-0.43333333333333335,0,0,0,0
36,earlier-selected,30,30,28,1.0,0.9333333333333333,6.0,4.133333333333334,172.36581766242492,123,123,172.36581766242492,172.36581766242492,0.0,57.02568352031116,1.0,0.16666666666666666,1.0,0.06666666666666667,1.0,0.9,1.0,1.0,1.0,1.0,1.0,1.0,28.020608830790863,30,64.11658699085972,46.981461982273174,30,63.35788283592678,124.6346991523035,19,154.1081334064154,91.44609787120099,30,2571.284728116672,85.52674435562686,30,1964.6865220013094,84.94967792495935,25,1457.477858225313,26.9013597710304,0.0,0.2333333333333334,0,0,0,0
36,recipe-model-top,30,30,26,1.0,0.8666666666666667,6.0,4.7,199.6378305154965,140,122,172.00039606783747,185.70650369706766,4.219247511103646,57.756985176078004,1.0,0.16666666666666666,1.0,0.5333333333333333,1.0,1.0,1.0,1.0,1.0,1.0,1.0,1.0,33.71270684961236,30,86.13306138789456,61.46692454422986,30,85.39545812498677,113.68140516425723,18,144.24362259144638,132.1823893608241,30,485.5583496053781,219.37982651988057,30,1706.5204841700488,173.64789772892146,24,1745.408935634598,52.56581461569553,0.0,0.20000000000000007,0,0,0,0
36,recipe-visual-best,30,30,26,1.0,0.8666666666666667,6.0,4.666666666666667,191.302028320253,139,120,172.00039606783747,185.60465637914513,1.4826422274877817,58.13235232074285,1.0,0.13333333333333333,1.0,0.5333333333333333,1.0,1.0,1.0,1.0,1.0,1.0,1.0,1.0,34.81867039237285,30,90.05329513272272,57.121939809136535,30,75.7394491401674,121.33027315394068,16,130.89539838251187,77.38344718500188,30,440.56372569709293,176.22610279205932,30,1199.6414936007277,90.60971267221824,23,984.6457970815335,42.9020847026747,0.0,0.30000000000000004,0,0,0,0
37,earlier-selected,30,30,22,1.0,0.7333333333333333,5.3,3.6666666666666665,192.6068105049182,94,94,192.6068105049182,192.6068105049182,0.0,122.56597542364341,1.0,0.3333333333333333,1.0,0.26666666666666666,0.3,0.06666666666666667,1.0,1.0,1.0,1.0,1.0,1.0,17.448263993069837,30,168.46147377486508,33.72493368952409,30,85.6248365454923,40.50897451057843,21,107.03281837576439,469.6043520156557,30,3626.181883120248,297.8231999918109,30,2178.0089787176353,297.823199991812,18,3318.2476656456943,20.240992842493284,0.0,-0.20000000000000007,0,0,0,0
37,recipe-model-top,30,30,19,1.0,0.6333333333333333,5.3,3.5,161.01661594655587,85,81,183.9550664590646,161.01661594655587,0.7098523077430627,166.64831155327278,1.0,0.3333333333333333,1.0,0.03333333333333333,0.3,0.13333333333333333,1.0,1.0,1.0,1.0,1.0,1.0,16.121810875894614,30,84.37788257066472,65.0279570821881,30,82.25164489421115,68.5581120089403,17,110.01140959915999,404.16437635447323,30,2460.2184890877224,85.53023625257796,30,1902.8943684585033,642.4233579921544,15,3293.731526326022,-38.621214568940616,0.0,-0.2333333333333334,0,0,0,0
37,recipe-visual-best,30,30,16,1.0,0.5333333333333333,5.3,3.433333333333333,157.85035930394042,80,76,183.63308410608653,157.85035930394042,0.8889981140499827,156.1492856917192,1.0,0.26666666666666666,1.0,0.03333333333333333,0.3,0.13333333333333333,1.0,1.0,1.0,1.0,1.0,1.0,14.238629866997552,30,92.70774258483118,63.9725317153832,30,84.15742553494717,69.13678008635867,15,112.86531440678581,405.32475683965333,30,5087.180633792009,99.95585276208307,30,2270.2258293966543,536.1402606366134,10,3262.653890143121,-33.451669016312565,0.0,-0.33333333333333337,0,0,0,0
38,earlier-selected,30,30,17,1.0,0.5666666666666667,5.0,3.033333333333333,125.57601364656927,63,63,125.57601364656927,125.57601364656927,0.0,180.68882537657976,1.0,0.06666666666666667,1.0,0.0,0.0,0.0,1.0,1.0,1.0,0.9666666666666667,1.0,1.0,69.94866768049539,30,134.0450088992804,39.45271922870257,30,74.97677746448414,76.4654010456215,13,129.47857803035225,157.93509126393064,30,2746.1145694486113,16.73813531506002,30,119.43678495517666,15.91993878254152,11,117.84676595004704,-67.03079685834894,0.0,-0.16666666666666663,0,0,0,0
38,recipe-model-top,30,30,20,1.0,0.6666666666666666,5.0,3.033333333333333,131.93146099252854,65,63,125.57601364656927,116.77500703988456,4.737144424456204,177.9734609510874,1.0,0.06666666666666667,1.0,0.0,0.0,0.0,1.0,1.0,1.0,0.9666666666666667,1.0,1.0,68.4553859967747,30,134.92770797966114,20.151957754635806,30,78.99754766307761,101.3239291986512,13,164.99420530358654,133.14998842496465,30,2663.6854051581067,18.773033124394722,30,117.94512335580171,17.015223700625846,16,123.72622838841637,-29.08515495402733,0.0,0.033333333333333326,0,0,0,0
38,recipe-visual-best,30,30,18,1.0,0.6,5.0,3.033333333333333,122.77348273685085,64,63,125.57601364656927,115.76674674488706,4.014021206258235,175.48341566593757,1.0,0.06666666666666667,1.0,0.0,0.0,0.0,1.0,1.0,1.0,0.9666666666666667,1.0,1.0,62.42121539991754,30,158.48845289850428,19.999178172967284,30,74.62734323470661,25.815497037302357,9,137.94151138897053,129.80448169411366,30,2692.554314905324,18.226289732151322,30,118.4430302335817,16.279395351225673,13,98.35435816453297,-35.07687656708957,0.0,0.06666666666666665,0,0,0,0
39,earlier-selected,30,30,26,1.0,0.8666666666666667,5.566666666666666,3.433333333333333,161.22529498054584,81,81,161.22529498054584,161.22529498054584,0.0,154.36635186007035,1.0,0.13333333333333333,1.0,0.06666666666666667,0.5666666666666667,0.23333333333333334,1.0,1.0,1.0,1.0,1.0,1.0,52.122875201617845,30,89.31757198044532,10.142339127328448,30,47.44962683711353,12.87703767428626,15,133.51527200189918,121.34998826740845,30,1269.416875790599,27.095567843706142,30,1472.8693951937817,27.095567843723966,24,1571.8586568224732,35.649281333976575,0.0,0.30000000000000004,0,0,0,0
39,recipe-model-top,30,30,26,1.0,0.8666666666666667,5.566666666666666,3.3333333333333335,152.83598236986887,76,76,154.8005640055744,152.83598236986887,0.8220342068280324,152.17731196131575,1.0,0.13333333333333333,1.0,0.0,0.5666666666666667,0.2,1.0,1.0,1.0,1.0,1.0,1.0,47.80616754264135,30,81.68539884418543,10.581185300017282,30,46.21153177610776,10.936009943397574,17,133.53478508978733,105.71268940956622,30,1156.9405288116936,28.546746457888347,30,654.6416363957094,26.00594361823292,22,623.0031012907041,20.90452137734033,0.0,0.20000000000000007,0,0,0,0
39,recipe-visual-best,30,30,25,1.0,0.8333333333333334,5.566666666666666,3.3333333333333335,150.90611458006393,76,76,154.8005640055744,150.90611458006393,2.3447964432885637,150.56478769963513,1.0,0.13333333333333333,1.0,0.0,0.5666666666666667,0.2,1.0,1.0,1.0,1.0,1.0,1.0,47.10513031464361,30,81.55565668373028,10.878560461484177,30,45.42620942864712,10.875949056955928,15,89.28085244447779,118.83269610004344,30,1167.6451407473305,24.73976540718835,30,655.1424429271489,21.711320319284695,23,593.1498294073097,28.132631843213076,0.0,0.2333333333333334,0,0,0,0
40,earlier-selected,30,30,30,1.0,1.0,6.0,3.0,58.433639873653334,60,60,58.433639873653334,58.433639873653334,0.0,158.29601802133502,1.0,0.0,1.0,0.0,1.0,0.0,1.0,1.0,1.0,1.0,1.0,1.0,20.038903148286728,30,58.71777067395343,7.404185077103623,30,35.80839489156387,7.916563993105045,26,144.00922902047952,56.17204139830598,30,215.5630336759829,14.816285341052232,30,30.35241894257936,14.816285341085292,30,30.352418942592003,-102.7916551068925,0.0,0.1333333333333333,0,0,0,0
40,recipe-model-top,30,30,30,1.0,1.0,6.0,3.0,60.09740565191428,60,60,58.433639873653334,60.09740565191428,1.4368533343643506,156.09001256256292,1.0,0.0,1.0,0.0,1.0,0.0,1.0,1.0,1.0,1.0,1.0,1.0,18.363762474769217,30,57.498602981464636,6.000097857744464,30,34.06326720168189,6.000097857744553,26,144.41180536803432,77.05343169589655,30,221.8080617409967,18.672164367298592,30,39.946547581473645,18.672164367324925,30,39.946547581482584,-92.7385767179546,0.0,0.1333333333333333,0,0,0,0
40,recipe-visual-best,30,30,23,1.0,0.7666666666666667,6.0,3.0,55.948208532299674,60,60,58.433639873653334,55.948208532299674,6.7616100430913555,155.43124516834604,1.0,0.0,1.0,0.0,1.0,0.0,1.0,1.0,1.0,1.0,1.0,1.0,25.363917510155567,30,65.17143126189094,6.85719353527951,30,31.931137669696948,10.090857201480695,18,147.23661730621504,160.0475888653085,30,362.99221249754055,29.72472646903705,30,55.78122110608935,29.71254446315043,21,48.9362054198665,-94.95790604776425,0.0,-0.06666666666666665,0,0,0,0
41,earlier-selected,30,30,20,1.0,0.6666666666666666,6.0,3.0,44.10975084699522,60,60,44.10975084699522,44.10975084699522,0.0,148.98359745247447,1.0,0.0,1.0,0.0,1.0,0.0,1.0,1.0,1.0,1.0,1.0,1.0,16.019978420871134,30,21.612065356473362,4.605297892344174,30,6.28260218130384,4.35527807100671,20,5.182168015443635,91.68265951012228,30,218.2695622777002,18.297506574744062,30,32.84664289572144,19.308563223686726,20,28.809355342220318,-14.323889026658115,0.0,-0.33333333333333337,0,0,0,0
41,recipe-model-top,30,30,30,1.0,1.0,6.0,2.9,31.19215120337456,59,57,34.27941727941538,30.818608824677796,2.364819689906593,141.25229607552308,1.0,0.0,1.0,0.0,1.0,0.0,1.0,0.9,1.0,1.0,1.0,1.0,11.976033710831523,30,21.437051315625144,4.536357695107282,30,6.918432982105511,4.536357695107241,30,6.918432982105641,72.93853964205819,30,272.13108918200874,15.73875146530246,30,410.70648815173354,15.738751465323274,30,410.7064881517344,-28.90525444853972,0.0,0.0,0,0,0,0
41,recipe-visual-best,30,30,30,1.0,1.0,6.0,2.5,31.678053786766583,49,45,26.87634891531682,29.750116315367833,-2.2900679696581427,140.94209655140776,1.0,0.0,1.0,0.0,1.0,0.0,1.0,0.5,1.0,1.0,1.0,1.0,10.860809584600913,30,28.193271655525745,9.130350803543699,30,29.24752631292871,16.78995487143203,23,29.54787433388669,190.7295968755913,30,2139.575947594899,53.65596111713573,30,701.1605864918885,53.65596111714436,30,701.1605864918894,-24.27015474553309,0.0,0.23333333333333328,0,0,0,0
42,earlier-selected,30,30,23,1.0,0.7666666666666667,6.0,2.2666666666666666,24.888854354765108,43,43,24.888854354765108,24.888854354765108,0.0,32.37829112016313,1.0,0.0,1.0,0.0,1.0,0.0,1.0,0.26666666666666666,1.0,1.0,1.0,1.0,19.902312557508168,30,28.509357948707702,22.3814323721664,30,52.55625371001542,21.174810451292256,13,51.232479216349894,81.23853901746764,30,1058.9337287057153,119.56961584927522,30,698.2605287767301,167.50607496948112,22,813.3148173423992,-19.22089649223011,0.0,0.10000000000000009,0,0,0,0
42,recipe-model-top,30,29,28,0.9666666666666667,0.9333333333333333,6.0,2.1666666666666665,25.613849854302693,41,37,22.39812997547064,17.211957826055084,-0.7716879907641214,37.90691296660024,1.0,0.0,1.0,0.0,1.0,0.0,1.0,0.16666666666666666,1.0,1.0,1.0,1.0,16.90569651542325,29,35.25538622674751,23.13109305817618,29,48.46199502886819,24.646265848386545,28,50.91665698285273,182.01862167537712,28,1875.5341758307939,173.8015127336859,28,826.7828970820838,170.82192060176243,26,829.4187994931747,-5.578301349071868,-0.033333333333333326,-0.06666666666666665,0,0,0,0
42,recipe-visual-best,30,30,26,1.0,0.8666666666666667,6.0,2.3,26.642850092308844,43,39,22.448899718307487,25.378362058449213,-0.6375654221832274,42.621047664240194,1.0,0.0,1.0,0.0,1.0,0.0,1.0,0.3,1.0,1.0,1.0,1.0,22.64913278247056,30,57.731769746376244,25.16004666905751,30,53.42758454814605,24.68744847651962,26,53.76379676557967,149.0158234660402,30,1734.3782413513995,155.87208133446006,30,826.6619656842266,138.43610887008185,24,819.9593035671874,-5.0352036944577385,0.0,-0.1333333333333333,0,0,0,0
43,earlier-selected,30,30,30,1.0,1.0,6.0,2.8333333333333335,137.98118823674756,85,85,137.98118823674756,137.98118823674756,0.0,54.79431244356474,1.0,0.0,1.0,0.1,1.0,0.9333333333333333,1.0,0.0,1.0,0.8,1.0,1.0,22.17006402157506,30,89.83912604163719,27.405029723067656,30,53.86999665251738,149.542973085102,23,163.4448859216955,459.2519071631301,30,2994.9311959883107,204.594708095025,30,700.0769996982918,204.59470809502662,30,1056.0916501794545,113.09233388198246,0.0,0.23333333333333328,0,0,0,0
43,recipe-model-top,30,30,29,1.0,0.9666666666666667,6.0,3.2333333333333334,128.45987168891588,95,80,126.40605268051294,130.3362349821125,-0.6628906984572893,47.947163191447,1.0,0.0,1.0,0.0,1.0,0.9333333333333333,1.0,0.5,1.0,0.8,1.0,1.0,15.001154857452622,29,46.72875510921949,24.686778349482104,29,60.08596181053285,74.16169805012491,27,155.47281946203609,269.593611765211,30,1218.8949198544658,319.8352557098883,30,1789.1644933711555,325.99547293923945,28,4900.139761070535,102.8460218346132,0.033333333333333326,0.033333333333333326,0,0,0,0
43,recipe-visual-best,30,30,29,1.0,0.9666666666666667,6.0,2.9,115.60979964866877,85,80,126.40605268051294,124.13598751526705,-2.572632122906189,48.08849543875566,1.0,0.0,1.0,0.0,1.0,0.9333333333333333,1.0,0.16666666666666666,1.0,0.8,1.0,1.0,17.693486949954092,30,47.810646754746955,29.8912453719936,30,54.824000829957626,126.71470864038736,26,161.30710051188566,216.68242767329957,30,1014.9101269315853,274.20945340405194,30,2200.6756109976,274.2094534040517,28,3258.518747791172,88.96694955635992,0.0,0.09999999999999998,0,0,0,0
44,earlier-selected,30,30,30,1.0,1.0,6.0,2.3666666666666667,43.43475518211335,68,68,43.43475518211335,43.43475518211335,0.0,25.618241070555108,1.0,0.0,1.0,0.1,1.0,0.43333333333333335,1.0,0.0,1.0,0.8333333333333334,1.0,1.0,12.283369919397625,30,43.6143723902877,81.50680302904154,30,87.47760004492739,93.47900296783475,30,103.83719713806268,71.90276778702452,30,263.1655292758921,248.39727345420988,30,1465.2731386585756,248.39727345421124,30,1465.2731386585758,-94.5464330546342,0.0,0.0,0,0,0,0
44,recipe-model-top,30,30,27,1.0,0.9,6.0,3.2333333333333334,116.16462751035593,97,64,41.897433223146706,73.60997417335126,50.89245240741285,40.97652282390941,1.0,0.0,1.0,0.0,1.0,0.4,1.0,1.0,1.0,0.8333333333333334,1.0,1.0,13.53642180316054,30,52.80305792623968,22.86556837737952,30,38.963199187380845,48.28262241875736,26,149.85434383320634,34.11586799120619,30,4552.155411302635,45.139312687668024,30,392.20749773713413,29.87910225127939,24,396.0207804083258,-12.295244178559955,0.0,-0.06666666666666665,0,0,0,0
44,recipe-visual-best,30,30,30,1.0,1.0,6.0,2.8333333333333335,76.59707399770346,83,64,41.897433223146706,68.0938466121645,35.53923386023988,36.72011112867165,1.0,0.0,1.0,0.0,1.0,0.4,1.0,0.6,1.0,0.8333333333333334,1.0,1.0,11.045405362550325,30,27.800266508191417,44.68534174006848,30,68.70023615613749,55.794240190529976,29,143.3425275112333,136.17163699388124,30,421.9177834881613,195.31371338586416,30,1283.0484275415458,195.31371338586268,30,1283.048427541546,-39.01272565096531,0.0,0.033333333333333326,0,0,0,0
45,earlier-selected,30,30,30,1.0,1.0,6.0,3.3666666666666667,59.550087995361935,101,101,59.550087995361935,59.550087995361935,0.0,37.182400383444936,1.0,0.6333333333333333,1.0,0.0,1.0,0.7666666666666667,1.0,0.0,1.0,0.9666666666666667,1.0,1.0,11.215373706952558,30,17.133106343813285,29.670605810058834,30,50.52473320001216,29.670605810058845,30,50.52473320001215,50.06480456388214,30,180.90922286176834,122.58942002070481,30,393.57711333572865,122.58942002070616,30,393.57711333572945,16.115332813248585,0.0,0.0,0,0,0,0
45,recipe-model-top,30,30,30,1.0,1.0,6.0,4.366666666666666,127.1161422459539,127,96,59.353134163549996,110.50979113392269,76.53128952459758,50.30276324938586,1.0,0.6,1.0,0.0,1.0,0.8,1.0,1.0,1.0,0.9666666666666667,1.0,1.0,16.40515629887604,30,28.281243044070038,15.8843339456599,30,24.689116285916057,15.707465045203021,27,25.725354373379204,67.89076231600032,30,335.3571206767619,88.45025546696044,30,454.22400358504547,88.45025546695967,30,454.224003585047,10.951514735597968,0.0,0.09999999999999998,0,0,0,0
45,recipe-visual-best,30,30,30,1.0,1.0,6.0,4.166666666666667,117.26148513309398,125,99,63.68334596039094,91.3187600451067,44.8492623919601,40.46629124417364,1.0,0.5666666666666667,1.0,0.0,1.0,0.8,1.0,0.8333333333333334,1.0,0.9666666666666667,1.0,1.0,9.44955408363834,30,28.73841191201269,46.85487438125777,30,86.63149708543929,50.8298911236507,30,99.28671768086915,136.4004887669393,30,573.7464428932734,254.99912538456084,30,799.7409766083193,254.99912538456084,30,1364.955895451585,40.66441113539052,0.0,0.0,0,0,0,0
46,earlier-selected,30,30,29,1.0,0.9666666666666667,6.0,3.8,102.31179200537288,114,114,102.31179200537288,102.31179200537288,0.0,43.512919028265514,1.0,0.8,1.0,0.0,1.0,1.0,1.0,0.0,1.0,1.0,1.0,1.0,12.800215132900867,30,42.15280472567612,22.89762540812507,30,63.43628322743398,19.84786160901005,29,63.91614092173535,90.54252940706968,30,954.6010614061606,138.95257644357662,30,736.8493593941478,120.84824475607432,28,680.3203009709725,42.761704010010945,0.0,-0.033333333333333326,0,0,0,0
46,recipe-model-top,30,30,26,1.0,0.8666666666666667,6.0,4.8,127.89124983566359,135,105,94.49737651595169,123.41188190728666,53.96163865009103,44.89092926930734,1.0,0.8,1.0,0.0,1.0,1.0,1.0,1.0,1.0,1.0,1.0,1.0,12.115812887715137,30,23.300359830260568,13.617937213849139,30,25.226019474676146,17.65689121351169,26,167.62317595206815,73.329440246457,30,247.97865543486546,66.28005963556772,30,327.71512685019184,118.47545669475157,25,3343.1568667163847,0.7751075897096911,0.0,-0.1333333333333333,0,0,0,0
46,recipe-visual-best,30,30,26,1.0,0.8666666666666667,6.0,4.166666666666667,103.64016806843183,118,107,96.03161437945572,95.79963829774866,0.48804245145774416,41.50214601190416,1.0,0.8,1.0,0.0,1.0,1.0,1.0,0.36666666666666664,1.0,1.0,1.0,1.0,21.613540500597527,30,48.311481327461344,67.91131553500176,30,87.7178227674605,95.13919239412144,26,117.38281300386751,234.92614155906352,30,925.6331818596342,73.97800812992236,30,1869.1339250807812,114.9889826582,24,2751.0749665368876,-13.62131706466215,0.0,-0.1333333333333333,0,0,0,0
47,earlier-selected,30,30,30,1.0,1.0,6.0,3.1,40.10025526995251,93,93,40.10025526995251,40.10025526995251,0.0,27.207591282389657,1.0,0.1,1.0,0.0,1.0,1.0,1.0,0.0,1.0,1.0,1.0,1.0,13.00992746610179,30,35.84784698085678,34.61114728566558,30,48.73372831930223,34.22475302958679,29,48.21484625459667,18.628190139333228,30,110.60222181276085,38.91381981769403,30,111.11066002647144,38.91381981770654,30,111.11066002647144,-62.21153673542037,0.0,0.033333333333333326,0,0,0,0
47,recipe-model-top,30,30,27,1.0,0.9,6.0,4.1,94.1787347991921,121,91,38.40385241135333,90.85331471241398,54.17868925352062,33.803587975354844,1.0,0.1,1.0,0.0,1.0,1.0,1.0,1.0,1.0,1.0,1.0,1.0,15.168726045189473,30,25.832609293230085,20.73803145213926,30,29.68496331837296,22.136948890316667,23,162.66865090681546,14.742919466012877,30,177.8868881145857,11.93858433143009,30,118.44681535477815,13.973585673498217,25,5373.581280056117,-33.71251503647149,0.0,0.033333333333333326,0,0,0,0
47,recipe-visual-best,30,30,20,1.0,0.6666666666666666,6.0,4.033333333333333,96.47724078173101,121,93,40.10025526995251,90.25181157578677,54.70067439209241,33.571727699848324,1.0,0.1,1.0,0.0,1.0,1.0,1.0,0.9333333333333333,1.0,1.0,1.0,1.0,24.483133999885286,30,34.97251504702143,63.33127153276652,30,89.11134196757145,93.42290430740881,19,162.15626273890643,14.969846649841823,30,207.70815415570098,12.719469600044373,30,71.85321864056219,15.237631507730915,17,3877.5407358241564,-7.162927286700821,0.0,-0.20000000000000007,0,0,0,0
48,earlier-selected,30,30,29,1.0,0.9666666666666667,6.0,3.6333333333333333,67.32564232932097,108,108,67.32564232932097,67.32564232932097,0.0,29.833123513515574,1.0,0.13333333333333333,1.0,0.0,1.0,1.0,1.0,0.5,1.0,1.0,1.0,1.0,13.425866084350139,30,16.84475406744359,39.20932798097461,30,49.93243260119902,33.32179698407755,29,49.2685138595172,8.240089207751916,30,341.1394313360528,19.600340531590074,30,1019.6495338785222,19.088090405431238,28,195.68755775674794,27.225387059368458,0.0,-0.033333333333333326,0,0,0,0
48,recipe-model-top,30,30,26,1.0,0.8666666666666667,6.0,4.1,89.39183747038427,123,107,67.36542577746002,86.43930154602864,10.793440272501044,36.207130503585574,1.0,0.1,1.0,0.0,1.0,1.0,1.0,1.0,1.0,1.0,1.0,1.0,0.8594652659044313,30,13.083951794506648,2.8818978106139843,30,15.561154516818334,3.337323798148778,25,14.23016522893009,12.511233629666481,30,109.9669147150684,10.18805576572515,30,135.55553986131008,8.577153112886236,24,22.438095612916985,-4.786897328807825,0.0,-0.033333333333333326,0,0,0,0
48,recipe-visual-best,30,30,23,1.0,0.7666666666666667,6.0,4.1,90.20261243683295,123,107,67.36542577746002,87.78294496997205,9.2046100015464,32.37940049459021,1.0,0.1,1.0,0.0,1.0,1.0,1.0,1.0,1.0,1.0,1.0,1.0,1.511151759974974,30,14.699731721840697,1.2040592518856026,30,18.120184940658817,178.47930671336943,13,179.51186952299872,11.484888014436617,30,113.73150332084352,13.651539624391226,30,139.7910719756428,18.463533838129564,18,5376.928391797243,-6.274628344898062,0.0,0.10000000000000009,0,0,0,0
49,earlier-selected,30,30,24,1.0,0.8,5.833333333333333,3.0,74.06541411286784,85,85,74.06541411286784,74.06541411286784,0.0,27.967696189895893,1.0,0.0,1.0,0.0,1.0,0.7,1.0,0.5666666666666667,1.0,0.9666666666666667,0.8333333333333334,0.7666666666666667,14.652693029317707,30,25.185499943734882,45.887841605599064,30,74.53598945801848,45.694873368604874,23,73.10606005612667,20.74696351731238,30,414.8528580713413,72.2534273580515,30,1150.3097482615606,44.15819962289493,23,606.3094387368626,6.739771783546871,0.0,-0.16666666666666663,0,0,0,0
49,recipe-model-top,30,30,29,1.0,0.9666666666666667,5.833333333333333,3.466666666666667,91.57923736003059,103,85,74.06541411286784,90.18655861351897,11.702438947260674,33.254129642477764,1.0,0.0,1.0,0.0,1.0,0.7,1.0,1.0,1.0,0.9666666666666667,0.8333333333333334,0.8,2.664240234343967,30,9.91627122333619,2.4480733300646342,30,17.492359035140097,2.081182475152996,25,16.771585955919523,11.770873916561074,30,115.03348106624354,22.3846274389863,30,280.0414200535005,21.827519095061582,29,167.97967403591915,2.187399889646315,0.0,0.09999999999999998,0,0,0,0
49,recipe-visual-best,30,30,25,1.0,0.8333333333333334,5.833333333333333,3.433333333333333,92.79905369116096,102,85,74.06541411286784,90.40439520433573,9.548566495652807,31.05322760414792,1.0,0.0,1.0,0.0,1.0,0.7,1.0,0.9666666666666667,1.0,0.9666666666666667,0.8333333333333334,0.8,2.6517279624286845,30,14.980119959677399,2.4700539508575305,30,40.823653708010205,163.3086189772663,20,178.71081443460446,13.8418372568687,30,529.9861450011019,35.491903194075725,30,1071.754735220625,17.3123570742356,22,61.47474078110675,2.5964412543280133,0.0,0.06666666666666665,0,0,0,0
50,earlier-selected,30,30,18,1.0,0.6,5.1,2.1,144.49621550232771,63,63,144.49621550232771,144.49621550232771,0.0,14.636090436175643,1.0,0.0,1.0,0.0,1.0,0.0,1.0,1.0,1.0,1.0,0.1,0.1,11.548287336977989,30,23.944480502348522,31.551718907200886,30,70.74132773654753,151.22867809710635,16,153.73066736901706,13.162687487176608,30,44.65574026596793,20.7046442275539,30,131.7869772456545,19.949157572542525,13,43.64440804758609,70.43080138945987,0.0,-0.20000000000000007,0,0,0,0
50,recipe-model-top,30,30,18,1.0,0.6,5.0,2.0,191.88113534757463,60,60,199.87342244648295,191.88113534757463,-0.41483966176876663,15.23838299084802,1.0,0.0,1.0,0.0,1.0,0.0,1.0,1.0,1.0,1.0,0.0,0.0,10.442967800800634,30,11.907354095552877,19.00687740342679,30,20.228032052831463,160.512769255792,18,165.10291233224248,9.502970870304353,30,32.4811723609451,19.573629001661562,30,58.731613249044315,13.303270654762125,15,27.419516165082065,100.30189798754404,0.0,-0.3666666666666667,0,0,0,0
50,recipe-visual-best,30,30,19,1.0,0.6333333333333333,5.0,2.0,203.65771357293633,60,60,199.87342244648295,203.65771357293633,0.12049257450457418,13.961487866623074,1.0,0.0,1.0,0.0,1.0,0.0,1.0,1.0,1.0,1.0,0.0,0.0,11.099148264716083,30,15.427953444243744,20.224308622807985,30,34.010363444981,159.43603385881607,14,160.31526299445818,9.99101517159982,30,36.96978039217858,19.241833313520928,30,72.5226516442745,17.477587856088295,15,32.79091414128874,110.85865988177537,0.0,-0.20000000000000007,0,0,0,0
51,earlier-selected,30,30,8,1.0,0.26666666666666666,5.233333333333333,1.7333333333333334,173.9987953194651,40,40,173.9987953194651,173.9987953194651,0.0,16.693390448005076,1.0,0.03333333333333333,1.0,0.0,1.0,0.0,1.0,0.4666666666666667,1.0,1.0,0.23333333333333334,0.23333333333333334,6.943924656963884,30,17.418412709859396,13.939877420854819,30,33.3270939874511,15.425847846057358,5,95.42756054911847,146.38050956682298,30,1006.6399611730997,290.7233922125937,30,923.5110506969163,63.012551141447084,4,265.6137255808341,29.502579817137388,0.0,-0.3333333333333333,0,0,0,0
51,recipe-model-top,30,30,14,1.0,0.4666666666666667,5.1,1.8,216.0833959954087,45,26,211.5981292231773,221.51633456827582,0.0704528117553167,13.79441321989828,1.0,0.0,1.0,0.0,1.0,0.0,1.0,0.7,1.0,1.0,0.1,0.1,3.354210880605576,30,7.269172678709534,10.972686618739127,30,20.59243098140417,159.23171425714858,7,168.90380209901844,26.223366329727774,30,181.29635327430896,38.80219778562444,30,492.97816974465024,57.44675716262721,11,5358.533697562061,24.202260647834066,0.0,-0.1333333333333333,0,0,0,0
51,recipe-visual-best,30,30,4,1.0,0.13333333333333333,5.1,1.6666666666666667,240.1278769002193,37,18,211.5981292231773,221.82405246324083,1.9796878028544,16.128640022807375,1.0,0.0,1.0,0.0,1.0,0.0,1.0,0.5666666666666667,1.0,1.0,0.1,0.1,3.193514562317573,30,5.9804190870215415,9.030756868419232,30,15.220942627127096,168.85194138794287,2,169.1191822452118,24.588275778122807,30,86.26385254653115,36.49092620971459,30,110.42346638502352,32.08006354148741,2,33.96690455050301,36.47016332728296,0.0,-0.5,0,0,0,0
52,earlier-selected,30,30,25,1.0,0.8333333333333334,6.0,3.566666666666667,149.66301422930172,104,104,149.66301422930172,149.66301422930172,0.0,70.82305520791996,1.0,0.6,1.0,0.0,1.0,0.9666666666666667,1.0,0.13333333333333333,1.0,0.8666666666666667,1.0,1.0,23.85801593391133,30,61.865460897273664,43.45906767199031,30,79.9877801584166,105.94334093186653,6,133.62297034978283,461.3267456506619,30,2663.48382865165,437.2516749340668,30,1778.835737571073,496.53501792667294,22,4844.79127044746,-24.33578109016338,0.0,0.5666666666666667,0,0,0,0
52,recipe-model-top,30,30,29,1.0,0.9666666666666667,6.0,4.066666666666666,123.39530959201325,121,102,149.66301422930172,135.4789155097108,-4.446890696046683,51.918659199628664,1.0,0.6,1.0,0.0,1.0,0.9666666666666667,1.0,0.6333333333333333,1.0,0.8666666666666667,1.0,1.0,15.404615338223389,30,31.042797947799553,39.718056216545655,30,57.51946803917026,63.828192173893456,13,156.11815455983134,192.1658568526817,30,639.1949297172272,247.66302525274438,30,701.478991090141,385.237409094585,28,5136.135130591841,-92.68808640339545,0.0,0.5,0,0,0,0
52,recipe-visual-best,30,30,27,1.0,0.9,6.0,4.066666666666666,126.72633608698081,120,100,149.66301422930172,135.2461027989857,-6.001392245778831,54.81762983445104,1.0,0.6,1.0,0.0,1.0,0.9666666666666667,1.0,0.6333333333333333,1.0,0.8666666666666667,1.0,1.0,15.361344941147223,30,28.068355071500676,36.5912146571755,30,57.08517409015989,128.73500505060417,4,157.54294781727953,202.88348917395444,30,1307.002318717412,285.8172945680941,30,652.1488376273054,390.12874358086265,24,5146.884653733213,-113.40154081323848,0.0,0.7666666666666667,0,0,0,0
53,earlier-selected,30,30,14,1.0,0.4666666666666667,6.0,4.233333333333333,105.93288434545207,127,127,105.93288434545207,105.93288434545207,0.0,48.56163432885569,1.0,0.9666666666666667,1.0,0.03333333333333333,1.0,0.9666666666666667,1.0,0.3,1.0,0.9666666666666667,1.0,1.0,23.754126836800566,30,59.37205085539132,32.35617343027978,30,66.36560477862699,137.38626720650973,11,161.95386507335576,393.3899906338246,30,1060.6749606982864,498.85889110353185,30,1749.8839456289118,1136.011162992024,9,4177.099555727224,-43.730129883849656,0.0,-0.3666666666666667,0,0,0,0
53,recipe-model-top,30,30,17,1.0,0.5666666666666667,6.0,4.366666666666666,75.12040478132974,131,121,104.08535058874843,75.52562562298053,0.185764611501952,48.47075310282029,1.0,0.9333333333333333,1.0,0.03333333333333333,1.0,0.9666666666666667,1.0,0.4666666666666667,1.0,0.9666666666666667,1.0,1.0,21.57205616277532,30,34.740687674578844,35.9430635206748,30,63.51657005422417,80.51649820984629,16,156.0847261669025,225.62365230540036,30,605.0651411009616,62.28872010369194,30,1210.0572904477826,68.69976273549035,12,4183.983258938776,-48.27490481068351,0.0,-0.4,0,0,0,0
53,recipe-visual-best,30,30,19,1.0,0.6333333333333333,6.0,4.4,74.36067636288706,132,120,104.51922547064555,77.8890638355778,0.4073592183894732,40.7222593259942,1.0,0.9666666666666667,1.0,0.0,1.0,0.9666666666666667,1.0,0.5,1.0,0.9666666666666667,1.0,1.0,18.075858214365084,30,36.82381252815358,33.36283908941692,30,45.01191004000598,39.80514416592386,16,165.02935810103003,79.44890961390922,30,527.2907158730181,58.93041499879602,30,432.59911303401685,58.93041499880428,14,514.8294270924908,-52.365659724093746,0.0,-0.2666666666666667,0,0,0,0
54,earlier-selected,30,30,21,1.0,0.7,6.0,4.666666666666667,127.00250679163551,134,134,127.00250679163551,127.00250679163551,0.0,64.07326053947845,1.0,0.8,1.0,0.9,1.0,1.0,1.0,0.0,1.0,0.9666666666666667,1.0,1.0,32.69041259051297,30,116.51411815431858,27.16086432974681,30,50.88808033885908,152.10141173270927,9,166.5481651825739,169.80815105488472,30,4084.3508583070607,106.74896401381048,30,948.6329183836119,99.39868684509355,13,5065.891059052402,21.069622446183445,0.0,0.23333333333333328,0,0,0,0
54,recipe-model-top,30,30,18,1.0,0.6,6.0,4.566666666666666,116.70894661539884,133,129,123.83107315036337,115.21023391097643,0.02349820158644178,55.034794844803606,1.0,0.8,1.0,0.8333333333333334,1.0,0.9666666666666667,1.0,0.0,1.0,0.9666666666666667,1.0,1.0,32.62876392341447,30,114.19800141659651,26.55122469333567,30,46.70958762610297,86.23554080838417,10,156.90150786420952,147.82722505104354,30,2739.88035148487,89.66470435916048,30,977.0139505346777,66.51433896646941,12,854.5703086019893,41.588541834069105,0.0,0.033333333333333326,0,0,0,0
54,recipe-visual-best,30,30,18,1.0,0.6,6.0,4.433333333333334,126.21294152784387,129,126,133.80227805401069,124.34357114099805,0.1221845755510067,51.979805651070876,1.0,0.6333333333333333,1.0,0.8666666666666667,1.0,0.9666666666666667,1.0,0.0,1.0,0.9666666666666667,1.0,1.0,33.80101520816367,30,108.75305306258424,34.9437463831502,30,46.47399124721163,46.63963370810306,11,158.25248197594988,164.47092909787224,30,2447.700595617811,80.68828031840785,30,1004.2861393936128,61.9382620029295,11,245.52561889191347,51.852265164956805,0.0,-0.033333333333333326,0,0,0,0
55,earlier-selected,30,30,27,1.0,0.9,6.0,4.866666666666666,129.7393144273497,141,141,129.7393144273497,129.7393144273497,0.0,63.34780353128488,1.0,1.0,1.0,1.0,1.0,0.9,1.0,0.06666666666666667,1.0,0.9,1.0,1.0,50.12106871438395,30,517.9154153787705,43.814968246080475,30,67.63205757304809,118.0803958068078,18,140.8338111182811,189.33067678510213,30,5813.9875843371765,128.23526494117345,30,493.93797583210613,97.80736893899369,25,3109.3708002743233,2.7368076357142,0.0,0.20000000000000007,0,0,0,0
55,recipe-model-top,30,30,28,1.0,0.9333333333333333,6.0,4.833333333333333,131.82801329204074,140,138,126.55562698965909,127.49981534768901,-0.3663672661865869,59.39380266368656,1.0,1.0,1.0,1.0,1.0,0.9,1.0,0.03333333333333333,1.0,0.9,1.0,1.0,48.341609714210975,30,446.2478544583829,37.12609894030724,30,63.95085399434455,75.73314455208538,16,142.08285918994972,180.65271050829654,30,17353.99049757131,83.47391478447497,30,401.32266672973003,128.2760967828586,26,951.3280541196311,15.119066676641893,0.0,0.33333333333333337,0,0,0,0
55,recipe-visual-best,30,30,27,1.0,0.9,6.0,4.833333333333333,133.33302445454171,139,138,126.55562698965909,131.84714694239588,-0.05991807303677277,59.26248898730013,1.0,1.0,1.0,1.0,1.0,0.9,1.0,0.03333333333333333,1.0,0.9,1.0,1.0,41.07695191716431,30,465.1798554985609,37.11082253165965,30,64.605558242028,63.7902309103715,15,139.51439810734715,216.8632196678921,30,16476.206387917555,125.45078937884252,30,572.4923522634303,168.96658626616505,24,824.5420845192324,7.120082926697847,0.0,0.30000000000000004,0,0,0,0
56,earlier-selected,30,30,20,1.0,0.6666666666666666,6.0,4.3,112.78254362155107,129,129,112.78254362155107,112.78254362155107,0.0,113.11422428857334,1.0,1.0,1.0,0.9,1.0,0.8666666666666667,1.0,0.2,1.0,0.3333333333333333,1.0,1.0,44.36190013431592,30,472.3269735703252,48.92804925685591,30,72.0666882309754,71.8113639200018,17,169.46667524999353,189.49564180879054,30,574.3181314770801,142.83558633977327,30,309.5405398463127,195.62740377911882,16,5226.908649985798,-16.95677080579864,0.0,-0.2333333333333334,0,0,0,0
56,recipe-model-top,30,30,21,1.0,0.7,6.0,4.3,111.61517565694847,129,125,112.55498132329026,111.61517565694847,0.17152854366857184,115.21318251517665,1.0,1.0,1.0,0.9,1.0,0.9,1.0,0.16666666666666666,1.0,0.3333333333333333,1.0,1.0,50.83936851907541,30,479.7751712222235,46.18666924923675,30,70.14711780529159,66.02616073415544,20,128.80063051775625,157.54674107771785,30,570.0523060194286,64.37366416841903,30,252.4708382676986,45.297261683806184,15,207.0445302756206,-20.21283763509227,0.0,-0.2333333333333334,0,0,0,0
56,recipe-visual-best,30,30,25,1.0,0.8333333333333334,6.0,4.466666666666667,112.94869796931238,134,124,112.66876247242067,116.5296426104097,1.2047638876296816,111.96462606122147,1.0,1.0,1.0,1.0,1.0,0.9,1.0,0.23333333333333334,1.0,0.3333333333333333,1.0,1.0,36.34294864250782,30,485.7992096993393,45.55176375890776,30,79.27070199755592,70.04617198304365,24,115.03607093386421,173.26994297524675,30,1576.648513596936,78.84423290241577,30,492.4618859534829,66.42705947005018,21,548.0168100999654,-20.384326485229337,0.0,-0.06666666666666665,0,0,0,0
57,earlier-selected,30,30,24,1.0,0.8,6.0,5.0,45.55456916902247,150,150,45.55456916902247,45.55456916902247,0.0,50.26573356088707,1.0,1.0,1.0,1.0,1.0,1.0,1.0,0.0,1.0,1.0,1.0,1.0,18.255965794519618,30,50.3750347995066,21.15661525319911,30,29.77238635554939,24.767095912151852,16,165.62057649602212,15.26493184513075,30,101.33245977330643,40.47814649678057,30,252.5691622288321,25.40172188864811,17,75.19549049309134,-67.2279744525286,0.0,0.13333333333333341,0,0,0,0
57,recipe-model-top,30,30,23,1.0,0.7666666666666667,6.0,5.0,45.45825606368724,150,150,45.55456916902247,45.45825606368724,-0.09371187975987283,50.025126198171904,1.0,1.0,1.0,1.0,1.0,1.0,1.0,0.0,1.0,1.0,1.0,1.0,19.184412701412185,30,50.58536092015701,20.683774848830716,30,26.304473251389833,21.587719469164874,16,37.24806384315772,15.865288824267546,30,79.14867932722757,43.29533636210332,30,197.3669793047063,24.26970416797959,16,166.33094003631882,-66.15691959326122,0.0,0.06666666666666676,0,0,0,0
57,recipe-visual-best,30,30,27,1.0,0.9,6.0,5.0,42.80071150411135,150,150,45.55456916902247,42.80071150411135,-0.5377706517969827,47.98910306266802,1.0,1.0,1.0,1.0,1.0,1.0,1.0,0.0,1.0,1.0,1.0,1.0,20.187644929222817,30,36.188951384708815,23.702287060909242,30,31.994315422425107,23.083830848137804,23,40.97553470949891,15.20159696028199,30,129.78970306074612,30.616429581197508,30,193.4611227705968,25.67126389766861,24,88.88541145996575,-70.14798646520103,0.0,0.06666666666666665,0,0,0,0
58,earlier-selected,30,30,26,1.0,0.8666666666666667,6.0,3.8666666666666667,63.555125395723906,116,116,63.555125395723906,63.555125395723906,0.0,53.85484195083937,1.0,1.0,1.0,1.0,1.0,1.0,1.0,0.0,1.0,0.36666666666666664,1.0,0.5,8.045741837985679,30,40.431371274123656,13.340065938387426,30,52.82491928725754,18.52518649791663,20,54.07359217842306,162.24245573683697,30,991.276480651788,202.0126010652005,30,472.83169572498105,174.04481413752748,22,448.9340904923202,18.000556226701434,0.0,0.06666666666666665,0,0,0,0
58,recipe-model-top,30,30,29,1.0,0.9666666666666667,6.0,3.7,76.0627490888531,111,110,63.734192378502286,73.68207639910429,-0.9634312804539384,53.44968032652564,1.0,1.0,1.0,0.8333333333333334,1.0,1.0,1.0,0.0,1.0,0.36666666666666664,1.0,0.5,8.893072788636927,30,17.1586099301242,14.169984711946771,30,38.84818403912655,9.811287297341647,23,39.255793815622035,149.9004100222611,30,674.1186483107728,216.9782326747969,30,1086.692331465567,198.3678704678992,28,1401.9059170617506,30.60449302516586,0.0,0.19999999999999996,0,0,0,0
58,recipe-visual-best,30,30,17,1.0,0.5666666666666667,6.0,3.8666666666666667,74.59451419253423,116,115,63.45416408207744,74.49433029595902,6.252956893367511,55.619656654417156,1.0,1.0,1.0,1.0,1.0,1.0,1.0,0.0,1.0,0.36666666666666664,1.0,0.5,8.969865545301467,30,15.459656272733195,13.107332037141841,30,44.93974874118181,27.079589168570983,17,153.4394797130846,254.6093759207485,30,660.6186295920212,232.3436089589594,30,1132.541785332016,214.2087000127795,12,5133.173731863476,31.793802688422886,0.0,-0.33333333333333337,0,0,0,0
59,earlier-selected,30,30,25,1.0,0.8333333333333334,5.366666666666666,3.3333333333333335,58.04785821836742,100,100,58.04785821836742,58.04785821836742,0.0,37.95922186934318,1.0,1.0,1.0,1.0,1.0,1.0,1.0,0.0,1.0,0.0,0.36666666666666664,0.3333333333333333,10.312037286471558,30,42.68420251646416,11.214748501109845,30,46.678258201719586,10.879162862663353,21,49.90286704465213,21.4493722828067,30,96.67619599663786,24.782814152512405,30,59.605170673127596,19.18933783346782,21,77.30898491760627,-5.507267177356482,0.0,-0.033333333333333326,0,0,0,0
59,recipe-model-top,30,30,20,1.0,0.6666666666666666,5.366666666666666,2.3333333333333335,98.12961460206552,70,70,64.91813667212696,98.12961460206552,18.91526564622255,24.980630284317378,1.0,1.0,1.0,0.0,1.0,1.0,1.0,0.0,1.0,0.0,0.36666666666666664,0.3333333333333333,9.236269108541002,30,15.191055530697954,7.120100404150005,30,40.50166762009651,5.6940683286465354,20,47.38472420110017,16.82263036574111,30,110.427778399387,18.57831759305479,30,56.806418517198246,19.248328702427795,18,54.974409933795364,22.06686551321242,0.0,-0.30000000000000004,0,0,0,0
59,recipe-visual-best,30,30,18,1.0,0.6,5.366666666666666,3.3333333333333335,60.079009494549496,100,100,58.04785821836742,60.079009494549496,1.1722804149571182,49.86620687590501,1.0,1.0,1.0,1.0,1.0,1.0,1.0,0.0,1.0,0.0,0.36666666666666664,0.3333333333333333,9.721677887900078,30,35.34420457486453,11.69283282713177,30,47.53759252513596,11.094056187768777,10,170.80473699985546,22.76943956415785,30,147.06138244089558,22.919558409297352,30,60.673657021027445,24.99345506422182,15,68.182831586455,-14.515504697984738,0.0,0.033333333333333326,0,0,0,0
60,earlier-selected,30,30,5,1.0,0.16666666666666666,5.0,3.3333333333333335,85.03847401168471,100,100,85.03847401168471,85.03847401168471,0.0,95.6396698825605,1.0,1.0,1.0,1.0,1.0,1.0,1.0,0.0,1.0,0.3333333333333333,0.0,0.0,33.37434175204302,30,45.77362726784037,19.26905785289723,30,67.27212167152086,160.55112196728254,4,161.05804536651408,25.236878058695197,30,1256.2681337266129,18.291788108520734,30,942.9983655359591,60.914131394389045,4,3763.7603705687307,26.99061579331729,0.0,-0.6666666666666667,0,0,0,0
60,recipe-model-top,30,30,13,1.0,0.43333333333333335,5.0,2.3333333333333335,94.65363876542139,70,70,81.6506931406438,94.65363876542139,2.914093877888174,25.598155182919164,1.0,1.0,1.0,0.0,1.0,1.0,1.0,0.0,1.0,0.3333333333333333,0.0,0.0,9.05592829532377,30,22.65445327201641,13.584840592624532,30,40.677167407083495,165.7949925561698,5,165.99111419375166,16.99241309126844,30,586.2153602512126,14.81841723078255,30,325.0984408057584,21.675151308071435,10,969.1488416528293,-3.4759758366441247,0.0,-0.23333333333333328,0,0,0,0
60,recipe-visual-best,30,30,10,1.0,0.3333333333333333,5.0,3.3333333333333335,41.22668664767376,100,100,85.03847401168471,41.22668664767376,-23.61035664838894,49.43563108156438,1.0,1.0,1.0,1.0,1.0,1.0,1.0,0.0,1.0,0.3333333333333333,0.0,0.0,12.7545745682262,30,50.45736368762471,15.347708256047842,30,42.71229380905282,2.1702404158322888,3,132.29633768192556,20.345317404617035,30,299.7016613246862,13.927116157663765,30,301.43655918310617,23.253523505300645,9,1084.412217280486,-18.852322846875737,0.0,-0.26666666666666666,0,0,0,0
61,earlier-selected,30,30,27,1.0,0.9,5.0,3.0,87.85609380442901,90,90,87.85609380442901,87.85609380442901,0.0,100.09441277738105,1.0,1.0,1.0,1.0,1.0,1.0,1.0,0.0,1.0,0.0,0.0,0.0,5.8274992010755575,30,51.311738810041625,3.593971286186509,30,36.8167306157105,175.5686370934021,5,177.41499584689905,33.69430945615372,30,135.6595802700026,21.75783993679081,30,107.41833137666332,22.851959735438573,25,120.83380613353599,2.8176197927442956,0.0,0.7333333333333334,0,0,0,0
61,recipe-model-top,30,30,30,1.0,1.0,5.0,2.0,81.55561059514751,60,60,76.656555898562,81.55561059514751,4.239898930379756,25.32806305809395,1.0,1.0,1.0,0.0,1.0,1.0,1.0,0.0,1.0,0.0,0.0,0.0,3.5915105279132566,30,23.268504887011375,4.837572444953433,30,15.287970563113468,5.026346005982089,13,166.00666506025559,42.60013084365961,30,76.54847154733466,64.4190536634475,30,104.43846953527357,64.41905366345256,30,104.43846953527103,-13.098028170273878,0.0,0.5666666666666667,0,0,0,0
61,recipe-visual-best,30,30,30,1.0,1.0,5.0,3.0,57.725594084407646,90,90,87.85609380442901,57.725594084407646,-32.63009900119823,55.95070864410626,1.0,1.0,1.0,1.0,1.0,1.0,1.0,0.0,1.0,0.0,0.0,0.0,7.096281682851412,30,10.265979185096137,6.643265190668206,30,18.053755535233034,3.573948414962142,10,22.912679555035602,62.30136389454499,30,93.00379699968356,51.54262579315669,30,126.19269135518827,51.54262579315976,30,126.19269135518591,16.498907436733887,0.0,0.6666666666666667,0,0,0,0
62,earlier-selected,30,30,24,1.0,0.8,5.2,3.2,88.22637854048935,96,96,88.22637854048935,88.22637854048935,0.0,99.2624780112912,1.0,1.0,1.0,1.0,1.0,1.0,1.0,0.0,1.0,0.0,0.2,0.2,4.8438798718069656,30,56.7979056073001,2.6192601563691675,30,55.981447129980154,2.1436558864431228,21,6.676811508101392,85.55031624635168,30,257.46322422688746,46.60677184431776,30,139.33945083859464,49.67387204624538,24,135.262710741041,0.3702847360603414,0.0,-0.09999999999999998,0,0,0,0
62,recipe-model-top,30,30,29,1.0,0.9666666666666667,5.2,2.2,108.94725182152027,66,66,78.85456156391817,108.94725182152027,20.549946489689262,25.535240747506364,1.0,1.0,1.0,0.0,1.0,1.0,1.0,0.0,1.0,0.0,0.2,0.2,2.4912124581004056,30,71.19776434130354,3.330947023853538,30,31.47601337238083,3.2047273411672506,29,31.362063568584016,23.639971953866603,30,332.63850611436055,24.2318557093522,30,104.97257426880593,22.205126104166098,28,112.9132743940433,27.391641226372755,0.0,-0.033333333333333326,0,0,0,0
62,recipe-visual-best,30,30,24,1.0,0.8,5.2,3.2,53.02452630852254,96,96,88.22637854048935,53.02452630852254,-11.03136622088914,54.17430418772034,1.0,1.0,1.0,1.0,1.0,1.0,1.0,0.0,1.0,0.0,0.2,0.2,4.7606654128246735,30,23.091183830673444,3.610647184884513,30,33.02705517917179,2.093242286169032,24,5.836963581444553,46.98429047456927,30,352.7831714977524,33.89904849936758,30,280.60154913620875,30.43067589899584,24,206.0550015503514,-4.701067775885107,0.0,-0.19999999999999996,0,0,0,0
63,earlier-selected,30,30,9,1.0,0.3,5.7,3.8666666666666667,79.97089949815025,115,115,79.97089949815025,79.97089949815025,0.0,40.176426001159975,1.0,1.0,1.0,0.9333333333333333,1.0,1.0,1.0,0.13333333333333333,1.0,0.1,0.7,0.7,37.2425610040951,30,61.962772067424496,51.473447849981575,30,69.0497431401524,53.13985204027112,8,138.90780176349833,170.48148343347418,30,826.2549929087613,160.81604710929253,30,745.1142381018055,481.17304150653433,5,3400.5329804123785,-8.255479042339104,0.0,-0.5,0,0,0,0
63,recipe-model-top,30,30,16,1.0,0.5333333333333333,5.7,3.2,110.40591057451937,94,88,72.03468591581526,110.40591057451937,1.3129466971575496,71.94632675702935,1.0,1.0,1.0,0.13333333333333333,1.0,1.0,1.0,0.26666666666666666,1.0,0.1,0.7,0.7,35.69654799656013,30,106.44327550806426,33.11756654784447,30,42.485206510779086,33.30376579820009,16,97.79526162809678,352.10719893065857,30,2276.022707780933,160.3728568082088,30,888.8490648667664,214.69127960261542,9,2107.7908208234203,1.4586587529990993,0.0,-0.43333333333333335,0,0,0,0
63,recipe-visual-best,30,30,17,1.0,0.5666666666666667,5.7,4.033333333333333,78.92137446129315,119,113,79.97089949815025,73.31378501348235,-0.53284763422681,38.371355177368216,1.0,1.0,1.0,0.9333333333333333,1.0,1.0,1.0,0.3,1.0,0.1,0.7,0.7,22.053661385970695,30,44.927889437892276,34.83787548098705,30,69.79403346891404,45.528112549677914,13,147.62460551695352,165.28582586876377,30,969.018935930479,153.48474180021054,30,823.8822965493312,142.85718583452498,10,1721.9811810685183,25.896848152770616,0.0,-0.2333333333333334,0,0,0,0
64,earlier-selected,30,30,11,1.0,0.36666666666666664,6.0,4.3,166.94828097407117,125,125,166.94828097407117,166.94828097407117,0.0,36.262681912563025,1.0,0.8,1.0,1.0,1.0,0.7666666666666667,1.0,0.03333333333333333,1.0,0.7,1.0,1.0,33.25967638553013,30,44.01038983901266,49.92559749884227,30,88.67870586869661,87.60786226689876,3,104.69717674797953,31.02063053810552,30,458.72252097256114,51.543156539689406,30,365.52704224502435,49.00637005402665,8,385.78261162495363,86.97738147592092,0.0,0.06666666666666665,0,0,0,0
64,recipe-model-top,30,30,8,1.0,0.26666666666666666,6.0,3.6333333333333333,145.17764258775557,105,100,129.39876108387966,125.06100811015084,5.61253498721131,32.374390466481344,1.0,0.8,1.0,0.23333333333333334,1.0,0.7666666666666667,1.0,0.13333333333333333,1.0,0.7,1.0,1.0,39.67224916841168,30,77.03739555333274,34.345053956568464,30,84.71933959215605,33.93824352745044,3,108.70812777110244,72.69282991728656,30,1422.6735253507973,71.94660556853408,30,1729.177959847109,2304.059400164163,4,3672.3828973342847,34.7717320132362,0.0,-0.26666666666666666,0,0,0,0
64,recipe-visual-best,30,30,10,1.0,0.3333333333333333,6.0,4.366666666666666,172.60057500175122,127,125,166.94828097407117,166.6555912312121,0.8209649732419848,35.73073653224789,1.0,0.8,1.0,1.0,1.0,0.7666666666666667,1.0,0.1,1.0,0.7,1.0,1.0,31.900055586246275,30,45.86384474913682,48.70229763349907,30,85.64710149919652,82.57107320434542,6,89.42191487654753,74.39617752351184,30,587.2312109465893,80.49956405681706,30,906.3319172438407,875.4185341905895,7,990.2311903886533,93.67920054045807,0.0,-0.23333333333333334,0,0,0,0
65,earlier-selected,30,30,20,1.0,0.6666666666666666,6.0,3.3333333333333335,135.44567456618486,99,99,135.44567456618486,135.44567456618486,0.0,34.45508313429667,1.0,0.2,1.0,1.0,1.0,0.26666666666666666,1.0,0.8666666666666667,1.0,0.3333333333333333,1.0,0.6666666666666666,16.566370961982084,30,30.904265796846353,65.03407050079646,30,78.7370346332915,74.55278815806219,6,93.49188763091662,87.27135384740224,30,367.1884021104703,214.83814898290453,30,1022.5582512588479,158.8107752755184,14,1157.9984882259623,-31.502606407886304,0.0,0.3,0,0,0,0
65,recipe-model-top,30,30,23,1.0,0.7666666666666667,6.0,2.5,112.60453509394009,68,64,115.01797382193189,116.48629102873673,-4.362071853878163,52.748364177680926,1.0,0.2,1.0,0.13333333333333333,1.0,0.3333333333333333,1.0,0.9,1.0,0.3333333333333333,1.0,0.6,34.33327302167407,30,70.33153065950978,35.85805136535278,30,68.00573514226075,71.22532368288759,6,136.57683205792566,389.234620442651,30,1584.1209136486923,310.3790941253277,30,1821.8846991639127,214.3379960007376,18,4212.3363116132,-32.573107493815485,0.0,0.5,0,0,0,0
65,recipe-visual-best,30,30,24,1.0,0.8,6.0,3.3333333333333335,110.915590012134,100,96,137.7305238600917,119.59317735696644,-0.013522653734655776,34.15870579274552,1.0,0.16666666666666666,1.0,1.0,1.0,0.3333333333333333,1.0,0.9,1.0,0.3333333333333333,1.0,0.6,17.29553474875511,30,28.97352624909381,65.73875470653456,30,77.46251948560801,58.31963694382868,6,73.4981864486391,92.4991457596488,30,348.042833158774,160.7671020356031,30,1018.4413832660344,145.40129606558298,21,1205.1499390409624,-61.68498498961722,0.0,0.46666666666666673,0,0,0,0
66,earlier-selected,29,29,28,1.0,0.9655172413793104,6.0,4.9655172413793105,89.81203672159842,144,144,89.81203672159842,89.81203672159842,0.0,45.1414441864029,1.0,1.0,1.0,1.0,1.0,1.0,1.0,0.0,1.0,0.9655172413793104,1.0,1.0,11.447656484970262,29,21.385603210595942,61.930747229370844,29,77.36802962400073,69.07186072161207,20,82.822861927297,18.146135111453695,29,32.3249797313338,75.10729690806306,29,174.00877940738948,75.10729690805869,27,199.462792261498,-45.633637844586445,0.0,0.29885057471264376,0,0,0,0
66,recipe-model-top,29,29,28,1.0,0.9655172413793104,6.0,3.9655172413793105,106.71839010174533,115,115,96.1820983854328,106.71839010174533,33.24202414335571,74.27881963037731,1.0,1.0,1.0,0.0,1.0,1.0,1.0,0.0,1.0,0.9655172413793104,1.0,1.0,18.016205080757157,29,34.38262019382494,25.582327454179655,29,66.81853609614623,25.58232745417964,21,113.71521866121579,37.11998769062493,29,82.05312653920416,30.5708968530123,29,125.87058729140271,31.930515664981247,28,129.58828314836146,-5.886144992194758,0.0,0.19885057471264367,0,0,0,0
66,recipe-visual-best,29,29,26,1.0,0.896551724137931,6.0,4.9655172413793105,90.49461283208186,144,144,89.81203672159842,90.49461283208186,0.03874267980242507,45.31389796587356,1.0,1.0,1.0,1.0,1.0,1.0,1.0,0.0,1.0,0.9655172413793104,1.0,1.0,11.810062215529907,29,21.461189414664354,61.77959475135744,29,76.71434889096207,64.13995129390088,22,78.96202096638002,19.3217283690595,29,78.86091381407896,90.10465473644545,29,235.46382768893372,65.91411305014555,24,151.74319514750067,-20.420977180052148,0.0,0.096551724137931,0,0,0,0
67,earlier-selected,30,30,11,1.0,0.36666666666666664,5.7,4.7,87.50952969270648,141,141,87.50952969270648,87.50952969270648,0.0,42.29986541642033,1.0,1.0,1.0,1.0,1.0,1.0,0.7,0.0,1.0,0.7,1.0,1.0,4.640540166351112,30,7.591807651379007,13.151850085900627,30,32.07896100928922,8.389781307965855,10,148.1092247233949,63.97804967021219,30,85.35003367991737,189.47315868762365,30,296.1851912645044,152.58073329277642,6,231.17195150373405,-2.302507028891938,0.0,-0.5988505747126438,0,0,0,0
67,recipe-model-top,30,30,21,1.0,0.7,5.7,3.7666666666666666,77.95206761060479,113,113,66.38441359056915,77.95206761060479,22.953739019035545,67.93013182290946,1.0,1.0,1.0,0.06666666666666667,1.0,1.0,0.7,0.0,1.0,0.7,1.0,1.0,10.47186747887095,30,24.269700303361308,11.305558873653442,30,42.11077418750173,9.449711180757596,21,39.07849849816628,650.4449536309526,30,812.6782827064823,382.26359603424686,30,634.4350999269344,375.73254490103034,18,490.26733838820815,-28.766322491140542,0.0,-0.26551724137931043,0,0,0,0
67,recipe-visual-best,30,30,18,1.0,0.6,5.833333333333333,4.8,84.27022123908422,144,141,87.50952969270648,85.4278020676785,0.05641552188345145,42.53883145848414,1.0,1.0,1.0,1.0,1.0,1.0,0.8333333333333334,0.1,1.0,0.7,1.0,1.0,4.158578740557882,30,7.466468237005414,12.268861414840686,30,32.517425525796114,8.244231977694833,16,79.7917620288064,69.34215717207704,30,179.63466199413034,183.2990961798314,30,293.59053322983993,212.47868361331496,14,294.7470229871521,-6.224391592997634,0.0,-0.29655172413793107,0,0,0,0
68,earlier-selected,30,30,9,1.0,0.3,5.7,4.433333333333334,38.42108594465649,128,128,38.42108594465649,38.42108594465649,0.0,45.85345332639056,1.0,1.0,1.0,1.0,1.0,1.0,0.7,0.13333333333333333,1.0,0.3,1.0,1.0,8.694856915898221,30,24.36107096424536,13.735937546383859,30,19.891769721863305,162.25396135543326,3,167.18844807734848,46.31945997755393,30,368.8313507694188,50.590849017368136,30,243.92937969949398,46.36431837017995,5,85.93279931176188,-49.08844374804999,0.0,-0.06666666666666665,0,0,0,0
68,recipe-model-top,30,30,12,1.0,0.4,5.866666666666666,3.4,72.3672222432612,95,94,30.578500544213803,72.2151847973438,17.595525411136506,38.65236569908979,1.0,1.0,1.0,0.06666666666666667,1.0,1.0,0.8666666666666667,0.03333333333333333,1.0,0.3,1.0,1.0,20.17474622278597,30,42.313127473264,35.74036674424961,30,67.19471602076185,134.43681284748405,9,145.3876631422707,33.80573334733257,30,1299.5336994241563,47.77220096342481,30,2028.5748514538507,46.07633050038474,8,2725.593676392341,-5.58484536734359,0.0,-0.29999999999999993,0,0,0,0
68,recipe-visual-best,30,30,6,1.0,0.2,6.0,4.633333333333334,46.425749099939694,134,125,37.35036468887803,47.11596607574751,8.835275075314847,50.449992248189716,1.0,1.0,1.0,1.0,1.0,1.0,1.0,0.3333333333333333,1.0,0.3,1.0,1.0,11.427460983229144,30,27.37002276105046,14.294089533698918,30,20.811429245239545,24.622553781122388,3,135.35926294898854,89.20600386663726,30,1245.8453305295734,38.20567721530914,30,158.7507937945648,44.65174351350909,3,52.223874439140516,-37.84447213914453,0.0,-0.39999999999999997,0,0,0,0
69,earlier-selected,30,30,7,1.0,0.23333333333333334,6.0,4.766666666666667,60.93238676881349,143,143,60.93238676881349,60.93238676881349,0.0,44.13048858959375,1.0,1.0,1.0,1.0,1.0,1.0,1.0,0.26666666666666666,1.0,0.5,1.0,1.0,5.630965955192937,30,31.80384042859387,10.237135454929707,30,36.50979927618683,13.319639445505459,6,36.0018260039357,48.78942575763169,30,195.55460309800733,95.71745467583324,30,291.0178294054716,9.98150812534334,6,61.252357135520946,22.511300824156997,0.0,-0.06666666666666665,0,0,0,0
69,recipe-model-top,30,30,12,1.0,0.4,6.0,4.266666666666667,81.61359248641264,128,114,53.24411229495661,71.26917101127258,2.965520288503229,47.00639359539872,1.0,1.0,1.0,0.03333333333333333,1.0,1.0,1.0,0.7333333333333333,1.0,0.5,1.0,1.0,10.999159853269273,30,47.679305464081864,16.636657430043442,30,54.392518100100325,54.006431030843025,3,146.28259524641132,74.11265502763203,30,398.41627515561197,67.94393950105334,30,339.7393455408392,129.85224092284798,8,246.54477733320837,9.246370243151446,0.0,0.0,0,0,0,0
69,recipe-visual-best,30,30,7,1.0,0.23333333333333334,6.0,5.2,70.29284594677509,156,142,59.31117900235107,65.11818298779184,0.1867632540181221,46.56687814676224,1.0,1.0,1.0,1.0,1.0,1.0,1.0,0.7,1.0,0.5,1.0,1.0,10.422708517652065,30,32.50154395423235,14.711343598982603,30,35.91194435066076,11.748343199475563,5,28.152192553560816,55.19538451949377,30,155.20187765895918,50.76472988368201,30,253.76000883426383,12.936491710512765,6,52.51148480140364,23.867096846835395,0.0,0.033333333333333326,0,0,0,0
70,earlier-selected,30,30,21,1.0,0.7,6.0,4.5,173.8511709773303,127,127,173.8511709773303,173.8511709773303,0.0,53.568799970674746,1.0,0.8333333333333334,1.0,1.0,1.0,0.6,1.0,0.13333333333333333,1.0,0.9333333333333333,1.0,1.0,42.88548615879083,30,68.02404782847293,42.028925403232236,30,62.07064148903249,40.15957996541172,6,53.0484489675222,143.18137090209262,30,1614.594701985636,143.49835184956316,30,684.6079266642384,398.71877241717107,18,689.3562863801776,112.91878420851681,0.0,0.4666666666666666,0,0,0,0
70,recipe-model-top,30,30,19,1.0,0.6333333333333333,6.0,4.2,258.87260368642444,126,112,183.30889289764798,255.88257339572,41.5261549825819,62.841343566252036,1.0,0.9333333333333333,1.0,0.6333333333333333,1.0,0.5666666666666667,1.0,0.13333333333333333,1.0,0.9333333333333333,1.0,1.0,27.965268672102653,30,43.65681769107287,28.87687072822675,30,65.96358224877392,40.3773560738282,8,157.41534336808303,484.4692999071614,30,1232.1880521601138,800.6673007132891,30,1544.6096821713652,776.24367714478,11,1547.1431245953906,177.2590112000118,0.0,0.23333333333333328,0,0,0,0
70,recipe-visual-best,30,30,20,1.0,0.6666666666666666,6.0,4.433333333333334,162.9036342438842,125,120,172.15142330500902,164.5729392432236,-0.08310906489341363,53.83890470399779,1.0,0.8,1.0,1.0,1.0,0.5666666666666667,1.0,0.13333333333333333,1.0,0.9333333333333333,1.0,1.0,40.47128270790259,30,47.67339978013906,37.90138522497729,30,49.09273289779802,40.7954826015847,5,53.14491579415622,84.50182557392422,30,1304.582287418406,96.38631289822263,30,647.5250029191832,115.86993954961349,19,653.6408262145729,92.61078829710911,0.0,0.4333333333333333,0,0,0,0
71,earlier-selected,30,30,9,1.0,0.3,6.0,4.9,100.66881876436051,123,123,100.66881876436051,100.66881876436051,0.0,62.317369189029606,1.0,1.0,1.0,0.9666666666666667,1.0,0.9333333333333333,1.0,0.0,1.0,1.0,1.0,1.0,15.309211980420372,30,58.308384639301615,6.772182587480818,30,19.710126722503723,17.620311730489647,5,20.58740466464738,29.264791694105284,30,181.45583994248742,23.392643051877606,30,52.03326275757366,51.44872815082533,2,78.39767426871495,-73.18235221296979,0.0,-0.39999999999999997,0,0,0,0
71,recipe-model-top,30,30,15,1.0,0.5,6.0,3.8666666666666667,174.11363578143215,103,91,134.09947561025922,169.26339236055898,40.108701402954935,48.704829815495486,1.0,1.0,1.0,0.0,1.0,0.8666666666666667,1.0,0.0,1.0,1.0,1.0,1.0,18.523108990849117,30,40.66894081287422,22.03692063866098,30,59.234155200214175,54.924895667508025,10,151.52194418123366,27.071149206219825,30,70.02181025969676,26.332088269433395,30,63.95645436754555,23.315658816678894,9,72.60634391557969,-84.75896790499229,0.0,-0.1333333333333333,0,0,0,0
71,recipe-visual-best,30,30,15,1.0,0.5,6.0,4.833333333333333,97.66463389685757,117,115,98.69096529876981,97.88905660828058,-0.6112835697481742,67.37512297389725,1.0,0.9666666666666667,1.0,1.0,1.0,0.8666666666666667,1.0,0.0,1.0,1.0,1.0,1.0,9.949063176729195,30,62.65409463593579,7.600024964519781,30,22.60563284916755,8.479428223922126,11,33.74086580934294,49.37096344430723,30,912.6687056839435,38.868324200781174,30,695.6218189855136,51.94095894611537,9,199.22922227032205,-65.23900034702663,0.0,-0.16666666666666663,0,0,0,0
72,earlier-selected,30,30,16,1.0,0.5333333333333333,6.0,5.0,105.0585032474695,120,120,105.0585032474695,105.0585032474695,0.0,71.46278890208495,1.0,1.0,1.0,1.0,1.0,1.0,1.0,0.0,1.0,1.0,1.0,1.0,6.275561921341485,30,104.1796911686396,5.931521066563327,30,12.641480058161216,5.722941886167419,7,10.793814919614187,47.67334336956124,30,1848.5310852378052,23.315861294245252,30,83.8017244429965,20.14509746464789,12,60.51681417023296,4.389684483108994,0.0,0.23333333333333334,0,0,0,0
72,recipe-model-top,30,30,21,1.0,0.7,6.0,4.6,198.14148985820117,128,107,106.23097311758137,162.06224806427036,52.30040031042141,52.19277972244777,1.0,1.0,1.0,0.6,1.0,1.0,1.0,0.0,1.0,1.0,1.0,1.0,9.39716791250534,30,54.6905535096065,20.89361185414909,30,51.91410314752258,5.544321447822975,9,14.837902964890995,85.0260209234209,30,1630.947453351549,135.63401187152218,30,1145.962830867907,30.91570136485128,19,867.5670237880263,24.027854076769017,0.0,0.19999999999999996,0,0,0,0
72,recipe-visual-best,30,30,14,1.0,0.4666666666666667,6.0,5.0,108.77112676082115,120,120,105.0585032474695,108.77112676082115,-0.27174808427098895,70.36209203507292,1.0,1.0,1.0,1.0,1.0,1.0,1.0,0.0,1.0,1.0,1.0,1.0,7.858855472428424,30,80.13027736291208,6.748651182311831,30,21.752318561412253,19.56138266992371,8,22.109827480489535,49.21072833731705,30,3010.9793569038793,31.879808300129216,30,128.69917939559247,27.907994664195627,12,414.8142416938275,11.106492863963581,0.0,-0.033333333333333326,0,0,0,0
73,earlier-selected,30,30,7,1.0,0.23333333333333334,6.0,4.966666666666667,154.18212402830932,145,145,154.18212402830932,154.18212402830932,0.0,51.24529000452485,1.0,1.0,1.0,1.0,1.0,1.0,1.0,0.0,1.0,0.9666666666666667,1.0,1.0,45.268013790553574,30,178.30921015208105,20.879286683701302,30,35.650129335227994,25.286827525771596,4,26.421906295969812,402.6832167683524,30,4749.719441159817,154.8833182053345,30,1249.9298820043207,729.1898368711209,4,3980.6001314860728,49.123620780839815,0.0,-0.3,0,0,0,0
73,recipe-model-top,30,30,20,1.0,0.6666666666666666,6.0,4.666666666666667,159.4827856421197,139,136,153.32816752824976,159.3302823603724,-0.6652013170589726,46.01371093902244,1.0,1.0,1.0,0.7,1.0,1.0,1.0,0.0,1.0,0.9666666666666667,1.0,1.0,35.058929656771255,30,55.562903637887196,25.14521194876317,30,52.812789468731076,52.876445054335626,15,159.05171234819588,63.0227780075258,30,1751.8420620608804,115.69859561904781,30,706.3392469671363,1110.2707830250476,16,5218.53077686578,-38.658704216081475,0.0,-0.033333333333333326,0,0,0,0
73,recipe-visual-best,30,30,16,1.0,0.5333333333333333,6.0,4.966666666666667,155.10082722913947,146,145,154.18212402830932,156.37757964156924,0.13614600472260463,45.76458021227063,1.0,1.0,1.0,1.0,1.0,1.0,1.0,0.0,1.0,0.9666666666666667,1.0,1.0,41.5463212123377,30,89.04617613833058,20.341835416663635,30,29.56928506440514,22.49435086714632,7,26.878796861418106,79.31079211575135,30,1940.0853103900683,85.3092551442307,30,287.3361425744946,159.8912788140591,11,5239.129986079335,46.32970046831832,0.0,0.06666666666666665,0,0,0,0
74,earlier-selected,30,30,27,1.0,0.9,5.766666666666667,4.733333333333333,169.43166072755352,139,139,169.43166072755352,169.43166072755352,0.0,79.84203748017951,1.0,1.0,1.0,1.0,1.0,1.0,1.0,0.0,1.0,1.0,0.7666666666666667,0.7333333333333333,17.47478776326946,30,89.83420995725048,30.592568182573206,30,40.85236366010069,16.947414987481977,7,40.856353881603276,170.45697136191075,30,526.4296045964802,94.4106756580268,30,948.6528020649314,65.11484808542929,23,601.0297572329207,15.249536699244203,0.0,0.6666666666666667,0,0,0,0
74,recipe-model-top,30,30,28,1.0,0.9333333333333333,5.766666666666667,4.733333333333333,172.3517822644056,141,138,171.47988275129217,170.32060278011556,-0.07715778911951077,74.1436087880983,1.0,1.0,1.0,1.0,1.0,1.0,1.0,0.0,1.0,1.0,0.7666666666666667,0.7333333333333333,10.192136116715293,30,30.74119907063568,31.67305989306188,30,35.38143587600301,31.942505487903443,19,170.7009862915727,99.89964603036435,30,466.7774793147261,46.47355886235772,30,412.29704050783874,43.93074162216677,27,354.36489528663276,12.86899662228592,0.0,0.2666666666666667,0,0,0,0
74,recipe-visual-best,30,30,25,1.0,0.8333333333333334,5.766666666666667,4.733333333333333,173.5872304131574,140,138,171.47988275129217,171.2167879405976,-0.10405120053084715,74.5403286852596,1.0,1.0,1.0,1.0,1.0,1.0,1.0,0.0,1.0,1.0,0.7666666666666667,0.7333333333333333,11.52940649268947,30,38.411098311248445,31.367674198255038,30,40.84105612421387,31.20784877094945,15,37.849155193178504,91.57444557129848,30,516.7271549893032,57.62887945946814,30,901.7628828271128,43.208184209297656,22,395.8842413975163,18.486403184017945,0.0,0.30000000000000004,0,0,0,0
75,earlier-selected,30,30,22,1.0,0.7333333333333333,6.0,5.166666666666667,136.2019293476512,153,153,136.2019293476512,136.2019293476512,0.0,44.86233553034588,1.0,1.0,1.0,1.0,1.0,1.0,1.0,0.2,1.0,0.9666666666666667,1.0,1.0,22.712300805678304,30,29.778223939599485,51.71379431815797,30,62.62557901558233,52.63497818723908,21,62.56342379497623,58.405794591628684,30,209.1924840576123,48.37062064159318,30,256.1252527236695,34.10582734412168,18,342.18042584804175,-33.22973137990232,0.0,-0.16666666666666674,0,0,0,0
75,recipe-model-top,30,30,24,1.0,0.8,6.0,5.133333333333334,134.748397919289,154,152,135.58553294897132,132.09105635248193,0.05339877286593975,44.96485962215178,1.0,1.0,1.0,1.0,1.0,1.0,1.0,0.16666666666666666,1.0,0.9666666666666667,1.0,1.0,21.168273875792828,30,29.600514942614467,50.72824804597819,30,60.333583766656346,58.50158851925868,22,60.352711337758095,56.840926854918536,30,266.3395266115796,55.99293536651875,30,223.16272631864862,37.19177911018207,22,312.0044298634519,-37.60338434511661,0.0,-0.1333333333333333,0,0,0,0
75,recipe-visual-best,30,30,24,1.0,0.8,6.0,5.166666666666667,135.2426550100197,155,153,136.2019293476512,134.06846592318138,0.005046185208939846,46.46951891921639,1.0,1.0,1.0,1.0,1.0,1.0,1.0,0.2,1.0,0.9666666666666667,1.0,1.0,22.484114813469873,30,28.545964852107804,52.61338796889605,30,63.24680628908857,59.1303249356675,21,61.36754054006033,58.33339156466474,30,269.7156411132102,49.74297641410255,30,223.7985672470467,31.89855070533598,22,317.7001993556033,-38.344575403137725,0.0,-0.033333333333333326,0,0,0,0
76,earlier-selected,30,30,27,1.0,0.9,6.0,5.0,59.57678050265608,150,150,59.57678050265608,59.57678050265608,0.0,48.85999877600311,1.0,1.0,1.0,1.0,1.0,1.0,1.0,0.13333333333333333,1.0,0.8666666666666667,1.0,1.0,17.153594374449572,30,28.20671439671299,9.827458949459526,30,37.18864183451235,7.331109234087633,19,60.7767123488409,30.229790920308993,30,76.09025380901468,39.00810600913698,30,172.22813412356473,52.7431200462418,26,205.17395081006617,-76.62514884499512,0.0,0.16666666666666674,0,0,0,0
76,recipe-model-top,30,30,28,1.0,0.9333333333333333,6.0,4.966666666666667,68.53506779952913,149,149,57.94488972224086,68.53506779952913,0.12062346709292626,48.76748068907668,1.0,1.0,1.0,1.0,1.0,1.0,1.0,0.1,1.0,0.8666666666666667,1.0,1.0,16.372223661617355,30,27.944921898323884,8.321951582178318,30,38.184909284130555,5.734507553102146,22,46.54204993592174,20.149365073677398,30,65.24317210145531,47.57026331925299,30,209.4571124459481,57.92073299309411,26,229.52072897621102,-66.21333011975987,0.0,0.1333333333333333,0,0,0,0
76,recipe-visual-best,30,30,28,1.0,0.9333333333333333,6.0,4.966666666666667,68.81512537053054,149,149,57.94488972224086,68.81512537053054,-0.00672318949568762,51.27544945999175,1.0,1.0,1.0,1.0,1.0,1.0,1.0,0.1,1.0,0.8666666666666667,1.0,1.0,16.507394243896066,30,27.024864787775154,8.179490667457818,30,38.04433649268929,5.76351362907233,22,46.528902250789066,20.615386183319252,30,97.26808302077396,45.194438159621754,30,209.138543286929,55.796129166479105,26,226.31103729140955,-66.42752963948915,0.0,0.1333333333333333,0,0,0,0
77,earlier-selected,30,30,23,1.0,0.7666666666666667,6.0,5.833333333333333,91.30916080575923,175,175,91.30916080575923,91.30916080575923,0.0,41.099103716486326,1.0,1.0,1.0,1.0,1.0,1.0,1.0,1.0,1.0,0.8333333333333334,1.0,1.0,6.823163703064473,30,18.281919840931263,8.053419795280135,30,13.436369068293446,7.941968504691637,20,11.205753730341247,34.2824402165943,30,417.76344154743816,50.43256980425252,30,193.0473455042896,55.19482697137337,18,189.13228399985513,31.732380303103156,0.0,-0.1333333333333333,0,0,0,0
77,recipe-model-top,30,30,30,1.0,1.0,6.0,5.766666666666667,95.66828916932538,173,173,90.79952010370422,95.66828916932538,-0.6777314426125756,40.11811277433879,1.0,1.0,1.0,1.0,1.0,1.0,1.0,0.9333333333333333,1.0,0.8333333333333334,1.0,1.0,6.121800995857988,30,7.304835877236719,8.053712638150994,30,13.281606268194706,8.053712638151017,28,13.302993397895019,16.730363909493498,30,133.49144509624116,53.68565745812805,30,253.6651299423798,53.685657458136745,30,253.66512994238013,27.133221369796246,0.0,0.06666666666666665,0,0,0,0
77,recipe-visual-best,30,30,30,1.0,1.0,6.0,5.833333333333333,100.95104735680752,175,175,91.30916080575923,100.95104735680752,-0.48567327712743236,42.44868159022654,1.0,1.0,1.0,1.0,1.0,1.0,1.0,1.0,1.0,0.8333333333333334,1.0,1.0,6.455844837304614,30,7.346336686631337,8.104800115609338,30,13.519095895272086,8.104800115609338,28,13.656454891548883,14.11387515735975,30,38.34815542316175,50.15153522693602,30,202.52576067359348,58.13663364097812,30,207.69688142131275,32.13592198627698,0.0,0.06666666666666665,0,0,0,0
78,earlier-selected,30,30,26,1.0,0.8666666666666667,6.0,4.866666666666666,79.20468856592024,145,145,79.20468856592024,79.20468856592024,0.0,40.13482340696963,1.0,0.7,1.0,1.0,1.0,0.9666666666666667,1.0,0.4,1.0,0.8,1.0,1.0,16.005106428968798,30,20.687795043547258,23.896375238904472,30,87.88588607103887,142.52279526150383,21,166.1418787252081,49.51416944659019,30,716.4042420163921,155.5626141096303,30,913.2159917796241,155.56261410963242,24,1065.8246064995335,-12.104472239838998,0.0,0.09999999999999998,0,0,0,0
78,recipe-model-top,30,30,28,1.0,0.9333333333333333,6.0,4.666666666666667,94.65200490062503,139,139,84.85993470432784,94.65200490062503,0.23485812553100693,41.15561020978613,1.0,0.7,1.0,1.0,1.0,0.8,1.0,0.36666666666666664,1.0,0.8,1.0,1.0,12.55007804632309,30,23.825099424034743,21.9873250509221,30,85.3444651843802,157.8328547692577,28,174.28404171330143,58.98271916715752,30,545.9172273911681,150.0764457497521,30,593.2019908075275,173.47202245760286,26,1112.9533276749376,-1.0162842687003462,0.0,-0.06666666666666665,0,0,0,0
78,recipe-visual-best,30,30,28,1.0,0.9333333333333333,6.0,4.666666666666667,115.61738579459794,139,139,84.85993470432784,115.61738579459794,0.024927928167898017,43.5443373753617,1.0,0.7,1.0,1.0,1.0,0.8,1.0,0.36666666666666664,1.0,0.8,1.0,1.0,11.954116359304901,30,22.66327295710936,26.974911904812107,30,85.64218221462166,152.84526791536769,28,174.2071495616797,79.22704661039053,30,464.2613734032938,175.78787225527702,30,609.4706404548627,162.9178648858717,26,495.19280580390614,14.666338437790415,0.0,-0.06666666666666665,0,0,0,0
79,earlier-selected,30,30,30,1.0,1.0,6.0,5.0,138.3655418010315,150,150,138.3655418010315,138.3655418010315,0.0,67.74553404219819,1.0,0.0,1.0,1.0,1.0,1.0,1.0,1.0,1.0,1.0,1.0,1.0,28.837634822365665,30,36.85969295508262,64.67279556618425,30,88.41386217643488,89.98188715950283,26,115.14738425399557,25.27965302147955,30,48.143150701699525,22.93265490298058,30,59.03790744910417,22.932654903010885,30,59.0379074491192,59.16085323511126,0.0,0.1333333333333333,0,0,0,0
79,recipe-model-top,30,30,30,1.0,1.0,6.0,5.0,139.2738935940473,150,150,138.3655418010315,139.2738935940473,0.3881003534898184,80.56310179525445,1.0,0.0,1.0,1.0,1.0,1.0,1.0,1.0,1.0,1.0,1.0,1.0,29.938094532463204,30,44.91081480696035,66.57760728461393,30,88.19120329514979,88.35076711487946,28,112.97908171966284,68.59854707721871,30,173.73420069194248,38.4249718149581,30,148.52079624780268,38.42497181497716,30,148.5207962478031,44.62188869342228,0.0,0.06666666666666665,0,0,0,0
79,recipe-visual-best,30,30,29,1.0,0.9666666666666667,6.0,5.0,136.9666952236158,150,150,138.3655418010315,136.9666952236158,1.442811686352968,79.9961829387894,1.0,0.0,1.0,1.0,1.0,1.0,1.0,1.0,1.0,1.0,1.0,1.0,28.080455657333694,30,44.91203289288048,66.86824345206772,30,88.51915264832691,88.67099800592486,27,112.86472635726642,78.67450530776337,30,182.3978172139629,41.10229799671299,30,147.84465180151813,41.102297996739956,28,146.2913620930266,21.349309429017865,0.0,0.033333333333333326,0,0,0,0
80,earlier-selected,30,30,22,1.0,0.7333333333333333,6.0,4.5,96.564101734796,134,134,96.564101734796,96.564101734796,0.0,35.49163652885371,1.0,0.6666666666666666,1.0,1.0,1.0,0.8666666666666667,1.0,0.5333333333333333,1.0,0.43333333333333335,1.0,1.0,33.15317480072778,30,42.62934273721841,80.27816467716482,30,86.9503551781263,66.8249934146413,22,96.20165354833311,59.32719975425995,30,445.633392148671,109.05815369474305,30,318.2310081850157,114.90592934490918,19,1580.0576493198091,-41.8014400662355,0.0,-0.2666666666666667,0,0,0,0
80,recipe-model-top,30,30,22,1.0,0.7333333333333333,6.0,4.5,97.62945881287891,134,133,97.10310719239916,98.31626221850712,0.20430910034088612,35.973252592286805,1.0,0.6666666666666666,1.0,1.0,1.0,0.9,1.0,0.5,1.0,0.43333333333333335,1.0,1.0,34.240058947250674,30,51.195699727903474,78.08188259894938,30,85.54087021117485,69.66715244914062,22,96.69504087479697,43.40376149043672,30,570.0894606012475,96.46250260605383,30,326.8352180684322,200.21287729993423,18,5121.6364110035165,-41.6444347811684,0.0,-0.2666666666666667,0,0,0,0
80,recipe-visual-best,30,30,20,1.0,0.6666666666666666,6.0,4.5,98.40733437480304,135,133,97.10310719239916,98.40733437480304,-0.09417541916010919,35.50531620788594,1.0,0.6666666666666666,1.0,1.0,1.0,0.9,1.0,0.5,1.0,0.43333333333333335,1.0,1.0,33.98077875229201,30,50.46705397759775,77.89054538779041,30,85.27032275085618,65.88168714056677,20,96.09750732561751,46.76624568003842,30,462.10735590538354,97.8004276246534,30,330.2799776724955,113.88125373699371,15,609.8771862760643,-38.55936084881276,0.0,-0.30000000000000004,0,0,0,0
81,earlier-selected,30,30,26,1.0,0.8666666666666667,6.0,4.566666666666666,92.44374241557956,137,137,92.44374241557956,92.44374241557956,0.0,28.208919365786603,1.0,1.0,1.0,1.0,1.0,1.0,1.0,0.3,1.0,0.26666666666666666,1.0,1.0,10.777733103682966,30,30.45861289679923,38.90567786891407,30,85.04744654549326,84.52657031915629,18,153.65016248710697,19.998224403501695,30,48.27710296053563,70.92147334850785,30,186.36747041068617,76.72932363565174,21,5338.7786782957955,-4.120359319216433,0.0,0.13333333333333341,0,0,0,0
81,recipe-model-top,30,30,24,1.0,0.8,6.0,4.566666666666666,95.7177261045472,137,137,92.44374241557956,95.7177261045472,0.503937604544646,28.40391337193052,1.0,1.0,1.0,1.0,1.0,1.0,1.0,0.3,1.0,0.26666666666666666,1.0,1.0,10.833605032257529,30,31.816903417503937,37.42959296421484,30,85.25466714955365,84.8461436565803,16,139.16179778232387,20.532916436051536,30,62.70358943679279,60.1986678286666,30,196.0922634658539,52.71401141315662,20,209.4731962255042,-1.9117327083317122,0.0,0.06666666666666676,0,0,0,0
81,recipe-visual-best,30,30,30,1.0,1.0,6.0,4.566666666666666,94.23285375864538,137,137,92.44374241557956,94.23285375864538,0.46487815229575347,29.795753304267084,1.0,1.0,1.0,1.0,1.0,1.0,1.0,0.3,1.0,0.26666666666666666,1.0,1.0,10.653397578020057,30,32.92207211277402,37.9079603289628,30,85.70993753840226,85.33928689926717,20,154.30044442109016,31.456475595990327,30,72.5549537798774,61.316812756742635,30,196.5203164400209,65.76264949582583,29,308.1721960307671,-4.174480616157666,0.0,0.33333333333333337,0,0,0,0
82,earlier-selected,30,30,18,1.0,0.6,6.0,5.066666666666666,157.48122814112844,152,152,157.48122814112844,157.48122814112844,0.0,27.436885207393118,1.0,1.0,1.0,0.7,1.0,1.0,1.0,0.4666666666666667,1.0,0.9,1.0,1.0,4.908012984622376,30,8.896835042242527,52.10155421501419,30,87.31889658553041,77.11493286646414,16,149.13729450329828,21.604498298412388,30,97.95226028792594,90.53062504993179,30,294.47159112374885,52.86472841513996,12,228.17893046957914,65.03748572554888,0.0,-0.2666666666666667,0,0,0,0
82,recipe-model-top,30,30,20,1.0,0.6666666666666666,6.0,5.366666666666666,163.11130022394326,161,152,157.48122814112844,167.9850256385136,0.9873668816263379,24.295201053158898,1.0,1.0,1.0,1.0,1.0,1.0,1.0,0.4666666666666667,1.0,0.9,1.0,1.0,4.584292734224191,30,9.293006019684228,37.27317720643755,30,68.872179619842,37.6581780030134,15,61.4686664015786,13.965265158015825,30,132.89439566245917,86.1746461884307,30,328.2565903696989,89.10902815720465,17,379.00478044532673,67.39357411939606,0.0,-0.13333333333333341,0,0,0,0
82,recipe-visual-best,30,30,28,1.0,0.9333333333333333,6.0,5.333333333333333,155.65869434136204,160,152,157.48122814112844,157.90132163475965,0.25276509142915415,27.527230138220787,1.0,1.0,1.0,0.7,1.0,1.0,1.0,0.7333333333333333,1.0,0.9,1.0,1.0,5.3077854258891595,30,8.856431118138786,55.54455254704113,30,84.023362167563,55.544552547041135,28,84.37220673527814,18.737550299055066,30,137.56305964262992,49.21499166120037,30,338.929129005932,81.49165317547391,26,382.5068771399091,61.42584058271666,0.0,-0.06666666666666665,0,0,0,0
83,earlier-selected,30,30,27,1.0,0.9,6.0,3.6666666666666665,104.88495702990795,110,110,104.88495702990795,104.88495702990795,0.0,43.40386063034552,1.0,1.0,1.0,0.26666666666666666,1.0,1.0,1.0,0.0,1.0,0.4,1.0,1.0,7.333770371311208,30,10.953075070835752,23.7676721317972,30,48.45042811094573,24.166338565416204,17,145.39964008161405,174.50079309211515,30,438.1791684786583,465.7589802969283,30,681.3543434328463,465.7589802969286,24,4857.252603850928,-52.59627111122049,0.0,0.30000000000000004,0,0,0,0
83,recipe-model-top,30,30,30,1.0,1.0,6.0,4.4,113.25649047928039,132,110,104.88495702990795,101.05109167827568,3.92360352355087,21.480482478826282,1.0,1.0,1.0,1.0,1.0,1.0,1.0,0.0,1.0,0.4,1.0,1.0,4.1556848680183425,30,8.798812802214002,16.631460393932727,30,26.657502064882383,15.68773885406565,20,19.971312532728195,114.43081214910548,30,204.50760909211652,377.1686241433432,30,457.6151156073144,377.1686241433441,30,457.6151156073163,-49.85480974466287,0.0,0.33333333333333337,0,0,0,0
83,recipe-visual-best,30,30,29,1.0,0.9666666666666667,6.0,3.566666666666667,108.74017234286131,107,107,104.95167784096805,108.74017234286131,0.4897215158171946,42.3973180243908,1.0,1.0,1.0,0.16666666666666666,1.0,1.0,1.0,0.0,1.0,0.4,1.0,1.0,7.464941297263234,30,10.626969083974103,26.229466427066463,30,48.05404109806229,24.944734030264765,27,48.193252605165966,224.73178154603295,30,302.5845015856923,474.3895027391373,30,589.7737581770083,482.867492910947,28,985.8635525728793,-46.91852199850072,0.0,0.033333333333333326,0,0,0,0
84,earlier-selected,30,30,30,1.0,1.0,6.0,4.2,146.53771625137375,126,126,146.53771625137375,146.53771625137375,0.0,23.52638654876779,1.0,1.0,1.0,0.6666666666666666,1.0,1.0,1.0,0.0,1.0,0.5333333333333333,1.0,1.0,5.753607220332519,30,10.008142270224717,55.67997308785888,30,71.88723886773863,55.79695974221944,27,95.0008065356719,67.92829557635977,30,374.22872196807936,393.4931729343319,30,629.2427795744521,393.49317293433273,30,629.2427795744532,41.6527592214658,0.0,0.09999999999999998,0,0,0,0
84,recipe-model-top,30,30,30,1.0,1.0,6.0,4.466666666666667,134.56375456411342,134,126,146.53771625137375,118.55882229593013,0.6006572956611365,23.25462519939719,1.0,1.0,1.0,0.9333333333333333,1.0,1.0,1.0,0.0,1.0,0.5333333333333333,1.0,1.0,3.08780749114932,30,9.37457379994132,14.599228541987747,30,65.94710164818605,14.744004014802162,30,98.42206547299347,74.9144034650563,30,562.1507659183571,416.24145050169545,30,1867.8005527993316,420.75515364884996,30,4480.978224778808,21.307264084833037,0.0,0.0,0,0,0,0
84,recipe-visual-best,30,30,30,1.0,1.0,6.0,4.2,143.4899204057512,126,126,146.53771625137375,143.4899204057512,0.8285421575792462,23.664340793819648,1.0,1.0,1.0,0.6666666666666666,1.0,1.0,1.0,0.0,1.0,0.5333333333333333,1.0,1.0,5.11228957692928,30,8.14190969499825,54.1785347409255,30,68.5756403348314,54.62830766801908,29,68.92847132150008,83.43485842009395,30,273.80376060571217,392.41497960242964,30,506.37100623366285,392.41497960243134,30,506.37100623366234,34.74974806288989,0.0,0.033333333333333326,0,0,0,0
85,earlier-selected,30,30,29,1.0,0.9666666666666667,6.0,4.866666666666666,164.10842315196572,146,146,164.10842315196572,164.10842315196572,0.0,23.510380193534715,1.0,1.0,1.0,1.0,1.0,1.0,1.0,0.0,1.0,0.8666666666666667,1.0,1.0,2.2070295649952514,30,8.051348832843825,15.93958787362752,30,68.14869674318157,15.926601274937706,29,68.60822757552761,36.747209514415516,30,136.69236197408395,149.68952855727886,30,472.74952684364996,261.14490433676417,28,475.9953396596617,17.570706900591972,0.0,-0.033333333333333326,0,0,0,0
85,recipe-model-top,30,30,28,1.0,0.9333333333333333,6.0,4.866666666666666,164.16594627606122,146,146,164.10842315196572,164.16594627606122,-0.10532562850390548,23.403708664342055,1.0,1.0,1.0,1.0,1.0,1.0,1.0,0.0,1.0,0.8666666666666667,1.0,1.0,2.710970768605004,30,8.276991117281295,13.645823472245624,30,78.94922369013679,13.734178198134881,28,104.2691395085352,25.101721751028492,30,127.51099541055846,202.26595371943665,30,409.7257051032244,228.12943007758955,27,530.7087083000272,29.602191711947796,0.0,-0.06666666666666665,0,0,0,0
85,recipe-visual-best,30,30,28,1.0,0.9333333333333333,6.0,4.866666666666666,163.69366975149836,146,146,164.10842315196572,163.69366975149836,-0.06231130770339277,22.57888465702454,1.0,1.0,1.0,1.0,1.0,1.0,1.0,0.0,1.0,0.8666666666666667,1.0,1.0,2.56181298067089,30,7.737239055531588,18.01898675092057,30,68.48095034205026,16.218648834303956,28,65.10191627771596,19.714271626799103,30,120.15886983114356,172.28713542150783,30,415.31144863239587,202.85761086133516,27,417.4971029602413,20.203749345747156,0.0,-0.06666666666666665,0,0,0,0
86,earlier-selected,30,30,30,1.0,1.0,6.0,4.966666666666667,157.21398808089515,149,149,157.21398808089515,157.21398808089515,0.0,25.81561715417333,1.0,1.0,1.0,1.0,1.0,1.0,1.0,0.36666666666666664,1.0,0.6,1.0,1.0,3.0802079835101708,30,9.232213301497074,12.382713597077874,30,19.194620340146127,13.399192473803687,29,165.7679288077375,16.300201499709537,30,143.94746399856675,72.60110045700716,30,386.9999009069096,103.11609377586004,30,5022.456945285903,-6.894435071070575,0.0,0.033333333333333326,0,0,0,0
86,recipe-model-top,30,30,23,1.0,0.7666666666666667,6.0,4.966666666666667,157.74490935018693,149,149,157.21398808089515,157.74490935018693,0.27500817306912495,27.72556908460418,1.0,1.0,1.0,1.0,1.0,1.0,1.0,0.36666666666666664,1.0,0.6,1.0,1.0,3.13540661223257,30,7.276979559470751,12.002820121968904,30,23.112160089224627,12.554376845445244,21,157.7852232159147,33.04001217357183,30,140.51988169177545,118.85113264729185,30,391.30427338273364,118.85113264729327,22,390.08275347430316,-6.42103692587429,0.0,-0.16666666666666663,0,0,0,0
86,recipe-visual-best,30,30,28,1.0,0.9333333333333333,6.0,5.0,156.73468540278728,150,149,157.21398808089515,156.79687625442983,0.11896851923705754,25.106995016439477,1.0,1.0,1.0,1.0,1.0,1.0,1.0,0.4,1.0,0.6,1.0,1.0,3.066111665575657,30,7.811299749666827,13.469033004588885,30,21.886096163365647,13.720711320708055,26,94.11739526309506,20.882707717313423,30,143.49258920895915,137.35975335886496,30,376.17574081521076,119.90648723856971,27,391.738098148779,-6.958984348711084,0.0,0.0,0,0,0,0
87,earlier-selected,30,30,16,1.0,0.5333333333333333,6.0,5.566666666666666,141.32155716931578,167,167,141.32155716931578,141.32155716931578,0.0,30.596687925185087,1.0,1.0,1.0,1.0,1.0,1.0,1.0,1.0,1.0,0.5666666666666667,1.0,1.0,4.250408165140773,30,6.602927926277226,13.998713889047474,30,34.521148734548404,15.835789387904786,16,100.41996854349998,142.63351371348114,30,193.29889757708875,418.62400394333145,30,608.7907050734764,404.629178504599,11,4955.816921333405,-15.892430911579368,0.0,-0.4666666666666667,0,0,0,0
87,recipe-model-top,30,30,4,1.0,0.13333333333333333,6.0,5.566666666666666,142.6152891221297,167,167,141.32155716931578,142.6152891221297,0.21354106668741224,32.064358234472536,1.0,1.0,1.0,1.0,1.0,1.0,1.0,1.0,1.0,0.5666666666666667,1.0,1.0,4.109991197390643,30,5.423303290748369,15.149029990598606,30,29.957728944519744,175.0544118176697,4,177.81492238988793,128.36080154862725,30,175.16053470653407,384.22731307424635,30,573.9053753686411,38.15689851222248,2,55.12973164098184,-15.129620228057234,0.0,-0.6333333333333334,0,0,0,0
87,recipe-visual-best,30,30,17,1.0,0.5666666666666667,6.0,5.566666666666666,141.66067099484522,167,167,141.32155716931578,141.66067099484522,0.1352575023488214,29.903386380223274,1.0,1.0,1.0,1.0,1.0,1.0,1.0,1.0,1.0,0.5666666666666667,1.0,1.0,4.618457597909643,30,8.254887110945557,12.322760300201848,30,30.687436168881554,16.36846629013776,17,167.14344439583584,146.00262533834788,30,189.82382353268778,424.2453049020055,30,615.6052064725716,592.8268090846901,10,5060.528325210883,-15.074014407942059,0.0,-0.3666666666666667,0,0,0,0
88,earlier-selected,30,30,30,1.0,1.0,6.0,5.166666666666667,112.8987389926296,155,155,112.8987389926296,112.8987389926296,0.0,29.761642490606903,1.0,1.0,1.0,1.0,1.0,1.0,1.0,0.9,1.0,0.26666666666666666,1.0,1.0,4.535707652619585,30,9.0705936766352,12.972481815325336,30,24.833925414750663,159.32713989805438,16,174.3829885053081,55.229956930694705,30,180.77424431040373,159.56927237341606,30,390.41744876231473,308.1648059663328,30,5128.743616299057,-28.422818176686178,0.0,0.4666666666666667,0,0,0,0
88,recipe-model-top,30,30,23,1.0,0.7666666666666667,6.0,5.266666666666667,109.92157159308854,158,155,112.8987389926296,115.61683584489535,1.1992092434696104,36.50610611811358,1.0,1.0,1.0,1.0,1.0,1.0,1.0,1.0,1.0,0.26666666666666666,1.0,1.0,4.575685389015273,30,7.636598002573804,14.536344575596516,30,24.685403337817316,172.29672339305512,4,174.91876982510917,75.78448769422408,30,118.65999716324589,127.32233049078587,30,411.40731005570865,86.6893247409867,17,4814.576643669904,-32.69371752904115,0.0,0.6333333333333334,0,0,0,0
88,recipe-visual-best,30,30,30,1.0,1.0,6.0,5.266666666666667,111.67402008451978,158,155,112.8987389926296,118.17762373874643,0.500999796136,29.472645970243462,1.0,1.0,1.0,1.0,1.0,1.0,1.0,1.0,1.0,0.26666666666666666,1.0,1.0,4.7467866723492484,30,8.882189625297116,13.080476967248718,30,25.456926623081973,154.40307411019657,17,171.35151203762356,27.16809153899721,30,157.20631737314895,91.3060184115834,30,453.546935737773,85.61282754458632,29,5057.702186031412,-29.986650910325437,0.0,0.43333333333333335,0,0,0,0
89,earlier-selected,30,30,25,1.0,0.8333333333333334,6.0,4.433333333333334,104.05832453378923,133,133,104.05832453378923,104.05832453378923,0.0,32.44168759859095,1.0,1.0,1.0,1.0,1.0,1.0,1.0,0.0,1.0,0.43333333333333335,1.0,1.0,4.8494416735526915,30,12.080139669439683,17.01718227578092,30,82.73835465980237,91.95820636962726,25,171.14927169694494,71.5490087915869,30,201.61527448827687,358.6465234291984,30,445.56355137122944,413.5026995219619,23,5137.418721236612,-8.840414458840371,0.0,-0.16666666666666663,0,0,0,0
89,recipe-model-top,30,30,27,1.0,0.9,6.0,5.433333333333334,96.51905085343562,162,132,103.92334184952702,130.3179791156523,1.5353054375616182,30.834792761993615,1.0,1.0,1.0,1.0,1.0,1.0,1.0,1.0,1.0,0.43333333333333335,1.0,1.0,4.15339432075892,30,8.848187228377588,12.779769145886295,30,77.74696526841208,159.3552748926873,21,170.8332451726039,116.40016940465111,30,590.5556800196133,288.31760016229384,30,2280.7672056637625,323.07421449690094,26,5051.304356731283,-13.402520739652928,0.0,0.1333333333333333,0,0,0,0
89,recipe-visual-best,30,30,29,1.0,0.9666666666666667,6.0,5.433333333333334,95.64735672625562,162,132,103.92334184952702,132.5787356409889,1.6010617671854561,31.989770360056013,1.0,1.0,1.0,1.0,1.0,1.0,1.0,1.0,1.0,0.43333333333333335,1.0,1.0,3.605237721397736,30,10.547709297035851,14.391549770990448,30,78.54906631479606,92.4554040746757,29,169.16964880709207,117.0092726649439,30,355.04142650214385,292.23700086322685,30,2240.5131253916256,324.659830427153,29,5087.094562602395,-16.02666335826416,0.0,-0.033333333333333326,0,0,0,0
90,earlier-selected,30,30,28,1.0,0.9333333333333333,6.0,4.9,169.21331780438544,147,147,169.21331780438544,169.21331780438544,0.0,34.31008335572054,1.0,1.0,1.0,1.0,1.0,1.0,1.0,0.0,1.0,0.9,1.0,1.0,7.503870486302925,30,12.907830423031786,17.509495509333536,30,78.20248765049712,76.86407189623597,23,165.97606702891338,13.347196374583993,30,45.836365643575554,31.488844261376883,30,93.30320838478269,27.872599715032145,26,117.41215495597223,65.15499327059621,0.0,0.09999999999999998,0,0,0,0
90,recipe-model-top,30,30,26,1.0,0.8666666666666667,6.0,5.566666666666666,157.29537800558063,167,147,169.21331780438544,178.8145809015067,0.1311832374486528,32.515482411798914,1.0,1.0,1.0,1.0,1.0,1.0,1.0,0.6666666666666666,1.0,0.9,1.0,1.0,6.4201357599073265,30,14.421177707247889,17.234845020056284,30,81.19641623209583,161.014100765285,23,174.9830992530929,21.447134218471803,30,96.66574121710435,28.296995402520984,30,153.88955658160032,28.36660582469685,23,5234.58988747079,60.776327152145015,0.0,-0.033333333333333326,0,0,0,0
90,recipe-visual-best,30,30,27,1.0,0.9,6.0,5.733333333333333,148.39824718914997,172,147,169.21331780438544,178.23137400621204,0.38110618383231554,33.791737751548425,1.0,1.0,1.0,1.0,1.0,1.0,1.0,0.8333333333333334,1.0,0.9,1.0,1.0,6.518892555768922,30,11.626244421697027,16.299957426889797,30,87.85178642185893,162.6812872303787,26,173.91684668941633,16.639477244815282,30,101.18032842359582,43.344350290248414,30,157.1664547338665,47.58095801212238,24,3741.66980753398,52.75089046289435,0.0,-0.06666666666666665,0,0,0,0
91,earlier-selected,30,30,14,1.0,0.4666666666666667,6.0,5.0,190.82648272018906,150,150,190.82648272018906,190.82648272018906,0.0,29.858763667057353,1.0,1.0,1.0,1.0,1.0,1.0,1.0,0.0,1.0,1.0,1.0,1.0,3.9751274182254233,30,6.851659708274032,6.685253531038618,30,12.864141440270572,166.51487876013573,12,177.5487782492539,9.129454044074322,30,27.173635898777803,41.16471527766407,30,108.31519560121113,44.74700961106048,10,624.6634697709426,21.613164915803623,0.0,-0.4666666666666667,0,0,0,0
91,recipe-model-top,30,30,8,1.0,0.26666666666666666,6.0,4.966666666666667,190.80347449809062,149,149,191.1533735319896,190.80347449809062,0.12347560536952074,29.945593078700075,1.0,0.9666666666666667,1.0,1.0,1.0,1.0,1.0,0.0,1.0,1.0,1.0,1.0,4.459457247621169,30,5.35769723644143,14.387452412095051,30,19.27938506701179,162.02485739468835,8,176.90649658254011,11.75441111181599,30,21.87630631571153,38.3658962381309,30,121.13030567482815,23.33804990505753,2,28.14230197908345,33.50809649250999,0.0,-0.6000000000000001,0,0,0,0
91,recipe-visual-best,30,30,11,1.0,0.36666666666666664,6.0,5.066666666666666,191.5320112083452,152,150,190.82648272018906,191.59021761148622,0.2115592691791477,31.423030918646532,1.0,1.0,1.0,1.0,1.0,1.0,1.0,0.06666666666666667,1.0,1.0,1.0,1.0,4.863286546099499,30,5.686815429147546,13.391154193600654,30,18.661852303316497,164.32758544964133,11,175.81510237048042,11.178206951967894,30,29.71804000915859,46.44411954961588,30,106.16266542549431,46.97390988098632,5,169.07226906046944,43.13376401919524,0.0,-0.5333333333333334,0,0,0,0
92,earlier-selected,30,30,17,1.0,0.5666666666666667,6.0,5.466666666666667,148.0231698308471,164,164,148.0231698308471,148.0231698308471,0.0,40.08705443220378,1.0,1.0,1.0,1.0,1.0,1.0,1.0,0.4666666666666667,1.0,1.0,1.0,1.0,7.8859838743978745,30,8.785480287572994,36.26292894635861,30,42.59672644487776,36.36059130531234,9,147.19163223290215,20.57142849287414,30,75.23688683412347,77.71611790989685,30,158.92572003266156,79.17489477766388,11,130.516396421733,-42.80331288934195,0.0,0.09999999999999998,0,0,0,0
92,recipe-model-top,30,30,13,1.0,0.43333333333333335,6.0,5.266666666666667,155.12737334727882,158,157,153.3109912078313,156.22748498182085,-0.0015792353269432624,38.10714079040783,1.0,1.0,1.0,1.0,1.0,1.0,1.0,0.26666666666666666,1.0,1.0,1.0,1.0,6.980201119028137,30,8.58322025251973,33.084559882667904,30,42.153082413312234,31.751943942647856,4,116.47724563299408,20.655416694093322,30,72.07557116576213,69.03524924695687,30,268.16813827832385,61.31199700844804,9,132.23902954640656,-35.6761011508118,0.0,0.16666666666666669,0,0,0,0
92,recipe-visual-best,30,30,17,1.0,0.5666666666666667,6.0,5.4,153.76324411365576,162,161,150.50701967475584,154.6836402561698,0.17330706956380482,40.778053389558494,1.0,1.0,1.0,1.0,1.0,1.0,1.0,0.4,1.0,1.0,1.0,1.0,7.228256979792707,30,8.613407745355506,36.04529679329325,30,43.51717007438566,38.81973126427965,8,141.35160138563313,23.557666773156072,30,63.71276767564259,82.48874251708236,30,157.30625550839517,90.38961978082897,13,163.58041138365164,-37.76876709468945,0.0,0.2,0,0,0,0
93,earlier-selected,30,30,26,1.0,0.8666666666666667,6.0,5.0,158.01426943985163,150,150,158.01426943985163,158.01426943985163,0.0,36.10201125992006,1.0,1.0,1.0,1.0,1.0,1.0,1.0,0.1,1.0,1.0,1.0,0.9,3.8152869181116973,30,6.326464640923952,9.784563506217225,30,22.962414720068296,19.3051673499249,16,174.74416890516565,24.885267916170367,30,98.68436038200228,164.57853141109166,30,436.7707556961317,143.51029330792312,24,453.2881240800266,9.991099609004522,0.0,0.30000000000000004,0,0,0,0
93,recipe-model-top,30,30,25,1.0,0.8333333333333334,6.0,4.966666666666667,159.18975982430595,149,148,158.83436255407503,159.4997176005229,0.46497496608388644,36.382490342604186,1.0,1.0,1.0,1.0,1.0,1.0,1.0,0.06666666666666667,1.0,1.0,1.0,0.9,3.6393149160909903,30,6.386339091463931,8.028651735671493,30,22.31779733577036,173.87342432188288,10,177.34664803408614,21.44220179356109,30,91.4255822670549,134.70792845171854,30,451.4552763128194,135.4607159571816,24,469.06712892880313,4.0623864770271325,0.0,0.4,0,0,0,0
93,recipe-visual-best,30,30,25,1.0,0.8333333333333334,6.0,4.966666666666667,159.5529326362639,149,148,158.83436255407503,159.60461111872382,0.4638421637364871,38.2938388725233,1.0,1.0,1.0,1.0,1.0,1.0,1.0,0.06666666666666667,1.0,1.0,1.0,0.9,3.5583985372550133,30,6.136129113249306,8.571646706768057,30,23.579282245870235,98.16643865826165,14,176.699862338803,38.90771065236311,30,99.06687709973083,112.31064780483746,30,420.39797882481764,130.08962200274013,24,434.86304706471606,5.789688522608145,0.0,0.2666666666666667,0,0,0,0
94,earlier-selected,30,30,28,1.0,0.9333333333333333,6.0,5.0,161.03373993790052,150,150,161.03373993790052,161.03373993790052,0.0,33.03776133907811,1.0,1.0,1.0,1.0,1.0,1.0,1.0,0.0,1.0,1.0,1.0,1.0,6.654951338371092,30,7.732413405625118,26.991588615626675,30,37.335133601856874,149.71525805193772,24,164.98652122251494,11.882160221147274,30,24.26620675778266,43.414932743421716,30,117.73339644979374,50.72809789555738,26,118.27287842474814,3.0194704980488893,0.0,0.06666666666666665,0,0,0,0
94,recipe-model-top,30,30,23,1.0,0.7666666666666667,6.0,5.0,147.69432971266033,150,150,161.03373993790052,147.69432971266033,-0.5078902679136448,33.586948785969874,1.0,1.0,1.0,1.0,1.0,1.0,1.0,0.0,1.0,1.0,1.0,1.0,6.544274089308601,30,7.825240815625951,25.680330945181865,30,34.26363307879384,143.61071451048082,20,159.90599547198215,15.0775225526307,30,27.626348001797062,47.00011297881469,30,127.54069175848248,48.631557773460486,19,1180.4436281137441,-11.495430111645618,0.0,-0.06666666666666665,0,0,0,0
94,recipe-visual-best,30,30,27,1.0,0.9,6.0,5.0,144.89823901379742,150,150,161.03373993790052,144.89823901379742,-0.253091482106214,34.499972948724235,1.0,1.0,1.0,1.0,1.0,1.0,1.0,0.0,1.0,1.0,1.0,1.0,6.404008847031012,30,8.400548889441918,26.963374096035096,30,39.72593174388009,146.77892425642716,23,162.90575758574187,20.32368232447125,30,53.981109193140846,57.46099373719201,30,118.95069996677391,67.90935237917532,24,121.884997040428,-14.654693622466482,0.0,0.06666666666666665,0,0,0,0
95,earlier-selected,30,30,30,1.0,1.0,6.0,4.8,150.25877072156908,144,144,150.25877072156908,150.25877072156908,0.0,29.66296125439849,1.0,1.0,1.0,0.8,1.0,1.0,1.0,0.0,1.0,1.0,1.0,1.0,4.215624498153552,30,5.712636704154161,12.641584201040288,30,88.43940954516067,14.892611657439026,28,173.22005620888783,17.985975973577876,30,53.739021536976274,65.94199794877987,30,337.4940819071338,65.94199794878523,30,337.4940819071366,-10.774969216331442,0.0,0.06666666666666665,0,0,0,0
95,recipe-model-top,30,30,30,1.0,1.0,6.0,4.8,151.51891423339205,144,142,152.20928206125404,152.61892980364604,-1.0170745716385667,29.70557008821565,1.0,1.0,1.0,0.8,1.0,1.0,1.0,0.0,1.0,1.0,1.0,1.0,4.1471679960563606,30,6.453549615601948,11.560137067929961,30,88.50255121197168,20.593162696746138,23,169.43021715889628,29.451505358910953,30,101.75071200006859,133.59744168890634,30,2099.8789988056583,133.59744168890884,30,2873.4157030517545,3.824584520731719,0.0,0.23333333333333328,0,0,0,0
95,recipe-visual-best,30,30,30,1.0,1.0,6.0,4.8,150.77106493846148,144,144,150.25877072156908,150.77106493846148,-0.6895696474106536,30.159460383906143,1.0,1.0,1.0,0.8,1.0,1.0,1.0,0.0,1.0,1.0,1.0,1.0,3.9253272890859967,30,6.121393637938309,12.339617487682705,30,88.61557759194572,15.637755272055003,27,172.7539539886726,29.150457226602995,30,56.839956990857125,64.6109031349724,30,282.7394719950878,64.61090313498259,30,282.739471995088,5.872825924664056,0.0,0.09999999999999998,0,0,0,0
96,earlier-selected,30,30,30,1.0,1.0,6.0,5.066666666666666,131.50595530563615,152,152,131.50595530563615,131.50595530563615,0.0,31.88227918735161,1.0,1.0,1.0,1.0,1.0,1.0,1.0,0.06666666666666667,1.0,1.0,1.0,1.0,3.186468126243944,30,5.5068938722637695,16.764267269854294,30,70.92455247496315,16.764267269854315,30,104.18209363846869,29.661924392620985,30,177.50675974362593,99.25440630713823,30,392.0718485893508,99.25440630714523,30,392.07184858935165,-18.75281541593293,0.0,0.0,0,0,0,0
96,recipe-model-top,30,30,22,1.0,0.7333333333333333,6.0,5.0,131.36599195082715,150,150,131.7395622879971,131.36599195082715,-0.4837303359149985,30.780498147134065,1.0,1.0,1.0,1.0,1.0,1.0,1.0,0.0,1.0,1.0,1.0,1.0,2.5608195683513544,30,5.353391530203051,12.91495131562635,30,68.7772949815003,9.782077334660585,22,111.04288483867951,30.73183156618834,30,55.3811389712834,155.02856919459197,30,276.39229310145583,103.93406473118965,20,210.64485975644737,-20.1529222825649,0.0,-0.2666666666666667,0,0,0,0
96,recipe-visual-best,30,30,22,1.0,0.7333333333333333,6.0,5.0,132.26789312246484,150,150,131.7395622879971,132.26789312246484,-0.3600947764095679,30.69423222441266,1.0,1.0,1.0,1.0,1.0,1.0,1.0,0.0,1.0,1.0,1.0,1.0,2.1307659185326013,30,5.451909769169782,12.050234089580112,30,73.61333463517245,14.457424094455916,22,106.20684518500738,15.992204357217954,30,80.8015753506606,75.5638170676126,30,396.57839990084386,69.39343346809122,20,523.1427552563204,-18.503171815996637,0.0,-0.2666666666666667,0,0,0,0
97,earlier-selected,30,30,30,1.0,1.0,6.0,5.0,129.06383634468762,150,150,129.06383634468762,129.06383634468762,0.0,35.300559667264956,1.0,1.0,1.0,1.0,1.0,1.0,1.0,0.0,1.0,1.0,1.0,1.0,2.232140824667891,30,4.222022903626443,8.182514763039062,30,19.808129471921777,8.182514763039089,30,19.80812947192179,12.98123778032518,30,68.47168140274553,50.121395533324076,30,288.4428778665119,50.12139553332741,30,288.4428778665121,-2.442118960948534,0.0,0.0,0,0,0,0
97,recipe-model-top,30,30,22,1.0,0.7333333333333333,6.0,5.0,137.70835833561898,150,150,129.06383634468762,137.70835833561898,2.440542246665764,29.860907480612077,1.0,1.0,1.0,1.0,1.0,1.0,1.0,0.0,1.0,1.0,1.0,1.0,1.4139585959040057,30,2.6790115070484024,6.573602430591848,30,12.735062577956237,5.611247798115619,14,11.760315739965455,20.72470298714085,30,58.08638333814712,103.97674011579073,30,248.14756376260482,87.79565806528369,20,251.02628351958455,6.342366384791831,0.0,0.0,0,0,0,0
97,recipe-visual-best,30,30,22,1.0,0.7333333333333333,6.0,5.0,129.275860454149,150,150,129.06383634468762,129.275860454149,-0.055688640439967685,34.85400764333248,1.0,1.0,1.0,1.0,1.0,1.0,1.0,0.0,1.0,1.0,1.0,1.0,2.453082078480115,30,3.7253203234288965,11.32322840040744,30,17.11977071896441,12.270376086542484,14,14.578660413999245,14.580040455627742,30,32.75773317481362,62.84953686764048,30,148.08672560739325,66.89626048282403,20,135.80507484638724,-2.9920326683158294,0.0,0.0,0,0,0,0
98,earlier-selected,30,30,30,1.0,1.0,6.0,5.0,158.58024651919862,150,150,158.58024651919862,158.58024651919862,0.0,27.698684683675616,1.0,1.0,1.0,1.0,1.0,1.0,1.0,0.0,1.0,1.0,1.0,1.0,4.478633523147991,30,5.201845162200725,23.152153157427293,30,25.813869480948323,23.1521531574273,30,25.813869480948338,8.844988647467076,30,36.972497453821944,48.35974069427232,30,198.1472951653604,48.35974069428249,30,198.1472951653619,29.51641017451101,0.0,0.0,0,0,0,0
98,recipe-model-top,30,30,30,1.0,1.0,6.0,5.0,158.78891516160675,150,150,158.58024651919862,158.78891516160675,0.4645234462791876,26.848365046228928,1.0,1.0,1.0,1.0,1.0,1.0,1.0,0.0,1.0,1.0,1.0,1.0,2.1962200995663936,30,4.263729938878741,12.478938321691558,30,21.124099235929247,11.023864361515821,22,18.706951823435954,16.300685328285912,30,53.399785979848204,47.830907605676316,30,346.420261213911,47.830907605676316,30,346.42026121391115,21.08055682598777,0.0,0.2666666666666667,0,0,0,0
98,recipe-visual-best,30,30,30,1.0,1.0,6.0,5.0,158.00177648814986,150,150,158.58024651919862,158.00177648814986,0.02706641090955486,28.24690983804212,1.0,1.0,1.0,1.0,1.0,1.0,1.0,0.0,1.0,1.0,1.0,1.0,4.091178854768538,30,4.901621958176932,20.972862912289052,30,24.922729053020902,22.503393122622008,22,24.949162432078,9.831646754183053,30,49.4275060709242,55.763895744095564,30,256.3678759456962,55.76389574410443,30,256.3678759456987,28.725916034000846,0.0,0.2666666666666667,0,0,0,0
99,earlier-selected,30,30,22,1.0,0.7333333333333333,6.0,4.866666666666666,154.8507538131175,146,146,154.8507538131175,154.8507538131175,0.0,28.750785019966635,1.0,1.0,1.0,0.8666666666666667,1.0,1.0,1.0,0.0,1.0,1.0,1.0,1.0,1.819506545698468,30,3.796846647874397,9.556798908760456,30,82.60927516696297,13.081600162982967,22,96.1950751895231,28.21898224852876,30,105.98603051781892,74.41299759196666,30,571.4817470762349,69.53639777068557,20,889.071591804849,-3.7294927060811176,0.0,-0.2666666666666667,0,0,0,0
99,recipe-model-top,30,30,26,1.0,0.8666666666666667,6.0,5.0,157.24747215744202,150,146,154.8507538131175,156.89234490443084,0.2608814751759567,29.69641955055431,1.0,1.0,1.0,1.0,1.0,1.0,1.0,0.0,1.0,1.0,1.0,1.0,2.6045175074635214,30,4.6739757016779855,12.098036017593145,30,20.421453882487658,12.098036017593179,26,21.578513082691103,32.86830511152266,30,123.10393668492654,143.2529493680064,30,581.985997506064,145.47982314187465,24,621.8172820924834,-1.5414430041647336,0.0,-0.1333333333333333,0,0,0,0
99,recipe-visual-best,30,30,26,1.0,0.8666666666666667,6.0,4.633333333333334,157.64487942919754,139,139,156.63053316932624,157.64487942919754,0.10646136733807054,30.210850064704758,1.0,1.0,1.0,0.6333333333333333,1.0,1.0,1.0,0.0,1.0,1.0,1.0,1.0,2.4189337784106275,30,5.366490781197611,12.272388226316611,30,81.68377038095245,22.4542588019567,26,99.22147813595234,30.703101558379892,30,103.32045412004715,92.82692442097405,30,2420.4494074426384,82.28494730073967,24,2712.501446507397,-0.3568970589523133,0.0,-0.1333333333333333,0,0,0,0
100,earlier-selected,29,29,23,1.0,0.7931034482758621,6.0,5.206896551724138,127.9877877428529,151,151,127.9877877428529,127.9877877428529,0.0,34.51728539701538,1.0,1.0,1.0,1.0,1.0,1.0,1.0,0.20689655172413793,1.0,1.0,1.0,1.0,9.269597525010607,29,11.968126649398798,40.244415965433824,29,64.17559171549539,82.31729616960394,16,150.20729246081544,35.091719528973954,29,88.2325760526229,80.90303575596315,29,226.92893220475756,71.89809527384492,20,321.88280488678487,-26.862966070264605,0.0,0.05977011494252882,0,0,0,0
100,recipe-model-top,29,29,22,1.0,0.7586206896551724,6.0,5.0,135.4666783304699,145,145,130.93589602184858,135.4666783304699,0.38569716901915996,34.30972628594969,1.0,1.0,1.0,1.0,1.0,1.0,1.0,0.0,1.0,1.0,1.0,1.0,11.205141790456532,29,13.679453572994424,38.57083057186754,29,49.71321506792733,46.54938111848947,19,165.68420261207729,41.276521510954616,29,81.03824110383705,102.82002508574277,29,363.26315504052036,102.82002508574277,19,377.8701253491286,-21.780793826972115,0.0,-0.10804597701149432,0,0,0,0
100,recipe-visual-best,29,29,24,1.0,0.8275862068965517,6.0,5.0,135.9982669466259,145,145,130.93589602184858,135.9982669466259,0.3580163033117074,34.5594756078214,1.0,1.0,1.0,1.0,1.0,1.0,1.0,0.0,1.0,1.0,1.0,1.0,8.332474219138982,29,11.382366809394124,44.16039968854709,29,72.19639796288402,60.24462900796183,20,110.42836116883232,34.79022140378596,29,73.63361108911086,99.10930722938853,29,260.3097051110655,61.15680410952032,22,303.31963416967136,-21.64661248257164,0.0,-0.039080459770114984,0,0,0,0
101,earlier-selected,30,30,24,1.0,0.8,6.0,3.933333333333333,85.327187370259,100,100,85.327187370259,85.327187370259,0.0,68.86125765413001,1.0,1.0,1.0,1.0,1.0,0.4,1.0,0.03333333333333333,1.0,0.5,1.0,1.0,42.822514485741095,30,114.72589889850173,65.22260909935918,30,74.83133299536007,110.06031534052609,18,116.69344745459284,105.39590576279545,30,1940.2079989637734,58.301424010628224,30,1092.8961267181344,80.65909545921954,22,1301.2401161992095,-42.660600372593905,0.0,0.006896551724137945,0,0,0,0
101,recipe-model-top,30,30,24,1.0,0.8,6.0,4.0,79.59116327501624,102,98,84.06228530629909,79.92574226623739,-0.2524004141152565,70.26593231287171,1.0,1.0,1.0,1.0,1.0,0.5,1.0,0.0,1.0,0.5,1.0,1.0,43.24833219619275,30,85.33980176404467,65.67123094624321,30,74.70262201090141,107.11199083362428,18,124.82316971616996,88.83417587993966,30,1045.8354922742838,55.1603795217267,30,808.5080366524905,54.606127106254526,21,1240.991219039307,-55.87551505545366,0.0,0.04137931034482767,0,0,0,0
101,recipe-visual-best,30,30,24,1.0,0.8,6.0,3.966666666666667,76.6165112193461,100,97,84.97372780497356,79.44523105375767,-0.4498368559374697,73.76075632994127,1.0,0.9666666666666667,1.0,1.0,1.0,0.5,1.0,0.0,1.0,0.5,1.0,1.0,43.519839025920504,30,116.63373556064414,65.77899185602472,30,75.75449140755462,107.58307975591927,19,116.05987084469157,99.58729201531867,30,1832.3824255889976,55.669379098352735,30,779.7625582048857,55.39772459166447,22,1117.9182362508254,-59.38175572727981,0.0,-0.027586206896551668,0,0,0,0
102,earlier-selected,30,30,27,1.0,0.9,5.933333333333334,3.6333333333333333,116.2478150586652,104,104,116.2478150586652,116.2478150586652,0.0,32.18085006855155,1.0,0.16666666666666666,1.0,0.8666666666666667,1.0,0.16666666666666666,1.0,0.8666666666666667,0.9333333333333333,0.6,1.0,0.9666666666666667,47.224151951994855,30,155.97943475635304,59.57600311473697,30,65.93054168220077,64.91296059722059,21,90.93429016968982,120.67384980808002,30,600.6605156495426,95.06657788654056,30,535.0868029074903,68.67938801599556,25,538.9440692513773,30.9206276884062,0.0,0.09999999999999998,0,0,0,0
102,recipe-model-top,30,30,29,1.0,0.9666666666666667,5.933333333333334,3.6333333333333333,114.13996932529135,103,99,115.85733018453494,116.29137718764065,0.11356204133365821,30.31008737222989,1.0,0.16666666666666666,1.0,0.9666666666666667,1.0,0.1,1.0,0.8333333333333334,0.9333333333333333,0.6,1.0,0.9666666666666667,53.21066854898628,30,120.87636335734334,60.343728354198475,30,65.84490196399365,64.85599814726436,23,138.47584567976887,65.31851327789938,30,2061.6507300886065,92.85207495617409,30,549.9836407261508,92.85207495617468,28,581.1857653989218,34.548806050275104,0.0,0.16666666666666663,0,0,0,0
102,recipe-visual-best,30,30,29,1.0,0.9666666666666667,5.933333333333334,3.433333333333333,122.18296800006529,97,97,116.63829993279545,122.18296800006529,0.32965217909750777,32.795883228900124,1.0,0.16666666666666666,1.0,0.7666666666666667,1.0,0.1,1.0,0.8333333333333334,0.9333333333333333,0.6,1.0,0.9666666666666667,56.65067491469967,30,169.4841697669935,55.667547575136666,30,65.686597741835,64.55136720632655,23,127.3040815613969,112.01621110363357,30,1335.5196017735118,72.02097287361926,30,514.7007013525155,72.02097287362382,28,518.1519276524915,45.56645678071919,0.0,0.16666666666666663,0,0,0,0
103,earlier-selected,30,30,30,1.0,1.0,6.0,3.4,163.2967540292208,102,102,163.2967540292208,163.2967540292208,0.0,27.361729760796326,1.0,0.03333333333333333,1.0,0.36666666666666664,1.0,0.0,1.0,1.0,1.0,1.0,1.0,1.0,13.643082402272475,30,67.5774323857145,18.07712518595727,30,58.28583960687303,15.636492896256813,27,58.49622979214796,48.97019282929,30,365.8117585340386,69.82457148354322,30,1382.9972404409348,69.82457148355024,30,1382.9972404409345,47.04893897055561,0.0,0.09999999999999998,0,0,0,0
103,recipe-model-top,30,30,30,1.0,1.0,6.0,3.5,182.83868544761273,105,99,164.1307974180915,178.80963401876636,0.6080637144947332,28.166549501241427,1.0,0.06666666666666667,1.0,0.43333333333333335,1.0,0.0,1.0,1.0,1.0,1.0,1.0,1.0,16.94558695741096,30,60.25551250073716,26.159312192687892,30,60.31574631897965,24.076270159693298,29,60.35256798746345,23.605180768509562,30,354.9506141869033,60.73708779731254,30,601.8278771346171,60.737087797313094,30,601.8278771346182,68.69871612232139,0.0,0.033333333333333326,0,0,0,0
103,recipe-visual-best,30,30,30,1.0,1.0,6.0,3.433333333333333,170.63895352111922,103,97,164.1307974180915,166.08619290425946,0.5225995267620647,34.258998757094716,1.0,0.06666666666666667,1.0,0.36666666666666664,1.0,0.0,1.0,1.0,1.0,1.0,1.0,1.0,16.89140082254246,30,86.46779633152748,22.31903533574883,30,54.72497842581283,28.132529212407253,29,55.57464857736639,32.73600081208586,30,412.385985486112,65.31016775993697,30,1135.9585914734214,68.1262307147078,30,1636.5494143269625,48.45598552105393,0.0,0.033333333333333326,0,0,0,0
104,earlier-selected,30,30,30,1.0,1.0,6.0,3.0,194.68209880375946,90,90,194.68209880375946,194.68209880375946,0.0,29.460029841064262,1.0,0.0,1.0,0.0,1.0,0.0,1.0,1.0,1.0,1.0,1.0,1.0,5.511990304207547,30,10.767076782320045,6.372881172729676,30,53.09298791134455,6.372881172729789,30,53.09298791134456,21.535424773198855,30,60.167661709145555,34.68929220448032,30,76.9756648208361,34.68929220448032,30,76.97566482083694,31.385344774538652,0.0,0.0,0,0,0,0
104,recipe-model-top,30,30,30,1.0,1.0,6.0,3.0,193.91275743929657,90,90,194.68209880375946,193.91275743929657,0.4910636677408675,29.470265289157332,1.0,0.0,1.0,0.0,1.0,0.0,1.0,1.0,1.0,1.0,1.0,1.0,5.929518477325378,30,8.388562322949717,7.2158440913626185,30,50.92579592162964,7.21584409136272,30,50.92579592162964,24.818609108278437,30,57.32746309081331,32.387774222050126,30,85.08440900671391,32.387774222065566,30,85.08440900671043,11.074071991683837,0.0,0.0,0,0,0,0
104,recipe-visual-best,30,30,30,1.0,1.0,6.0,3.0,195.74347344147768,90,90,194.68209880375946,195.74347344147768,0.2154904341685544,29.43604502612468,1.0,0.0,1.0,0.0,1.0,0.0,1.0,1.0,1.0,1.0,1.0,1.0,6.9230856544903725,30,9.281435336434678,6.29642420226296,30,53.46306023496374,6.773530090897344,30,54.50054452763996,22.25905687726855,30,57.50691456256449,32.818565785835766,30,75.48236484070611,32.81856578585574,30,75.48236484071045,25.104519920358456,0.0,0.0,0,0,0,0
105,earlier-selected,30,30,30,1.0,1.0,6.0,3.0,174.95968101226617,90,90,174.95968101226617,174.95968101226617,0.0,34.83038914966761,1.0,0.0,1.0,0.0,1.0,0.0,1.0,1.0,1.0,1.0,1.0,1.0,2.1618269460041644,30,3.5049494775743635,9.246034629292993,30,12.466990577698237,9.24603462929301,30,12.466990577698263,4.5143129977440255,30,35.99632897039384,8.98362522569718,30,23.93741591400595,8.983625225715963,30,23.937415914007865,-19.722417791493285,0.0,0.0,0,0,0,0
105,recipe-model-top,30,30,30,1.0,1.0,6.0,3.0,174.12479750186202,90,90,174.95968101226617,174.12479750186202,0.33120543757091525,34.752843612695926,1.0,0.0,1.0,0.0,1.0,0.0,1.0,1.0,1.0,1.0,1.0,1.0,2.1798548852444704,30,3.509003653407869,9.366774782933234,30,12.603136720322665,9.366774782933295,30,12.603136720322716,6.524231668433805,30,41.70117678978783,9.740381999476568,30,34.19863653831422,9.740381999510038,30,34.19863653830638,-19.78795993743455,0.0,0.0,0,0,0,0
105,recipe-visual-best,30,30,30,1.0,1.0,6.0,3.0,174.01030611181983,90,90,174.95968101226617,174.01030611181983,0.4984200876795448,34.83995165429053,1.0,0.0,1.0,0.0,1.0,0.0,1.0,1.0,1.0,1.0,1.0,1.0,2.2291266625723125,30,3.5947647563412084,9.471546174845965,30,12.681385326368648,9.471546174846004,30,12.681385326368645,5.664014506110064,30,40.02535226877553,8.610454049182495,30,33.79073628326362,8.610454049239681,30,33.79073628328117,-21.733167329657846,0.0,0.0,0,0,0,0
106,earlier-selected,30,30,30,1.0,1.0,5.833333333333333,3.8666666666666667,138.38656793289334,107,107,138.38656793289334,138.38656793289334,0.0,39.9629748698571,0.8333333333333334,0.36666666666666664,1.0,0.0,1.0,0.5,1.0,1.0,1.0,1.0,1.0,1.0,8.287884725279522,30,48.92703978668467,9.703135242435042,30,16.075411110285202,9.703135242435025,30,16.07541111028527,27.191989032051318,30,1489.9264294336083,28.7926017898996,30,528.8901949643347,28.792601789910968,30,528.8901949643366,-36.57311307937283,0.0,0.0,0,0,0,0
106,recipe-model-top,30,30,30,1.0,1.0,5.766666666666667,3.7333333333333334,145.84252593911683,111,107,138.38656793289334,137.51739376028817,-0.02739050143200039,37.44486616119934,0.7666666666666667,0.23333333333333334,1.0,0.0,1.0,0.5,1.0,1.0,1.0,1.0,1.0,1.0,6.370671090883273,30,18.260769061426572,11.644821044138073,30,17.291831363321307,11.64482104413812,30,17.29183136332129,74.1926155098098,30,377.59888827133926,33.77674560922542,30,657.8774822085371,33.7767456092424,30,657.8774822085377,-28.282271562745194,0.0,0.0,0,0,0,0
106,recipe-visual-best,30,30,30,1.0,1.0,5.433333333333334,3.566666666666667,99.38853890665868,107,106,142.21216889486544,99.23557865357238,-2.416327493749341,35.85252526199186,0.43333333333333335,0.06666666666666667,1.0,0.0,1.0,0.5,1.0,1.0,1.0,1.0,1.0,1.0,6.086274462707284,30,8.248962525783206,13.05956444647408,30,17.590709525300017,13.059564446474095,30,17.590709525300035,10.430133233073487,30,201.55713054029874,19.19836278418586,30,536.1245958070602,19.198362784183566,30,536.1245958070604,-74.62176720516115,0.0,0.0,0,0,0,0
107,earlier-selected,30,30,28,1.0,0.9333333333333333,5.8,3.8666666666666667,89.59374193542635,114,114,89.59374193542635,89.59374193542635,0.0,53.756957279483345,1.0,0.1,1.0,0.0,0.8,0.7666666666666667,1.0,1.0,1.0,1.0,1.0,1.0,26.50526675759903,30,40.298408076680666,9.068374123071177,30,19.713977236557795,10.077318532331262,28,19.75633335774996,38.18225849671596,30,1022.7530541801481,16.351943799113997,30,263.38858051011897,14.858070899909013,26,274.04222487055745,-48.79282599746699,0.0,-0.06666666666666665,0,0,0,0
107,recipe-model-top,30,30,27,1.0,0.9,5.366666666666666,3.8,105.67740758411568,114,113,88.9347297731295,105.64224100260574,-0.20083494644219968,54.15213357058752,0.5666666666666667,0.03333333333333333,1.0,0.0,0.8,0.7666666666666667,1.0,1.0,1.0,1.0,1.0,1.0,18.17337717185829,30,25.612301942832,6.310000935954854,30,20.00310609253522,6.777029508707743,27,20.025130755893173,31.285472002832186,30,379.1926241545485,15.963137391131525,30,261.94895587076996,15.963137391140872,24,200.4072279696369,-40.16511835500114,0.0,-0.09999999999999998,0,0,0,0
107,recipe-visual-best,30,30,28,1.0,0.9333333333333333,5.8,3.8666666666666667,90.6038779290244,115,113,88.9347297731295,89.54650006385268,0.3277009873022081,54.15743437151748,1.0,0.1,1.0,0.0,0.8,0.7666666666666667,1.0,1.0,1.0,1.0,1.0,1.0,18.569011549188403,30,61.99146361448763,4.306577869904926,30,20.068057428682604,4.396845178767059,28,20.07750366553216,24.588435266553727,30,939.9981434753705,13.802834943489167,30,248.8395155081075,13.910965319202106,26,253.2965942282481,-8.784660977634275,0.0,-0.06666666666666665,0,0,0,0
108,earlier-selected,30,30,30,1.0,1.0,6.0,4.0,105.77502900891608,120,120,105.77502900891608,105.77502900891608,0.0,31.076711575185108,1.0,0.0,1.0,0.0,1.0,1.0,1.0,1.0,1.0,1.0,1.0,1.0,14.765049070530445,30,38.36760261559383,1.844991446634041,30,18.623545973437512,1.7223387882344743,28,16.550841994509195,15.28829960961005,30,23.042540715751617,8.004176923454263,30,20.346448010180982,8.004176923555832,30,20.34644801024397,16.181287073489727,0.0,0.06666666666666665,0,0,0,0
108,recipe-model-top,30,30,30,1.0,1.0,6.0,4.0,112.92802029276598,120,120,105.77502900891608,112.92802029276598,-0.9603795275030294,30.739174378109357,1.0,0.0,1.0,0.0,1.0,1.0,1.0,1.0,1.0,1.0,1.0,1.0,12.15389662487206,30,17.280617527063878,1.3987712488898394,30,19.33375916856626,1.3681002753121123,27,19.549932712726783,5.676956784673633,30,20.12547996307592,8.158339294557674,30,13.249586792073526,8.158339294597813,30,13.249586792145626,7.250612708650294,0.0,0.09999999999999998,0,0,0,0
108,recipe-visual-best,30,30,30,1.0,1.0,6.0,4.0,112.8670996177658,120,120,105.77502900891608,112.8670996177658,-0.9380066690562074,30.71501021989448,1.0,0.0,1.0,0.0,1.0,1.0,1.0,1.0,1.0,1.0,1.0,1.0,13.966108373313807,30,61.56379594073942,1.386603607513615,30,17.948743124037463,1.3477496245582992,28,18.198633712305885,5.642033540250216,30,16.624437810061885,6.180630612214347,30,15.630212266886398,6.180630612264441,30,15.630212266907352,22.263221688741396,0.0,0.06666666666666665,0,0,0,0
109,earlier-selected,30,30,30,1.0,1.0,6.0,4.0,116.9872389020239,120,120,116.9872389020239,116.9872389020239,0.0,30.82639756790268,1.0,0.0,1.0,0.0,1.0,1.0,1.0,1.0,1.0,1.0,1.0,1.0,1.0006155437471418,30,12.818907368948123,1.14475762984524,30,1.9074161359055986,1.14475762984621,30,1.9074161359056512,9.349977949660328,30,24.015035496516116,8.184577359614465,30,23.81321294815193,8.184577359674751,30,23.813212948179437,11.212209893107826,0.0,0.0,0,0,0,0
109,recipe-model-top,30,30,30,1.0,1.0,6.0,4.0,112.77301296387739,120,120,116.9872389020239,112.77301296387739,-1.079857771110241,30.731299988408345,1.0,0.0,1.0,0.0,1.0,1.0,1.0,1.0,1.0,1.0,1.0,1.0,0.995047904898871,30,1.4623999141278026,1.0599567255226319,30,1.6794565947277529,1.0599567255226254,30,1.6794565947277316,12.675584413732922,30,26.363669093921647,7.8974615383242,30,23.866001028165183,7.897461538303914,30,23.866001028204344,-0.15500732888858693,0.0,0.0,0,0,0,0
109,recipe-visual-best,30,30,30,1.0,1.0,6.0,4.0,111.23077989305531,120,120,116.9872389020239,111.23077989305531,-1.6524914226269232,30.784527827915603,1.0,0.0,1.0,0.0,1.0,1.0,1.0,1.0,1.0,1.0,1.0,1.0,1.1093144230560033,30,1.6303974360615086,1.1195841369343955,30,1.7559514969115284,1.119584136934552,30,1.7559514969121295,9.01112668726108,30,16.622669715270614,8.539387097542024,30,21.927744276409136,8.539387097599484,30,21.92774427643613,-1.6363197247104893,0.0,0.0,0,0,0,0
110,earlier-selected,30,30,29,1.0,0.9666666666666667,6.0,4.0,116.70142784393292,120,120,116.70142784393292,116.70142784393292,0.0,30.5978868873593,1.0,0.0,1.0,0.0,1.0,1.0,1.0,1.0,1.0,1.0,1.0,1.0,2.1881407780019115,30,13.816860471878915,1.6958775701795368,30,2.640157708361928,1.610953585959651,29,2.6403830050774397,15.090497530403297,30,369.871399872641,8.637980663497812,30,27.473140778714527,9.964117045795401,28,28.06679078889959,-0.28581105809098517,0.0,-0.033333333333333326,0,0,0,0
110,recipe-model-top,30,30,29,1.0,0.9666666666666667,6.0,4.0,116.43350494727841,120,120,116.70142784393292,116.43350494727841,-0.2278377209498501,30.786100172695782,1.0,0.0,1.0,0.0,1.0,1.0,1.0,1.0,1.0,1.0,1.0,1.0,2.148493598734106,30,13.266537877173985,1.5287533423690705,30,2.6273824644925434,1.2180010826269148,29,2.645871021610075,21.50707318000565,30,352.547730516231,12.36248195036777,30,27.33372965374915,12.697293372498539,28,28.037878454286997,3.660491983401016,0.0,-0.033333333333333326,0,0,0,0
110,recipe-visual-best,30,30,29,1.0,0.9666666666666667,6.0,4.0,114.12685991998285,120,120,116.70142784393292,114.12685991998285,-1.3207846975977304,30.7055895529338,1.0,0.0,1.0,0.0,1.0,1.0,1.0,1.0,1.0,1.0,1.0,1.0,2.3179901166028234,30,13.166975329000987,1.6567943040710573,30,2.6300842001888998,1.455930850453445,29,2.6393715310819235,9.650614205824777,30,353.66095633640697,10.254600446268588,30,24.34047841694376,10.96030016354015,28,24.426722168645558,2.8960800269275353,0.0,-0.033333333333333326,0,0,0,0
111,earlier-selected,30,30,30,1.0,1.0,6.0,4.0,135.77350919364318,120,120,135.77350919364318,135.77350919364318,0.0,30.35515426500165,1.0,0.0,1.0,0.0,1.0,1.0,1.0,1.0,1.0,1.0,1.0,1.0,1.4740877815159412,30,11.561736622012054,0.8258169483706821,30,2.381584180270078,0.818100759723538,29,2.385693212822231,7.147088767502009,30,15.841141018603743,7.258817243494494,30,15.692308231333483,7.258817243562072,30,15.692308231333483,19.07208134971026,0.0,0.033333333333333326,0,0,0,0
111,recipe-model-top,30,30,30,1.0,1.0,6.0,4.0,134.70918270055057,120,120,135.77350919364318,134.70918270055057,0.05376947242200458,30.9775099962484,1.0,0.0,1.0,0.0,1.0,1.0,1.0,1.0,1.0,1.0,1.0,1.0,1.600582435925363,30,11.31735317968393,0.891852462950286,30,2.142801472328886,0.9363750430158215,29,2.159428985372557,9.688294303645037,30,16.90136392827865,9.732010219880346,30,18.154161570817255,9.732010219914008,30,18.15416157084996,18.275677753272163,0.0,0.033333333333333326,0,0,0,0
111,recipe-visual-best,30,30,30,1.0,1.0,6.0,4.0,131.37117526453136,120,120,135.77350919364318,131.37117526453136,-0.0873505382182671,30.83687574596945,1.0,0.0,1.0,0.0,1.0,1.0,1.0,1.0,1.0,1.0,1.0,1.0,1.4833615745434896,30,11.420179479328315,0.8496542241463052,30,2.450422341388916,0.8530487325212404,29,2.4528301989108363,5.674748461430484,30,14.550376797707111,7.438794411627745,30,17.386722842318235,7.438794411671752,30,17.386722842355898,17.24431534454851,0.0,0.033333333333333326,0,0,0,0
112,earlier-selected,30,30,29,1.0,0.9666666666666667,6.0,4.0,134.02354414880563,120,120,134.02354414880563,134.02354414880563,0.0,29.777213253557925,1.0,0.0,1.0,0.0,1.0,1.0,1.0,1.0,1.0,1.0,1.0,1.0,0.7336486835861472,30,1.1080402772226552,1.0543990111920016,30,1.9698334694515756,1.0787063647781026,29,2.0031495423111516,8.79728404624856,30,15.611970758808964,14.28953305384449,30,25.461464427549206,14.289533053857188,28,25.606219347957545,-1.7499650448375519,0.0,-0.033333333333333326,0,0,0,0
112,recipe-model-top,30,30,30,1.0,1.0,6.0,4.0,133.6156624031182,120,120,134.02354414880563,133.6156624031182,-0.000662840066190995,30.392519940031665,1.0,0.0,1.0,0.0,1.0,1.0,1.0,1.0,1.0,1.0,1.0,1.0,0.7272359609598544,30,1.1491505379789786,0.8928661456112791,30,2.178117415598187,0.8928661456118845,30,2.1781174155983374,11.555551316093684,30,17.54793153533806,11.840404254144058,30,23.026434715928556,11.840404254185483,30,23.026434715957215,-1.0935202974323772,0.0,0.0,0,0,0,0
112,recipe-visual-best,30,30,30,1.0,1.0,6.0,4.0,134.32116459897048,120,120,134.02354414880563,134.32116459897048,-0.04839130419828308,29.837250212545992,1.0,0.0,1.0,0.0,1.0,1.0,1.0,1.0,1.0,1.0,1.0,1.0,0.6697913867887869,30,1.3470712538743008,1.1004736534522346,30,2.059392113732454,1.1004736534527306,30,2.0593921137329665,6.898626968261789,30,14.832583944392796,13.11330456132289,30,25.315486844831188,13.113304561371875,30,25.315486844867234,2.949989334439124,0.0,0.0,0,0,0,0
113,earlier-selected,30,30,28,1.0,0.9333333333333333,6.0,4.0,129.09727592077346,120,120,129.09727592077346,129.09727592077346,0.0,27.050839052213124,1.0,0.0,1.0,0.0,1.0,1.0,1.0,1.0,1.0,1.0,1.0,1.0,2.9134127064655355,30,4.24283587837231,1.3232988865208846,30,1.9107361510231085,1.3179221417761107,27,1.8120275356885136,7.891342994140519,30,22.798502840016877,14.095015060610528,30,43.432482296849734,13.325644818807293,27,24.956571218605475,-4.926268228032171,0.0,-0.033333333333333326,0,0,0,0
113,recipe-model-top,30,30,25,1.0,0.8333333333333334,6.0,4.0,128.27077002271392,120,120,129.09727592077346,128.27077002271392,0.023582680556359037,26.77829245541269,1.0,0.0,1.0,0.0,1.0,1.0,1.0,1.0,1.0,1.0,1.0,1.0,2.2210000396470098,30,3.872111628147782,1.0187549561196045,30,1.5473211564073428,0.7899029374226523,25,1.3939073534429416,15.984803016233677,30,41.882317004993375,15.458550137744874,30,42.84794991363442,16.9948823215847,23,29.296274419741458,-5.344892380404275,0.0,-0.16666666666666663,0,0,0,0
113,recipe-visual-best,30,30,23,1.0,0.7666666666666667,6.0,4.0,128.04354996455982,120,120,129.09727592077346,128.04354996455982,-0.06783245181563302,26.56336630417776,1.0,0.0,1.0,0.0,1.0,1.0,1.0,1.0,1.0,1.0,1.0,1.0,2.0841567449150378,30,3.8379958415170137,1.1646900668742384,30,1.6975498542482954,0.9218808533976598,23,1.4727224454154748,9.469079789550218,30,25.346676389990655,13.385882105734574,30,41.06769805789986,13.48090007476329,21,25.521899250738503,-6.277614634410668,0.0,-0.23333333333333328,0,0,0,0
114,earlier-selected,30,30,28,1.0,0.9333333333333333,6.0,3.966666666666667,113.86628521412366,119,119,113.86628521412366,113.86628521412366,0.0,26.233253177159717,1.0,0.0,1.0,0.0,1.0,1.0,1.0,1.0,1.0,1.0,1.0,0.9666666666666667,1.573853224860597,30,3.630578732928741,1.4822524667220536,30,2.060552119737221,1.4525957365028301,26,1.8897821759348128,9.003868073489917,30,47.58983939432996,9.974103603148805,30,28.788662836575586,9.974103603180893,28,27.717532684734437,-15.230990706649791,0.0,0.0,0,0,0,0
114,recipe-model-top,30,30,19,1.0,0.6333333333333333,6.0,3.966666666666667,113.65663462571082,119,119,113.86628521412366,113.65663462571082,0.3811812350067356,26.35987947804371,1.0,0.0,1.0,0.0,1.0,1.0,1.0,1.0,1.0,1.0,1.0,0.9666666666666667,2.0184948254290003,30,3.4389980019945017,1.405055339056251,30,2.053806427826359,1.3822175134056889,16,1.674675036279547,21.50684535367818,30,58.39605876435494,13.194860933426789,30,33.129256189499955,10.84841970786187,13,28.74332851087807,-14.614135397003096,0.0,-0.20000000000000007,0,0,0,0
114,recipe-visual-best,30,30,21,1.0,0.7,6.0,3.966666666666667,113.84589200420768,119,119,113.86628521412366,113.84589200420768,0.17854176026729363,25.983998183211654,1.0,0.0,1.0,0.0,1.0,1.0,1.0,1.0,1.0,1.0,1.0,0.9666666666666667,1.9128153821482097,30,3.5499405764174115,1.533697808112345,30,2.0137551987054803,1.52776531060788,16,1.860489587674771,9.820080433588036,30,53.826805305568264,11.657607450931291,30,26.051649156219845,10.423191767409362,16,18.87367938162408,-14.197657960352132,0.0,-0.06666666666666676,0,0,0,0
115,earlier-selected,30,30,27,1.0,0.9,6.0,4.0,113.39446556464945,120,120,113.39446556464945,113.39446556464945,0.0,27.206255862798088,1.0,0.0,1.0,0.0,1.0,1.0,1.0,1.0,1.0,1.0,1.0,1.0,5.663133654450203,30,6.567101258613212,4.453570170104447,30,6.69814464158735,4.961223286292452,25,7.324152882859263,7.805538678538891,30,15.09521456909898,16.552856538731394,30,45.20799534784926,19.76513564979003,26,47.389089867201974,-0.47181964947421307,0.0,-0.033333333333333326,0,0,0,0
115,recipe-model-top,30,30,16,1.0,0.5333333333333333,6.0,4.0,115.50478251796785,120,120,113.39446556464945,115.50478251796785,2.531064292869754,27.015254624845227,1.0,0.0,1.0,0.0,1.0,1.0,1.0,1.0,1.0,1.0,1.0,1.0,5.121633009207189,30,6.338770910201094,4.862467013220735,30,7.201839630937782,6.1553540641010756,10,8.704446281921628,9.587016123697031,30,34.83265114889797,14.36884869683658,30,47.412350143602,12.648933100863339,12,32.5934875140897,1.8481478922570318,0.0,-0.09999999999999998,0,0,0,0
115,recipe-visual-best,30,30,17,1.0,0.5666666666666667,6.0,4.0,115.2707342292106,120,120,113.39446556464945,115.2707342292106,2.6490521883127727,25.16301368913033,1.0,0.0,1.0,0.0,1.0,1.0,1.0,1.0,1.0,1.0,1.0,1.0,4.732111917734995,30,5.892298445765054,4.850163590850037,30,7.334418184414547,6.137875358137748,10,8.610245968266794,8.304979220833747,30,18.883625052039378,14.564160356129268,30,47.971468539215586,13.530920759031282,12,32.31248978537253,1.4248422250029193,0.0,-0.1333333333333333,0,0,0,0
116,earlier-selected,30,30,17,1.0,0.5666666666666667,6.0,3.2,150.72397160500543,92,92,150.72397160500543,150.72397160500543,0.0,78.31181008814406,1.0,0.0,1.0,0.0,1.0,0.7666666666666667,1.0,0.43333333333333335,1.0,1.0,1.0,1.0,18.90960350544521,30,35.28570105201425,31.15070306556929,30,56.89467093358792,29.46321410821649,14,34.5968338955399,104.74771815979369,30,1204.7566354026076,152.5941682625687,30,2318.347017719453,29.55093922095935,12,117.3578007350465,37.32950604035598,0.0,-0.33333333333333337,0,0,0,0
116,recipe-model-top,30,30,21,1.0,0.7,6.0,3.2666666666666666,147.3835287479723,93,89,141.63564934734026,142.73670488970055,2.4801449394164194,85.97410207559005,1.0,0.0,1.0,0.03333333333333333,1.0,0.7666666666666667,1.0,0.4666666666666667,1.0,1.0,1.0,1.0,18.920057086412264,30,37.40747204847167,30.074443258707092,30,55.67709131886807,32.07008807866916,10,66.29167280780845,163.5728058592449,30,1186.54408546768,106.98285754243307,30,1454.1691708107112,90.6726414473271,14,1200.579712649815,31.878746230004438,0.0,0.16666666666666663,0,0,0,0
116,recipe-visual-best,30,30,23,1.0,0.7666666666666667,6.0,3.2333333333333334,142.41632896554881,91,88,140.442821747337,137.91523620954473,3.716492142967873,89.08169619406908,1.0,0.0,1.0,0.0,1.0,0.7666666666666667,1.0,0.4666666666666667,1.0,1.0,1.0,1.0,19.93525693004382,30,36.835490525039035,30.064450017414607,30,54.93919026396295,33.288638843948085,12,115.66383996866851,105.65058928042598,30,870.6553805874676,70.286139717135,30,1389.2057593667382,58.907449757807875,17,754.7272005400415,27.14559473633821,0.0,0.20000000000000007,0,0,0,0
117,earlier-selected,30,30,19,1.0,0.6333333333333333,6.0,3.9,244.40167097449725,106,106,244.40167097449725,244.40167097449725,0.0,41.86275753805609,1.0,0.0,1.0,0.5666666666666667,1.0,1.0,1.0,0.3333333333333333,1.0,1.0,1.0,1.0,27.973502051200413,30,48.9008095102282,42.95283860323099,30,56.30523499242308,86.28909891450888,12,141.29054335646003,109.2361529358509,30,1476.4896031563521,71.17234393443209,30,397.40745088421784,85.12977142758126,12,179.50538817269415,93.67769936949182,0.0,0.06666666666666665,0,0,0,0
117,recipe-model-top,30,30,20,1.0,0.6666666666666666,6.0,3.966666666666667,215.33620812464295,111,101,233.03312437933874,220.15973893574414,-2.8331160958787223,93.82709164655871,1.0,0.0,1.0,0.6666666666666666,1.0,0.9666666666666667,1.0,0.3333333333333333,1.0,1.0,1.0,1.0,29.359576672431093,30,80.07929971447108,38.1420663769685,30,77.74370475801109,118.50345923915106,12,140.8375324787377,193.50875023999382,30,2312.955463070793,88.3063173059859,30,1464.0473114188835,87.2463246417862,16,1359.635314851197,67.95267937667066,0.0,-0.033333333333333326,0,0,0,0
117,recipe-visual-best,30,30,20,1.0,0.6666666666666666,6.0,3.9,248.64066020655528,107,105,233.03312437933874,241.90145783899362,0.4499517443527168,41.05601172422594,1.0,0.0,1.0,0.6,1.0,0.9666666666666667,1.0,0.3333333333333333,1.0,1.0,1.0,1.0,31.329538611108568,30,49.75588616223223,45.33271211066002,30,76.91084348163443,127.05117461720128,15,145.29251960858306,132.12059959439517,30,513.3804985789642,78.42893108448067,30,391.42157925745994,88.06701113155327,17,3300.7833885863765,106.22433124100647,0.0,-0.10000000000000009,0,0,0,0
118,earlier-selected,30,30,22,1.0,0.7333333333333333,6.0,4.0,303.1390382442052,118,118,303.1390382442052,303.1390382442052,0.0,68.65403073643822,1.0,0.0,1.0,1.0,1.0,1.0,1.0,0.0,1.0,1.0,1.0,1.0,31.787050699875337,30,38.504336273436884,15.196909335259672,30,37.850450740453844,146.62471083463132,16,172.41848159696306,129.0659327204287,30,849.7339635639479,95.91100701724424,30,848.7357555054593,816.3265587010956,19,5085.095642616692,58.73736726970796,0.0,0.09999999999999998,0,0,0,0
118,recipe-model-top,30,30,20,1.0,0.6666666666666666,6.0,4.0,314.98593087444993,118,118,303.1390382442052,314.98593087444993,2.703554282916656,72.90027028773295,1.0,0.0,1.0,1.0,1.0,1.0,1.0,0.0,1.0,1.0,1.0,1.0,38.44605038273495,30,97.67321336943111,19.686961876566784,30,41.40303980317528,146.8941659338298,16,163.33942173449515,85.0582193939445,30,741.2056689543246,66.35222903448937,30,494.5909639387318,938.6092128728891,15,5081.9225739246185,99.64972274980698,0.0,0.0,0,0,0,0
118,recipe-visual-best,30,30,18,1.0,0.6,6.0,4.0,315.0587584666888,118,118,303.1390382442052,315.0587584666888,1.825445277110532,72.41374806553478,1.0,0.0,1.0,1.0,1.0,1.0,1.0,0.0,1.0,1.0,1.0,1.0,34.7913545995542,30,47.41149761743839,17.631411522076693,30,30.97952493506388,161.1986128203454,14,171.47741439694835,82.75956633783099,30,757.9431682865364,66.1840527960967,30,497.6918233296601,968.1537023936946,13,5081.7059903651525,66.41809826013352,0.0,-0.06666666666666665,0,0,0,0
119,earlier-selected,30,30,23,1.0,0.7666666666666667,5.933333333333334,3.4,146.2580647397355,101,101,146.2580647397355,146.2580647397355,0.0,65.85946517816635,1.0,0.0,1.0,1.0,1.0,0.4,1.0,0.6333333333333333,1.0,0.4666666666666667,0.9333333333333333,0.9,35.27127390570231,30,49.45691624206415,33.22491632358397,30,45.68337588459782,41.39319672094902,18,153.98966739450628,226.28970310441537,30,1717.4216208938574,97.03003727049175,30,1144.5194120662647,103.64207419121941,19,883.4830209419316,-156.88097350446972,0.0,0.03333333333333344,0,0,0,0
119,recipe-model-top,30,30,25,1.0,0.8333333333333334,5.933333333333334,3.566666666666667,185.16893067721145,105,96,150.3439706463717,194.78508639834274,-0.28864378379958566,61.10607266148786,1.0,0.0,1.0,1.0,1.0,0.4,1.0,0.8,1.0,0.4666666666666667,0.9333333333333333,0.9,37.92594788203756,30,66.40933758728968,31.919382111446886,30,40.855014725863036,34.6322083725798,16,99.55723966023068,152.69440964793836,30,2396.3584876080527,48.224962515871866,30,857.066536997201,40.6916616768694,24,1039.46637175896,-129.81700019723849,0.0,0.16666666666666674,0,0,0,0
119,recipe-visual-best,30,30,27,1.0,0.9,5.933333333333334,3.533333333333333,181.14103489511768,104,95,150.5390924691468,196.8272651428154,-0.5658486371753497,58.56100817509791,1.0,0.0,1.0,1.0,1.0,0.4,1.0,0.7666666666666667,1.0,0.4666666666666667,0.9333333333333333,0.9,40.975081453754996,30,66.49946108307611,32.030561760025115,30,44.638688332329,35.35028588721386,17,144.3389517604159,146.15070002309534,30,2398.4171344162974,44.303223417465034,30,856.7860559026392,41.62845072851818,25,930.7260552598821,-133.91772357157112,0.0,0.30000000000000004,0,0,0,0
120,earlier-selected,30,30,25,1.0,0.8333333333333334,5.9,3.966666666666667,181.07205401802966,108,108,181.07205401802966,181.07205401802966,0.0,70.22348074650941,1.0,0.0,1.0,1.0,1.0,0.8,1.0,0.6666666666666666,1.0,0.6,0.9,0.9,28.057964171041,30,45.00725698296519,30.350247736713683,30,42.13471841038141,33.02415556568487,18,144.57654921521643,147.622352520736,30,361.6938847812976,138.81471690255023,30,321.2824595710365,117.59154613357744,22,5237.297124822834,34.81398927829417,0.0,0.06666666666666665,0,0,0,0
120,recipe-model-top,30,30,24,1.0,0.8,5.9,3.566666666666667,171.2842830364097,104,92,192.33504453202949,167.4679586825318,-6.025057200222918,73.81543023743976,1.0,0.0,1.0,0.9333333333333333,1.0,0.7666666666666667,1.0,0.36666666666666664,1.0,0.6,0.9,0.9,25.25101729668727,30,61.50399331177353,29.070603188702307,30,45.95665481779257,29.45490385650869,19,64.81797309390771,138.65297063749367,30,1417.5962646385822,179.63623675858673,30,532.3896695893181,185.55025356334227,19,1790.8069156325641,-13.884647640801745,0.0,-0.033333333333333326,0,0,0,0
120,recipe-visual-best,30,30,25,1.0,0.8333333333333334,5.9,3.6666666666666665,155.34869052358226,107,91,195.6970596997805,139.4366507894233,-21.905652446049544,76.92510793780954,1.0,0.0,1.0,1.0,1.0,0.7666666666666667,1.0,0.4,1.0,0.6,0.9,0.9,32.62865825489504,30,115.2672707236701,29.267864656477443,30,44.63725825501429,34.44304154920148,22,154.76164726631353,355.9449167134526,30,3755.0800417094124,176.3167417220273,30,550.1229789597712,185.53087613874683,21,4970.131555530674,-25.79234437153542,0.0,-0.06666666666666665,0,0,0,0
121,earlier-selected,30,30,27,1.0,0.9,6.0,3.966666666666667,269.23248658157934,119,119,269.23248658157934,269.23248658157934,0.0,58.043863871382825,1.0,0.0,1.0,0.9666666666666667,1.0,1.0,1.0,0.0,1.0,1.0,1.0,1.0,16.35261351284958,30,32.739162234195085,32.05313550124837,30,47.70665054791999,32.78923034215511,22,145.35976559799482,106.7665960103695,30,1122.895901897402,67.52029408117326,30,990.1689258301985,55.08334648957138,23,748.8676381606574,88.16043256354968,0.0,0.06666666666666665,0,0,0,0
121,recipe-model-top,30,30,25,1.0,0.8333333333333334,6.0,3.9,146.81827125025052,114,110,265.292453062146,148.20562284636853,-49.576381314241175,93.8181081223495,1.0,0.0,1.0,0.8,1.0,1.0,1.0,0.1,1.0,1.0,1.0,1.0,17.1124832199883,30,33.1512606438777,14.896593084629254,30,30.297437310426517,19.29649908566718,20,32.230596522863,61.85932287284345,30,240.7672537266968,42.80781292357453,30,197.52952620148383,45.23891671380999,23,202.10606822638138,-24.466011786159186,0.0,0.033333333333333326,0,0,0,0
121,recipe-visual-best,30,30,30,1.0,1.0,6.0,4.066666666666666,146.95055577392867,121,116,267.38101170819857,147.08884262323642,-39.98091269420912,72.88881135291464,1.0,0.0,1.0,0.9333333333333333,1.0,1.0,1.0,0.13333333333333333,1.0,1.0,1.0,1.0,30.916384360429234,30,116.7575132522806,27.001158260758498,30,51.37674082861592,30.02608146753154,25,163.10982134237716,59.83737382188173,30,952.8277128494561,47.336214559906985,30,867.2124118226611,47.336214559910275,30,867.2124118226618,-8.398134749653593,0.0,0.16666666666666663,0,0,0,0
122,earlier-selected,30,30,30,1.0,1.0,6.0,3.533333333333333,207.6574607497799,105,105,207.6574607497799,207.6574607497799,0.0,54.13741659341663,1.0,0.0,1.0,1.0,1.0,1.0,1.0,0.0,1.0,1.0,1.0,0.5333333333333333,20.033214244972804,30,31.56531685616187,14.04338877536571,30,36.990190098258815,14.356778213253524,27,41.72402630885414,43.57869193067648,30,225.78265142682204,25.603863184334607,30,101.0250903734141,25.603863184353315,30,101.02509037342298,-61.57502583179945,0.0,0.09999999999999998,0,0,0,0
122,recipe-model-top,30,30,30,1.0,1.0,6.0,3.533333333333333,149.38063317683645,106,105,207.6574607497799,151.69400400897644,-42.7261602017864,81.61670069994116,1.0,0.0,1.0,1.0,1.0,1.0,1.0,0.0,1.0,1.0,1.0,0.5333333333333333,16.26213467810406,30,19.631166136611803,13.880908858165716,30,16.083940404218218,13.77204368647068,25,16.02601073596783,9.78509206595627,30,180.04878061896557,10.240708275569004,30,91.00694156773874,10.24070827560133,30,91.0069415677397,2.562361926585936,0.0,0.16666666666666663,0,0,0,0
122,recipe-visual-best,30,30,30,1.0,1.0,6.0,3.533333333333333,144.23798079546629,106,105,207.6574607497799,144.02896550032554,-52.96727242623001,71.88449412170175,1.0,0.0,1.0,1.0,1.0,1.0,1.0,0.0,1.0,1.0,1.0,0.5333333333333333,21.13690527200138,30,29.221133131309188,14.30547728763531,30,37.11804299478987,14.305477287635322,30,37.118042994789874,91.98652945189615,30,166.2544930306029,17.619003731208696,30,54.1071591074773,17.619003731238006,30,54.107159107476164,-2.712574978462385,0.0,0.0,0,0,0,0
123,earlier-selected,30,30,27,1.0,0.9,5.333333333333333,3.0,153.72995410735157,86,86,153.72995410735157,153.72995410735157,0.0,99.17869181309254,1.0,0.0,1.0,1.0,1.0,1.0,1.0,0.0,1.0,1.0,0.3333333333333333,0.0,26.04042917503554,30,88.73616684632496,13.705295829613831,30,15.117875435221553,14.081679186417787,27,15.213786927018454,89.67366733808699,30,6316.587920340845,24.99147090088359,30,112.93431360975364,24.008466597698963,27,142.8865238313428,-53.92750664242831,0.0,-0.09999999999999998,0,0,0,0
123,recipe-model-top,30,30,23,1.0,0.7666666666666667,5.333333333333333,2.7,121.63136405509098,81,66,148.33782686864066,97.35053427175231,-38.91349247251229,69.25124451796539,1.0,0.0,1.0,0.3333333333333333,1.0,1.0,1.0,0.36666666666666664,1.0,1.0,0.3333333333333333,0.0,13.515453587149391,30,33.75366404456997,13.389414617090399,30,15.896698451550273,14.152447282158734,23,16.052993972037875,150.6326231528,30,2045.9037172488463,23.244849578133945,30,382.22714994154603,13.365136245286534,21,292.308112026259,-27.74926912174547,0.0,-0.23333333333333328,0,0,0,0
123,recipe-visual-best,30,30,24,1.0,0.8,5.333333333333333,3.0,121.13952761829694,79,78,154.243794348813,121.07781294926541,-57.68261330601173,82.45586513320345,1.0,0.0,1.0,1.0,1.0,1.0,1.0,0.0,1.0,1.0,0.3333333333333333,0.0,17.44208891291605,30,23.93675075151249,14.085895970359807,30,14.993695405990639,14.383081139447494,24,15.02523719923901,48.45722738432586,30,582.116660430611,26.02702652466042,30,86.84298526677286,24.397207504266923,22,60.3473604366079,-23.098453177169347,0.0,-0.19999999999999996,0,0,0,0
124,earlier-selected,30,30,24,1.0,0.8,5.0,2.7,202.8772331481837,81,81,202.8772331481837,202.8772331481837,0.0,101.53888169306325,1.0,0.0,1.0,0.7,1.0,1.0,1.0,0.0,1.0,1.0,0.0,0.0,13.2952614292072,30,60.39162128908993,2.312600138613523,30,6.270229391531792,5.014078598550206,21,177.51913788729277,259.8565554266159,30,1764.6638299169783,17.14428180586683,30,91.31159812790452,30.92160746416574,19,86.16116003595918,49.14727904083213,0.0,-0.09999999999999998,0,0,0,0
124,recipe-model-top,30,30,11,1.0,0.36666666666666664,5.0,3.533333333333333,231.70149422130748,106,67,159.2362025321911,233.4722618051614,66.17945455380632,51.03628716440714,1.0,0.0,1.0,0.5333333333333333,1.0,1.0,1.0,1.0,1.0,1.0,0.0,0.0,12.23380631343387,30,38.62575475971957,15.36868578656593,30,26.227256250038007,155.40877667052592,10,167.55380484102744,16.437463528718588,30,91.5997431140902,16.834939057230475,30,40.87319843729407,23.930171311368852,8,209.04853947304247,110.0701301662165,0.0,-0.4000000000000001,0,0,0,0
124,recipe-visual-best,30,30,16,1.0,0.5333333333333333,5.0,3.0,157.94921381082887,89,80,203.68772195223448,163.73164549774373,-35.22202490721957,82.32780049072716,1.0,0.0,1.0,1.0,1.0,1.0,1.0,0.0,1.0,1.0,0.0,0.0,18.27688501698521,30,158.07148849728247,6.392298352802708,30,8.159171294077522,173.01480163604123,13,174.98881013765862,9.496516568737544,30,11273.406029126898,18.03120184428729,30,407.2981935087413,10.78504229831509,9,41.247396126948004,36.80968619253193,0.0,-0.2666666666666667,0,0,0,0
125,earlier-selected,30,30,13,1.0,0.43333333333333335,5.0,3.0,208.2879123018195,90,90,208.2879123018195,208.2879123018195,0.0,98.57059427691652,1.0,0.0,1.0,1.0,1.0,1.0,1.0,0.0,1.0,1.0,0.0,0.0,25.064982947284598,30,52.30200151423821,2.8889848176887174,30,3.7522975598219275,175.90437651744801,8,176.41301573365965,128.02400665210115,30,1104.4689434669192,9.30779138494512,30,86.94695077863898,6.248331682584854,13,68.77150245069969,5.410679153635783,0.0,-0.3666666666666667,0,0,0,0
125,recipe-model-top,30,30,0,1.0,0.0,5.0,3.0,145.97211663840392,90,60,178.36299123510628,180.8064473504358,-15.239637276304947,56.44372232752075,1.0,0.0,1.0,0.0,1.0,1.0,1.0,1.0,1.0,1.0,0.0,0.0,16.221418606802832,30,18.503655717576965,15.406689477700734,30,18.687747541321105,,0,,39.033649529301,30,93.50119612919111,23.352146962760344,30,54.41832273835839,,0,,-85.72937758290357,0.0,-0.36666666666666664,0,0,0,0
125,recipe-visual-best,30,30,15,1.0,0.5,5.0,3.466666666666667,139.62170528019362,97,83,213.083724455694,141.75990655582675,-78.46841071439007,89.71030209627287,1.0,0.0,1.0,1.0,1.0,1.0,1.0,0.4666666666666667,1.0,1.0,0.0,0.0,4.68783090738271,30,82.39304757940646,7.02126062944582,30,15.406519199002307,9.960332216209226,9,10.262707090012983,132.46358925957458,30,1018.2041195093556,198.14369642123825,30,303.98354178475165,25.7127248601515,9,304.7185905719816,-18.327508530635242,0.0,-0.033333333333333326,0,0,0,0
126,earlier-selected,30,30,20,1.0,0.6666666666666666,5.566666666666666,3.3333333333333335,240.66742500663685,100,100,240.66742500663685,240.66742500663685,0.0,67.59553219729264,1.0,0.0,1.0,0.8,1.0,1.0,1.0,0.0,1.0,0.9666666666666667,0.5666666666666667,0.5666666666666667,9.707979397991778,30,34.98229574086417,12.887462300505673,30,33.428308692551674,1.6832188489158775,3,3.680019985571783,75.33904971104295,30,387.8566586984364,53.881227582039756,30,398.50268978704725,97.36413059206035,18,406.0939526383949,32.37951270481736,0.0,0.23333333333333328,0,0,0,0
126,recipe-model-top,30,30,18,1.0,0.6,5.566666666666666,3.033333333333333,151.12108313025774,87,73,218.02210365420018,218.03064816550216,-30.756409416045386,75.8587335240601,1.0,0.0,1.0,0.03333333333333333,1.0,1.0,1.0,0.4666666666666667,1.0,0.9666666666666667,0.5666666666666667,0.5666666666666667,8.245674908794133,30,16.825239879401607,13.49722428817433,30,17.07360757847118,,0,,58.73878553648123,30,547.395468105464,28.523121729495642,30,402.5220200220668,40.82325554834022,16,397.5741664218433,5.148966491853827,0.0,0.6,0,0,0,0
126,recipe-visual-best,30,30,26,1.0,0.8666666666666667,5.566666666666666,3.4,143.21986421744546,97,85,231.3911615901231,145.20736056947828,-35.77931832134732,95.25131433694457,1.0,0.0,1.0,0.5666666666666667,1.0,1.0,1.0,0.3,1.0,0.9666666666666667,0.5666666666666667,0.5666666666666667,13.785777065085785,30,19.682994512370577,11.112270197798072,30,17.68866007230871,10.731869129962025,13,168.4184932454134,39.096046472838665,30,393.07135628062554,24.86599277071228,30,410.156952116788,19.911102108210933,22,269.44937652978007,3.5981589372518386,0.0,0.3666666666666667,0,0,0,0
127,earlier-selected,30,30,29,1.0,0.9666666666666667,6.0,4.0,382.83146362323623,120,120,382.83146362323623,382.83146362323623,0.0,44.12208831636741,1.0,0.0,1.0,1.0,1.0,1.0,1.0,0.0,1.0,1.0,1.0,1.0,12.499680005503642,30,19.530666406695534,39.64935287949953,30,45.0493200489355,27.03011080846198,19,46.479370303143035,15.979797347403098,30,63.72079003350408,27.03393870196352,30,137.90552629345444,27.033938701981278,28,131.51327602693686,142.16403861659938,0.0,0.30000000000000004,0,0,0,0
127,recipe-model-top,30,30,28,1.0,0.9333333333333333,6.0,3.1,374.82197580948946,74,71,379.298624186035,377.1348371671245,-0.6621304975396924,95.44332138429809,1.0,0.0,1.0,0.0,1.0,1.0,1.0,0.1,1.0,1.0,1.0,1.0,11.629136050701957,30,15.367824403077494,13.362918382926491,30,15.436707569043989,6.144864986590433,17,14.18752141150246,32.87699897720925,30,154.05558429448146,17.30791439569836,30,103.32661527150661,16.310941630851588,26,63.21405625942218,223.7008926792317,0.0,0.33333333333333337,0,0,0,0
127,recipe-visual-best,30,30,28,1.0,0.9333333333333333,6.0,3.1,374.8219928794001,74,71,379.298624186035,377.42092510376193,-0.6743436687489179,95.44664182761608,1.0,0.0,1.0,0.0,1.0,1.0,1.0,0.1,1.0,1.0,1.0,1.0,12.552073456999455,30,15.330928474421967,10.233483634990138,30,15.287740054085042,15.28683079694017,25,171.4629535804737,33.590915213258086,30,132.5807053204346,17.30791439569836,30,74.74818694201555,16.31094163088129,26,48.2284514628233,231.60212866195465,0.0,0.06666666666666665,0,0,0,0
128,earlier-selected,30,30,21,1.0,0.7,6.0,4.0,328.99531696544955,97,97,328.99531696544955,328.99531696544955,0.0,66.07960886806126,1.0,0.0,1.0,1.0,1.0,1.0,1.0,0.0,1.0,1.0,1.0,1.0,9.487447788661376,30,11.265128916424123,11.448237753863665,30,22.967666253964712,17.924361670942282,20,23.110650582137076,31.792548991877823,30,76.60142756232902,56.82007198437319,30,105.844991220909,37.42808802376691,17,72.55411321917474,-53.836146657786685,0.0,-0.2666666666666667,0,0,0,0
128,recipe-model-top,30,30,2,1.0,0.06666666666666667,6.0,3.1666666666666665,252.17962020611964,65,60,281.05681646997107,257.33609044304967,7.218285640434345,130.36510283356512,1.0,0.0,1.0,0.0,1.0,1.0,1.0,0.16666666666666666,1.0,1.0,1.0,1.0,54.978818703097105,30,100.52466840860289,15.563930314732616,30,18.811689619857564,15.410516639296208,2,15.610433146593595,307.48275689374816,30,2175.209586590181,37.54718647122411,30,77.83362044822064,82.874374800683,1,82.874374800683,-122.64235560336982,0.0,-0.8666666666666667,0,0,0,0
128,recipe-visual-best,30,30,2,1.0,0.06666666666666667,6.0,3.1333333333333333,252.87079847140285,64,60,281.05681646997107,256.8637366120966,10.627395878017097,126.55192095483363,1.0,0.0,1.0,0.0,1.0,1.0,1.0,0.13333333333333333,1.0,1.0,1.0,1.0,53.08513595165747,30,100.13018598838764,15.563930314732616,30,18.568165186958222,15.447967838491774,2,15.61792338643267,296.22717154584035,30,2161.798384127829,37.54718647122411,30,72.68070778513584,42.85594675851415,1,42.85594675851415,-121.95119440799726,0.0,-0.8666666666666667,0,0,0,0
129,earlier-selected,30,30,16,1.0,0.5333333333333333,6.0,3.7,381.82199796225075,104,104,381.82199796225075,381.82199796225075,0.0,59.48959295009087,1.0,0.0,1.0,1.0,1.0,0.7,1.0,0.0,1.0,1.0,1.0,1.0,9.324463846316636,30,24.11295670386434,17.187880578183417,30,59.20720683316015,17.130144599768105,10,59.150916462309745,49.387350847887575,30,530.892423287409,70.159811895238,30,258.86581694190437,56.03850315246699,12,102.0983181278665,52.8266809968012,0.0,-0.16666666666666663,0,0,0,0
129,recipe-model-top,30,30,9,1.0,0.3,6.0,3.0,223.8436493878135,72,63,282.7149523327089,276.25171422397193,39.65382064871959,112.13920447312472,1.0,0.0,1.0,0.0,1.0,0.7,1.0,0.3,1.0,1.0,1.0,1.0,54.68836282245954,30,103.43723931194829,14.859899697324364,30,23.220150240399906,,0,,93.76042796031061,30,464.672348003134,48.38974102310142,30,228.46882013650819,55.596164170677135,5,2585.2482599936266,-28.335970818306123,0.0,0.23333333333333334,0,0,0,0
129,recipe-visual-best,30,30,12,1.0,0.4,6.0,3.1,222.1333849331999,74,64,288.33575823008016,258.2726232183584,12.94973280402043,108.67113419317548,1.0,0.0,1.0,0.06666666666666667,1.0,0.7,1.0,0.3333333333333333,1.0,1.0,1.0,1.0,57.654783923671985,30,103.64430182620606,14.283906969484445,30,22.213496670631596,,0,,183.3834158634627,30,460.3416937560207,59.14311882681715,30,392.7907810337583,43.60988178374145,7,1741.8582230087484,-30.737413538202958,0.0,0.33333333333333337,0,0,0,0
130,earlier-selected,30,30,17,1.0,0.5666666666666667,6.0,3.533333333333333,348.8943022755676,104,104,348.8943022755676,348.8943022755676,0.0,45.52893903236637,1.0,0.0,1.0,0.7333333333333333,1.0,0.8,1.0,0.0,1.0,1.0,1.0,1.0,17.288077807297753,30,26.717556929475414,42.59180374284543,30,81.65834490413906,83.70146479085216,10,104.07805831634442,101.3686674968913,30,498.80798547881056,193.742454687473,30,1340.4006876488343,41.84596998385486,13,1937.3440760819783,-32.92769568668314,0.0,0.033333333333333326,0,0,0,0
130,recipe-model-top,30,30,21,1.0,0.7,6.0,3.2666666666666666,187.76952051857083,78,65,285.97091919544994,230.32135900222053,18.341414266117113,118.83979932885737,1.0,0.0,1.0,0.03333333333333333,1.0,0.8,1.0,0.43333333333333335,1.0,1.0,1.0,1.0,48.046309800296086,30,69.12913012346836,15.92630344552046,30,44.11840188028751,41.11223492684331,5,108.09380591704826,95.1403166705417,30,1174.1773691830692,48.009605720199175,30,223.90784890759144,55.41845192863349,19,209.5106002477844,-36.074128869242685,0.0,0.39999999999999997,0,0,0,0
130,recipe-visual-best,30,30,21,1.0,0.7,6.0,3.2666666666666666,189.3074298580009,78,65,285.97091919544994,229.43966742925323,19.82192489183575,118.6215719383756,1.0,0.0,1.0,0.03333333333333333,1.0,0.8,1.0,0.43333333333333335,1.0,1.0,1.0,1.0,48.49197213260396,30,69.1278608051012,15.447751571117337,30,44.350715751685655,43.00222374039798,6,158.80690387589974,102.81490862338944,30,1251.0862090454136,46.28896004079319,30,210.6664579776383,57.152377735350846,19,203.8483702149659,-32.825955075199005,0.0,0.29999999999999993,0,0,0,0
131,earlier-selected,30,30,20,1.0,0.6666666666666666,6.0,4.0,354.7860277342487,106,106,354.7860277342487,354.7860277342487,0.0,48.348653292968024,1.0,0.0,1.0,1.0,1.0,1.0,1.0,0.0,1.0,1.0,1.0,1.0,8.395386858930134,30,22.90482113426058,24.60832049821648,30,60.690572766078006,56.66910494771261,14,168.07038791524295,38.14981049381859,30,355.47439696608996,43.198508834908424,30,958.7350238805534,41.48540943232612,16,307.15898407232027,5.891725458681094,0.0,0.09999999999999998,0,0,0,0
131,recipe-model-top,30,30,24,1.0,0.8,6.0,3.2333333333333334,91.80516895642003,67,60,315.9848110159863,86.62723403743992,-200.2561039728617,120.92608386100736,1.0,0.0,1.0,0.0,1.0,1.0,1.0,0.23333333333333334,1.0,1.0,1.0,1.0,17.632458661894216,30,42.760898368764835,9.102406351344264,30,19.800327621629762,9.776360494480242,16,19.98375791928661,52.543318445648154,30,179.90919318839562,11.765305631294819,30,51.87494900296602,9.474049966112538,21,32.357387495886535,-95.9643515621508,0.0,0.10000000000000009,0,0,0,0
131,recipe-visual-best,30,30,26,1.0,0.8666666666666667,6.0,3.0,208.26868032337876,60,60,315.9848110159863,208.26868032337876,-80.28719769027637,129.06558290315115,1.0,0.0,1.0,0.0,1.0,1.0,1.0,0.0,1.0,1.0,1.0,1.0,14.358872207296823,30,42.39542599597327,8.059339243917597,30,20.377696692266902,8.2338478647323,17,20.435336647991626,52.50940731163436,30,169.88135678599747,9.294737764262521,30,29.244931292362917,7.7194018482244555,25,18.08902545155558,18.961250465377873,0.0,0.16666666666666674,0,0,0,0
132,earlier-selected,30,30,27,1.0,0.9,6.0,4.0,454.8861237727758,116,116,454.8861237727758,454.8861237727758,0.0,44.41094959215286,1.0,0.0,1.0,1.0,1.0,1.0,1.0,0.0,1.0,1.0,1.0,1.0,10.334850269926635,30,17.76418549951851,17.48863488417639,30,38.12533475410301,31.49562015793598,17,161.4897456846965,29.98934466221305,30,67.47961336627976,54.71949375522841,30,134.53759320196795,67.99307597077038,25,145.13542183015477,100.10009603852711,0.0,0.2333333333333334,0,0,0,0
132,recipe-model-top,30,30,9,1.0,0.3,5.733333333333333,3.066666666666667,239.8939650124302,67,64,299.1896721650454,239.06457037436343,-27.54268330397636,155.5995044763887,1.0,0.0,1.0,0.0,1.0,1.0,0.7333333333333333,0.06666666666666667,1.0,1.0,1.0,1.0,45.43705578036841,30,97.33543289862487,24.67420171133729,30,33.97348072394533,147.1091980145363,9,149.8879678669479,323.55385220344726,30,1123.4830651219568,49.611907765883046,30,154.77888071048972,71.40200869034517,6,2767.50920436913,148.08879605601015,0.0,-0.5,0,0,0,0
132,recipe-visual-best,30,30,12,1.0,0.4,5.9,3.566666666666667,238.95190712029842,94,77,320.4613368487811,314.26038772779225,-68.7321623679349,57.19433182861839,1.0,0.0,1.0,0.0,1.0,1.0,0.9,0.5666666666666667,1.0,1.0,1.0,1.0,19.936169830089522,30,45.05872807046954,40.07729837110756,30,61.54801575292988,124.78383742973043,12,141.514637020621,86.15446002524745,30,779.7535289144287,79.95536160992059,30,534.6986862858943,123.76786489844685,8,334.85068876092623,30.683226796919655,0.0,-0.4666666666666667,0,0,0,0
133,earlier-selected,29,29,26,1.0,0.896551724137931,6.0,3.9655172413793105,405.8517793578029,88,88,405.8517793578029,405.8517793578029,0.0,100.97171567516536,1.0,0.0,1.0,1.0,1.0,0.9655172413793104,1.0,0.0,1.0,1.0,1.0,1.0,36.24582381993252,29,47.59559721646333,35.4398960810579,29,46.99438862722365,141.0703537800525,25,163.76114156282037,177.51237273650077,29,777.2103616124532,69.34565451193434,29,602.5045049848189,115.03544430961642,23,4865.736341922667,-49.03434441497291,0.0,-0.0034482758620689724,0,0,0,0
133,recipe-model-top,29,29,10,1.0,0.3448275862068966,6.0,3.3448275862068964,350.1924462770723,71,61,397.8459413755964,345.6712605222994,-46.4767999397952,101.0091297705009,1.0,0.0,1.0,0.2413793103448276,1.0,0.9655172413793104,1.0,0.13793103448275862,1.0,1.0,1.0,1.0,65.04110444794041,29,130.24005640185322,15.947982560593708,29,37.850505972689824,141.97065153974984,3,159.1713701805336,643.8108244960541,29,5072.601857570488,126.6412220349958,29,811.1456594202715,4622.259031067799,5,4992.0741439233525,110.2984812646421,0.0,0.044827586206896586,0,0,0,0
133,recipe-visual-best,29,29,9,1.0,0.3103448275862069,6.0,3.2758620689655173,354.8034583305198,66,59,371.63616751539405,337.9547277216039,-3.12365945342313,108.66872134436709,1.0,0.0,1.0,0.2413793103448276,1.0,0.9655172413793104,1.0,0.06896551724137931,1.0,1.0,1.0,1.0,72.67674667094164,29,133.73278068487502,28.877951250444752,29,52.008470280700095,141.892385056149,2,146.75576364094306,645.0361770990224,29,6826.236639937602,106.3589430043426,29,882.5912803245485,78.31245442114707,4,3587.6621597815583,115.85155121022137,0.0,-0.08965517241379312,0,0,0,0
134,earlier-selected,30,30,20,1.0,0.6666666666666666,5.9,2.8666666666666667,299.6770762786674,86,86,299.6770762786674,299.6770762786674,0.0,46.4165252582178,1.0,0.0,1.0,0.6,1.0,0.16666666666666666,0.9,0.1,1.0,1.0,1.0,1.0,41.18953573166306,30,69.3163455865854,57.40208956095162,30,74.84277451484513,66.7531158833604,17,126.78256270131608,198.21048760645593,30,664.8806743765656,82.0858307346141,30,516.1376075181549,81.23510231643682,17,1635.3416488282983,-106.1747030791355,0.0,-0.22988505747126442,0,0,0,0
134,recipe-model-top,30,30,16,1.0,0.5333333333333333,6.0,3.7333333333333334,247.57304214515716,104,75,270.56871724659277,238.4832625675625,72.68579347582676,93.15494914225934,1.0,0.0,1.0,0.7,1.0,0.23333333333333334,1.0,0.8,1.0,1.0,1.0,1.0,73.92204340513246,30,145.60020698295475,39.25004715958843,30,51.35520557668004,54.483366812228745,6,155.4317245707677,509.2313826045307,30,3863.5217650888635,111.77814211169361,30,512.025728093657,87.59386310512355,11,649.6418451279387,-102.61940413191513,0.0,0.18850574712643675,0,0,0,0
134,recipe-visual-best,30,30,18,1.0,0.6,6.0,3.7,245.1737487794277,106,81,271.21265872097877,246.35121356596574,62.214253599480344,90.78636298849051,1.0,0.0,1.0,0.6333333333333333,1.0,0.23333333333333334,1.0,0.8333333333333334,1.0,1.0,1.0,1.0,96.50357653962175,30,175.7841910035446,39.240851450429574,30,45.39636818321638,29.618033738262255,3,122.8202042735159,389.68503914622045,30,5531.403000808933,98.78278318465419,30,484.37401361898264,96.56221908265024,13,637.2827165761489,-109.62970955109208,0.0,0.28965517241379307,0,0,0,0
135,earlier-selected,30,30,24,1.0,0.8,6.0,4.666666666666667,278.5362638781673,140,140,278.5362638781673,278.5362638781673,0.0,43.373121536226265,1.0,0.0,1.0,1.0,1.0,0.9666666666666667,1.0,0.7,1.0,1.0,1.0,1.0,26.148016418629005,30,39.64689958550734,46.59848267535723,30,76.06061834304656,50.24554661829118,16,146.72810571944996,127.66425090905068,30,952.8699603492671,199.63050049819464,30,971.6634045520852,245.21750618374477,21,5036.882414087486,-21.140812400500124,0.0,0.13333333333333341,0,0,0,0
135,recipe-model-top,30,30,21,1.0,0.7,6.0,4.633333333333334,270.8433858654403,139,138,284.2115556845753,261.39719680154985,-0.017564792968983056,42.42833427142999,1.0,0.0,1.0,1.0,1.0,0.9333333333333333,1.0,0.7,1.0,1.0,1.0,1.0,39.41365225302479,30,90.72776398678089,60.64280843228358,30,86.57447735543029,85.64120853210648,9,167.99224514828487,131.12472929094736,30,384.62854958946446,181.4050289603,30,877.660557660617,175.48845561146547,15,4424.696946013917,23.270343720283165,0.0,0.16666666666666663,0,0,0,0
135,recipe-visual-best,30,30,23,1.0,0.7666666666666667,6.0,4.633333333333334,274.0949621924897,139,138,284.2115556845753,267.76649843491714,-0.7764475189462416,41.31813522561755,1.0,0.0,1.0,1.0,1.0,0.9333333333333333,1.0,0.7,1.0,1.0,1.0,1.0,39.812126202643285,30,93.82424764338684,59.5560738228223,30,87.11527402519535,81.7590586318872,12,159.73610358840764,134.833435946105,30,410.3490535993134,181.05275235772513,30,853.1479749297746,183.14910390163175,19,1517.1274819908172,28.921213413061963,0.0,0.16666666666666674,0,0,0,0
136,earlier-selected,30,30,27,1.0,0.9,6.0,3.933333333333333,260.7481940311761,117,117,260.7481940311761,260.7481940311761,0.0,43.47894096080563,1.0,0.0,1.0,1.0,1.0,0.9,1.0,0.03333333333333333,1.0,1.0,1.0,1.0,21.419316219135467,30,41.058565675611035,57.46817486324922,30,78.46817838404893,83.20289161433968,23,132.17941859754947,121.15080751630002,30,1046.4151488721457,86.73616984368435,30,1937.8177814046664,105.09341405934818,25,3028.3447266715957,-17.788069846991164,0.0,0.09999999999999998,0,0,0,0
136,recipe-model-top,30,30,29,1.0,0.9666666666666667,6.0,4.0,253.25184420811655,120,116,266.9148809202812,251.45993137022566,-0.006893124352671975,41.92167517752968,1.0,0.0,1.0,1.0,1.0,0.9666666666666667,1.0,0.03333333333333333,1.0,1.0,1.0,1.0,21.063151598874924,30,41.54229657579423,42.95313542528203,30,75.60993295120322,120.07169108084014,20,150.64573909331045,113.11821298516756,30,778.0261125192717,99.86207509852642,30,1014.0751623316728,80.99117346862423,28,1216.4429301405644,-17.591541657323774,0.0,0.2666666666666667,0,0,0,0
136,recipe-visual-best,30,30,27,1.0,0.9,6.0,3.966666666666667,251.87041923628016,119,115,260.7481940311761,250.75341377702404,-0.11677199318711473,42.08331202884878,1.0,0.0,1.0,0.9666666666666667,1.0,0.9666666666666667,1.0,0.03333333333333333,1.0,1.0,1.0,1.0,21.65179049233987,30,41.6759251654505,43.61333760036479,30,78.00649369201261,117.80636490460029,20,150.67108448487244,123.9581134320153,30,1152.927309417889,138.22230041483226,30,1992.1558215839677,92.43723589046289,24,1664.2733457277043,-22.22454295620952,0.0,0.1333333333333333,0,0,0,0
137,earlier-selected,30,30,23,1.0,0.7666666666666667,6.0,4.0,308.8512055644276,120,120,308.8512055644276,308.8512055644276,0.0,53.91142135361834,1.0,0.0,1.0,1.0,1.0,1.0,1.0,0.0,1.0,1.0,1.0,1.0,27.614497786998697,30,66.50752169300422,45.8517642089152,30,84.73219116786247,58.21739110020493,22,132.4799056067762,134.98502045682113,30,1068.3705177926581,110.33294616687527,30,1580.646202223456,349.60260710021697,19,4159.517570208306,48.10301153325145,0.0,-0.1333333333333333,0,0,0,0
137,recipe-model-top,30,30,21,1.0,0.7,6.0,4.0,292.7193176762944,119,119,307.7769827118087,292.7193176762944,-0.9252716274543502,49.09470832302554,1.0,0.0,1.0,1.0,1.0,1.0,1.0,0.0,1.0,1.0,1.0,1.0,29.811456388640117,30,52.42373311387469,73.55954044935908,30,89.45427390469354,91.3499980233424,20,110.85575259521192,141.12992953788807,30,864.0401081326924,204.14415298104757,30,1581.3791187959494,253.84794351501435,19,5168.09428185914,39.46747346817784,0.0,-0.2666666666666667,0,0,0,0
137,recipe-visual-best,30,30,23,1.0,0.7666666666666667,6.0,4.0,292.7106112620943,119,119,307.7769827118087,292.7106112620943,-0.6349433685199983,47.817224680092195,1.0,0.0,1.0,1.0,1.0,1.0,1.0,0.0,1.0,1.0,1.0,1.0,29.42280636296846,30,56.43269430648876,71.0329990781489,30,87.864173470663,91.79221947116645,21,107.26703433381255,137.34881494439244,30,1113.4521679218633,206.77489826778537,30,1610.555979431501,226.78581284855562,20,2269.1009016448434,40.84019202581413,0.0,-0.1333333333333333,0,0,0,0
138,earlier-selected,30,30,29,1.0,0.9666666666666667,6.0,4.1,362.9872507290492,123,123,362.9872507290492,362.9872507290492,0.0,42.17357479116691,1.0,0.0,1.0,1.0,1.0,1.0,1.0,0.1,1.0,1.0,1.0,1.0,29.536276368748034,30,54.7166706730611,38.682187361727486,30,78.36915759766158,111.9450556554039,22,146.8433135911737,16.055739032704544,30,98.18400947336588,44.13026625859909,30,149.66274935733745,41.18639875142331,28,118.2320688423751,54.136045164621635,0.0,0.19999999999999996,0,0,0,0
138,recipe-model-top,30,30,30,1.0,1.0,6.0,4.1,362.08970916050237,123,123,362.9872507290492,362.08970916050237,0.5364075651452254,42.921423505392056,1.0,0.0,1.0,1.0,1.0,1.0,1.0,0.1,1.0,1.0,1.0,1.0,29.83157936237931,30,49.387147591892095,36.67586925087308,30,76.82265570843589,106.38729823581505,21,147.39265308842036,17.647238501830813,30,85.88786221780876,40.201860611033155,30,146.338358298242,39.55796251641665,29,144.18294886922774,69.37039148420797,0.0,0.30000000000000004,0,0,0,0
138,recipe-visual-best,30,30,30,1.0,1.0,6.0,4.1,362.2486867744832,123,123,362.9872507290492,362.2486867744832,0.5512594640757698,42.726881661136034,1.0,0.0,1.0,1.0,1.0,1.0,1.0,0.1,1.0,1.0,1.0,1.0,29.879152818739854,30,49.34502559019714,36.48708889440317,30,76.51257899577395,106.50514385986878,23,146.62375886267915,14.765144373625787,30,105.28414315289861,39.63636087575141,30,133.08741934103972,39.63636087574744,30,133.08741934103972,69.5380755123889,0.0,0.23333333333333328,0,0,0,0
139,earlier-selected,30,30,26,1.0,0.8666666666666667,6.0,4.033333333333333,349.8990202354515,121,121,349.8990202354515,349.8990202354515,0.0,36.07048963046644,1.0,0.0,1.0,1.0,1.0,1.0,1.0,0.03333333333333333,1.0,1.0,1.0,1.0,5.362765642933066,30,8.27060062933078,16.13045099764742,30,20.5147357434688,16.69180793059773,25,20.59344069760629,16.893958410646984,30,61.09103041569388,37.279233617260694,30,108.61406957159312,34.20923506894625,24,120.1352389919871,-13.088230493597734,0.0,-0.09999999999999998,0,0,0,0
139,recipe-model-top,30,30,30,1.0,1.0,6.0,4.0,349.48540162377833,120,120,352.10625981012595,349.48540162377833,1.701279262356664,35.58358810454473,1.0,0.0,1.0,1.0,1.0,1.0,1.0,0.0,1.0,1.0,1.0,1.0,5.505980532022841,30,7.810875659436163,16.556911453376763,30,20.142910894445556,17.670812746019884,30,35.97954706514462,18.73048620242102,30,53.5589545399757,35.3172937272319,30,100.77157896554887,35.31729372724584,30,126.8776220947727,-12.604307536724036,0.0,0.0,0,0,0,0
139,recipe-visual-best,30,30,30,1.0,1.0,6.0,4.0,366.3977503245611,120,120,352.10625981012595,366.3977503245611,1.8680080433751414,37.37181031884193,1.0,0.0,1.0,1.0,1.0,1.0,1.0,0.0,1.0,1.0,1.0,1.0,5.269790905669064,30,7.803394479609274,15.221738432044752,30,20.550324479693117,17.646780165284948,30,36.4863640171392,14.577479385216774,30,42.79739087343634,33.982659113389765,30,100.25563697481871,33.98265911340411,30,107.1885131728757,4.149063550077926,0.0,0.0,0,0,0,0
140,earlier-selected,30,30,18,1.0,0.6,6.0,3.966666666666667,270.01576761392516,118,118,270.01576761392516,270.01576761392516,0.0,27.758271233114222,1.0,0.0,1.0,0.9666666666666667,1.0,1.0,1.0,0.0,1.0,1.0,1.0,1.0,4.156494752876721,30,6.336823405088406,17.58030886647161,30,33.016457589401966,152.5471636384475,15,170.51617766050003,46.42609192658337,30,190.26483506806153,116.84921106486192,30,751.3348219455602,137.90537110995933,13,5254.356834559909,-79.88325262152631,0.0,-0.2666666666666667,0,0,0,0
140,recipe-model-top,30,30,22,1.0,0.7333333333333333,6.0,4.0,273.6179057433725,120,118,270.01576761392516,271.083598641791,0.7632293932661867,26.651836255748933,1.0,0.0,1.0,1.0,1.0,1.0,1.0,0.0,1.0,1.0,1.0,1.0,3.5462940936598946,30,6.06026991923012,16.270565173820437,30,31.10043497892682,159.34117990392593,22,169.78906158084806,37.194854378539944,30,199.1636355262066,149.47207963438672,30,779.7769154664314,160.89046119583617,18,4923.333086394224,-75.86749588040584,0.0,-0.2666666666666667,0,0,0,0
140,recipe-visual-best,30,30,25,1.0,0.8333333333333334,6.0,3.8666666666666667,264.0981799795436,112,112,263.9939516419324,264.0981799795436,-0.5009728358021448,26.61147565314593,1.0,0.0,1.0,0.8666666666666667,1.0,1.0,1.0,0.0,1.0,1.0,1.0,1.0,4.104868415476993,30,18.592276835374964,22.090173686273598,30,77.49599869177007,151.77832698454804,25,168.6750986459484,35.012300319784345,30,470.8512623687756,77.76189480252496,30,2640.5084237931947,104.29049853666127,21,4695.479998043703,-102.29957034501751,0.0,-0.16666666666666663,0,0,0,0
141,earlier-selected,30,30,28,1.0,0.9333333333333333,6.0,4.0,290.3195702250349,120,120,290.3195702250349,290.3195702250349,0.0,29.03027819339308,1.0,0.0,1.0,1.0,1.0,1.0,1.0,0.0,1.0,1.0,1.0,1.0,6.483211255716437,30,11.871230512478158,21.880904051157327,30,40.355317144732595,28.01023664089647,16,136.801638600089,23.970362597733672,30,156.37679633270812,55.84607259277901,30,500.12364240974904,52.3550294370464,26,485.48029798624015,20.303802611109745,0.0,0.33333333333333337,0,0,0,0
141,recipe-model-top,30,30,29,1.0,0.9666666666666667,6.0,4.0,275.8438852042368,120,120,290.3195702250349,275.8438852042368,-2.456231776857493,22.702744722338835,1.0,0.0,1.0,1.0,1.0,1.0,1.0,0.0,1.0,1.0,1.0,1.0,3.2079460322357316,30,5.087236250578442,8.293256619879523,30,19.42549993790189,13.891202374966579,21,174.50151967164817,20.561163122406043,30,50.32109649833404,58.171478315004144,30,190.29937569127858,58.17147831501542,28,193.26886405130782,2.2259794608643233,0.0,0.2333333333333334,0,0,0,0
141,recipe-visual-best,30,30,20,1.0,0.6666666666666666,6.0,3.4,213.78747635816723,84,84,273.9574128641703,213.78747635816723,-16.112351086997606,118.16892384878628,1.0,0.0,1.0,0.4,1.0,1.0,1.0,0.0,1.0,1.0,1.0,1.0,13.475162175991631,30,24.475056877574364,46.04463011738292,30,87.9354838330396,81.68305556238852,19,169.90076211130017,27.62964726877768,30,185.17008854505048,21.616078972393282,30,707.6445215739589,33.19506057180624,18,745.1624423539879,-50.310703621376376,0.0,-0.16666666666666674,0,0,0,0
142,earlier-selected,30,30,30,1.0,1.0,6.0,3.933333333333333,295.07909047993974,118,118,295.07909047993974,295.07909047993974,0.0,29.36645867708175,1.0,0.0,1.0,1.0,1.0,1.0,1.0,0.0,1.0,0.9333333333333333,1.0,1.0,5.447827504296308,30,7.597811001454703,14.746624628074315,30,23.443359974772928,14.746624628074352,28,23.144159679918353,63.44691658406133,30,195.76373656967976,199.9792514313757,30,657.7492516071434,199.9792514313757,30,657.7492516071435,4.759520254904828,0.0,0.06666666666666665,0,0,0,0
142,recipe-model-top,30,30,30,1.0,1.0,6.0,3.933333333333333,285.55137948351955,118,118,295.07909047993974,285.55137948351955,-1.9375145036046035,24.129559739570336,1.0,0.0,1.0,1.0,1.0,1.0,1.0,0.0,1.0,0.9333333333333333,1.0,1.0,3.0839357753212226,30,4.022914758574587,4.804083639053584,30,11.00626216485216,5.224697055415687,29,11.123701764710823,20.58034612258976,30,200.7153577688132,46.253449927647196,30,602.0192386545615,46.253449927661734,30,602.0192386545632,9.707494279282741,0.0,0.033333333333333326,0,0,0,0
142,recipe-visual-best,30,30,20,1.0,0.6666666666666666,6.0,2.933333333333333,113.17109182580879,60,60,206.68138317828732,113.17109182580879,-49.2187201294707,116.17609827743999,1.0,0.0,1.0,0.0,1.0,1.0,1.0,0.0,1.0,0.9333333333333333,1.0,1.0,5.482941398669368,30,21.84014576138918,1.599275656829025,30,89.08524441042414,90.21511739191794,16,115.5756197479019,32.29843889647036,30,200.30367656569246,9.15511872380456,30,482.02243798289703,8.008786227133903,18,14.868840266279836,-100.61638453235844,0.0,0.0,0,0,0,0
143,earlier-selected,30,30,29,1.0,0.9666666666666667,6.0,3.933333333333333,313.64043387266236,116,116,313.64043387266236,313.64043387266236,0.0,31.813017283384216,1.0,0.0,1.0,0.9333333333333333,1.0,1.0,1.0,0.0,1.0,1.0,1.0,1.0,4.716737648633023,30,8.59192900441259,15.776872966759115,30,32.68021270865484,14.608805690846125,29,31.54422815258261,24.494463459710033,30,169.41212805501317,67.84020160468954,30,588.3849000831212,67.84020160469439,28,381.3028291360779,18.56134339272262,0.0,-0.033333333333333326,0,0,0,0
143,recipe-model-top,30,30,25,1.0,0.8333333333333334,6.0,3.8333333333333335,302.89272298698955,110,106,310.5147946736083,297.3982659242417,-2.132800523266198,30.40681347525584,1.0,0.0,1.0,0.8333333333333334,1.0,1.0,1.0,0.0,1.0,1.0,1.0,1.0,5.143792960787062,30,17.31601326676488,21.81473414625971,30,76.35989209890727,20.422177035471346,25,31.7889742031068,33.81703819727953,30,221.17639112489312,96.2324878572474,30,792.6290050357582,96.23248785725102,24,669.369767967735,17.34134350347,0.0,-0.16666666666666663,0,0,0,0
143,recipe-visual-best,30,30,23,1.0,0.7666666666666667,6.0,3.7,253.35787658369946,102,100,307.8975464052537,252.49442914616634,-17.187425410919033,20.366673338583595,1.0,0.0,1.0,0.7,1.0,1.0,1.0,0.0,1.0,1.0,1.0,1.0,14.496432172793345,30,16.59242710786628,75.27798850508532,30,77.9771888926075,103.16298633787154,18,105.40697983298905,30.950386851958605,30,461.18021936829587,34.93746325799576,30,2295.6580936600258,40.498228530165434,19,592.4101513177632,140.18678475789068,0.0,0.10000000000000009,0,0,0,0
144,earlier-selected,30,30,30,1.0,1.0,6.0,3.966666666666667,300.83977083721607,118,118,300.83977083721607,300.83977083721607,0.0,30.059304102600834,1.0,0.0,1.0,0.9666666666666667,1.0,1.0,1.0,0.0,1.0,1.0,1.0,1.0,4.27400932912334,30,8.675723256624167,13.481001307548865,30,31.68105141853799,13.085476132585534,29,23.65476029139591,36.25223682978952,30,134.95029809264508,102.87113392516937,30,469.63389091385926,102.87113392517585,30,469.63389091386045,-12.800663035446291,0.0,0.033333333333333326,0,0,0,0
144,recipe-model-top,30,30,27,1.0,0.9,6.0,3.3666666666666667,222.4324526880411,81,81,287.1803071714188,222.4324526880411,-0.7095920421927531,108.32851308793222,1.0,0.0,1.0,0.36666666666666664,1.0,1.0,1.0,0.0,1.0,1.0,1.0,1.0,15.011930270757782,30,17.622810355995355,57.46143801120039,30,69.56264591355838,113.08693726811401,23,122.06341700135428,17.24189328236005,30,351.8758909854271,23.204173135821463,30,1885.353904680619,23.20417313584292,24,93.2732751832868,-80.46027029894844,0.0,0.06666666666666665,0,0,0,0
144,recipe-visual-best,30,30,30,1.0,1.0,6.0,4.0,316.28912388222307,120,118,300.83977083721607,301.50744516403347,1.177086353044885,30.912760784763215,1.0,0.0,1.0,1.0,1.0,1.0,1.0,0.0,1.0,1.0,1.0,1.0,3.3059050093982965,30,17.55192519731661,7.796872217355782,30,69.54270735284057,6.5033296479386715,23,15.90149633386263,16.07582315027685,30,86.05382349332035,58.33164502816071,30,283.2779558839739,58.33164502816906,30,283.2779558839751,62.9312472985236,0.0,0.23333333333333328,0,0,0,0
145,earlier-selected,30,30,27,1.0,0.9,6.0,4.066666666666666,304.3525004416931,122,122,304.3525004416931,304.3525004416931,0.0,31.663388996858327,1.0,0.0,1.0,1.0,1.0,1.0,1.0,0.06666666666666667,1.0,1.0,1.0,1.0,2.8554726080152006,30,9.32595625553846,8.546528265674938,30,28.388780461989636,7.660720983559915,27,24.41764843249997,19.141028114390416,30,72.96955138144818,64.14616008102001,30,259.75472009492603,64.14616008102001,26,219.5200854031114,3.5127296044770446,0.0,-0.09999999999999998,0,0,0,0
145,recipe-model-top,30,30,22,1.0,0.7333333333333333,6.0,3.2333333333333334,133.43306378643481,67,62,259.03301668759514,131.6822397913536,-145.66727829493078,120.7702268612577,1.0,0.0,1.0,0.0,1.0,1.0,1.0,0.23333333333333334,1.0,1.0,1.0,1.0,11.206048036912279,30,19.500267090902767,3.723117970143796,30,71.89451713129331,105.29530538518756,21,109.95152036606389,55.02837058340657,30,136.60559893791938,15.062070102575834,30,30.30758802616678,15.062070102597353,18,25.09769805863595,-88.9993889016063,0.0,-0.16666666666666674,0,0,0,0
145,recipe-visual-best,30,30,28,1.0,0.9333333333333333,6.0,4.0,314.30573711851935,120,120,314.5340736906824,314.30573711851935,0.19889766497004757,30.876314134785556,1.0,0.0,1.0,1.0,1.0,1.0,1.0,0.0,1.0,1.0,1.0,1.0,2.0176287056781774,30,8.510984158404197,5.888246050642445,30,25.532022028437922,5.8686125117015315,28,24.531607060095137,20.68138465759322,30,55.1797428799401,66.03137570153484,30,167.23644048211463,69.94078312381319,28,170.19952889000368,-1.9833867637037201,0.0,-0.06666666666666665,0,0,0,0
146,earlier-selected,30,30,28,1.0,0.9333333333333333,6.0,5.0,300.18385932445426,150,150,300.18385932445426,300.18385932445426,0.0,37.247625433379,1.0,0.0,1.0,1.0,1.0,1.0,1.0,1.0,1.0,1.0,1.0,1.0,15.668087698649886,30,17.36512574063355,42.81469910472231,30,45.75438009909088,136.27527302557618,25,162.0255130721841,13.471491001865914,30,26.684113601053603,42.673845919870686,30,142.2059496633286,42.735088794343696,27,147.96129087180867,-4.168641117238849,0.0,0.033333333333333326,0,0,0,0
146,recipe-model-top,30,30,16,1.0,0.5333333333333333,6.0,4.0,137.19769666340284,90,90,281.3514893950054,137.19769666340284,-161.87789294584678,108.94705793575321,1.0,0.0,1.0,0.0,1.0,1.0,1.0,1.0,1.0,1.0,1.0,1.0,18.227263572188807,30,25.015453498557562,7.064776567234828,30,9.373654656832894,8.433604818742888,13,174.4129212026355,27.989315252312082,30,63.91475294120879,12.41103074848387,30,53.54898660455343,17.66699207064051,14,72.1787091111558,3.7646328769680224,0.0,-0.19999999999999996,0,0,0,0
146,recipe-visual-best,30,30,27,1.0,0.9,6.0,4.2,273.5311243649991,126,126,296.670775743225,273.5311243649991,-36.321722741909014,33.6985361797911,1.0,0.0,1.0,1.0,1.0,1.0,1.0,0.2,1.0,1.0,1.0,1.0,10.23904720776801,30,13.162980736264162,25.900021802132606,30,32.47894496460685,148.0851184592195,25,177.05867623682784,18.914969387098704,30,142.52766242333547,44.56210626475326,30,224.6759441814065,48.84819268867726,26,5047.318306976517,-40.77461275352027,0.0,-0.033333333333333326,0,0,0,0
147,earlier-selected,30,30,30,1.0,1.0,6.0,4.966666666666667,302.96952891684975,149,149,302.96952891684975,302.96952891684975,0.0,38.81698073172909,1.0,0.0,1.0,1.0,1.0,1.0,1.0,1.0,1.0,0.9666666666666667,1.0,1.0,2.9144751481961992,30,4.804625345239858,5.5948614674046055,30,13.920646458569944,6.208706711572585,28,17.108895701903236,6.505222758922576,30,14.511494653164727,17.231653876108396,30,44.54026838331015,17.231653876119488,30,44.54026838330627,2.785669592395493,0.0,0.06666666666666665,0,0,0,0
147,recipe-model-top,30,30,23,1.0,0.7666666666666667,6.0,3.966666666666667,145.44235512580536,90,90,273.53158634975705,145.44235512580536,-160.064754166069,111.26008755260891,1.0,0.0,1.0,0.0,1.0,1.0,1.0,1.0,1.0,0.9666666666666667,1.0,1.0,4.048801542866374,30,6.6348993521893815,3.209769070426529,30,8.8386740736239,6.972493988267466,12,170.52395308456437,18.07641180965846,30,64.40814057389717,7.75008424308113,30,22.179350000671437,7.726390222673054,21,22.71039520066837,8.244658462402526,0.0,0.2333333333333334,0,0,0,0
147,recipe-visual-best,30,30,30,1.0,1.0,6.0,4.966666666666667,315.3812725265155,149,149,302.96952891684975,315.3812725265155,1.3559206592160535,39.61295748275663,1.0,0.0,1.0,1.0,1.0,1.0,1.0,1.0,1.0,0.9666666666666667,1.0,1.0,5.584631317770127,30,9.03713076857502,9.01442450081618,30,20.9368460912034,8.891663481258682,27,168.83775487275844,9.485172262184843,30,69.33490946239397,27.43505124838331,30,109.3624966903252,27.43505124840118,30,109.36249669032848,41.850148161516415,0.0,0.09999999999999998,0,0,0,0
148,earlier-selected,30,30,30,1.0,1.0,6.0,5.0,293.6526966484146,150,150,293.6526966484146,293.6526966484146,0.0,35.86294238589137,1.0,0.0,1.0,1.0,1.0,1.0,1.0,1.0,1.0,1.0,1.0,1.0,1.8061265351945492,30,2.095151300813955,4.178118789708506,30,6.204484030693366,4.178118789708506,30,6.2044840306934725,5.838233305379119,30,18.54835571176268,23.40574520239037,30,153.0748153629055,23.405745202404134,30,153.0748153629012,-9.316832268435178,0.0,0.0,0,0,0,0
148,recipe-model-top,30,30,25,1.0,0.8333333333333334,6.0,4.0,124.77354659794489,90,90,281.0662842199556,124.77354659794489,-163.07065418869695,113.59717139775256,1.0,0.0,1.0,0.0,1.0,1.0,1.0,1.0,1.0,1.0,1.0,1.0,2.68077927895138,30,7.765346882696768,1.648814303599337,30,3.843127298008695,1.7486723789520435,20,3.886910540020643,20.786438246033974,30,66.8788706411744,5.646655189845785,30,17.199700324875682,4.8582248397912124,23,11.254765093131107,-20.668808527860477,0.0,0.06666666666666665,0,0,0,0
148,recipe-visual-best,30,30,30,1.0,1.0,6.0,5.0,309.43932209289693,150,150,293.6526966484146,309.43932209289693,1.4844569183756278,35.8134522906289,1.0,0.0,1.0,1.0,1.0,1.0,1.0,1.0,1.0,1.0,1.0,1.0,1.616910663220125,30,2.28028111035082,5.9248050520288125,30,7.10604837878049,5.924805052028875,30,7.106048378780541,5.9656172647139325,30,23.830267706246268,28.1290275845854,30,180.40623692676002,28.129027584575226,30,180.40623692676365,-5.941950433618558,0.0,0.0,0,0,0,0
149,earlier-selected,30,30,30,1.0,1.0,6.0,5.0,299.2987034697794,150,150,299.2987034697794,299.2987034697794,0.0,35.40691960619077,1.0,0.0,1.0,1.0,1.0,1.0,1.0,1.0,1.0,1.0,1.0,1.0,1.1158371126456275,30,1.6506856525518698,6.119845351841654,30,13.194742405637484,6.1198453518418905,30,13.194742405637488,9.752095494251707,30,17.784065088710527,47.03225504892241,30,225.78760078607667,47.03225504892602,30,225.78760078607826,5.646006821364836,0.0,0.0,0,0,0,0
149,recipe-model-top,30,30,27,1.0,0.9,6.0,4.0,126.361475214439,90,90,280.6589391102931,126.361475214439,-171.51521008635274,109.73022822496604,1.0,0.0,1.0,0.0,1.0,1.0,1.0,1.0,1.0,1.0,1.0,1.0,5.78378676244779,30,7.134148816797285,3.48183222990492,30,3.8980217695940977,3.492230728786723,23,3.8809173256665126,29.339677799385292,30,61.77282824829598,13.458153942010075,30,24.829833931707167,13.825960565862214,24,23.65780977884161,1.5879286164941107,0.0,0.06666666666666665,0,0,0,0
149,recipe-visual-best,30,30,30,1.0,1.0,6.0,5.0,311.6766810559136,150,150,299.2987034697794,311.6766810559136,0.841573598027054,35.560318522750705,1.0,0.0,1.0,1.0,1.0,1.0,1.0,1.0,1.0,1.0,1.0,1.0,1.1299145802873594,30,1.6980751312135955,5.380802263024282,30,15.979007885129127,5.380802263024346,30,15.979007885129134,9.99593737128438,30,22.83108048344133,52.154233204303566,30,177.8879857377358,52.154233204306905,30,177.8879857377445,2.237358963016675,0.0,0.0,0,0,0,0
150,earlier-selected,30,30,20,1.0,0.6666666666666666,6.0,4.766666666666667,300.0090743743498,143,143,300.0090743743498,300.0090743743498,0.0,29.22567748456118,1.0,0.0,1.0,1.0,1.0,1.0,1.0,0.7666666666666667,1.0,1.0,1.0,1.0,9.108014613523412,30,23.934256167531135,24.555505081225768,30,59.526377288482976,153.20299760581622,20,163.8609305794851,44.24146065005244,30,389.9367165943232,98.60082792699296,30,1100.1071701139879,84.85446119189723,18,1115.9622572671728,0.7103709045703681,0.0,-0.33333333333333337,0,0,0,0
150,recipe-model-top,30,30,23,1.0,0.7666666666666667,6.0,3.8,111.86153525498301,84,83,257.41315216026715,112.14105191111771,-140.80418350671832,105.55858757283937,1.0,0.0,1.0,0.0,1.0,1.0,1.0,0.8,1.0,1.0,1.0,1.0,12.696898869235602,30,38.097076631259434,4.206399719139594,30,10.876647805068897,11.815742249329922,20,176.45676213861503,29.27269878638598,30,561.2636009478391,14.83802970136026,30,186.66526185737845,14.838029701382398,20,5377.900863841743,-14.499939959455986,0.0,-0.1333333333333333,0,0,0,0
150,recipe-visual-best,30,30,21,1.0,0.7,6.0,4.8,302.14792980518234,144,143,300.0090743743498,302.40115033738556,0.39405810375257033,32.0338336753507,1.0,0.0,1.0,1.0,1.0,1.0,1.0,0.8,1.0,1.0,1.0,1.0,10.866290717322205,30,25.509606691352893,25.82414374047794,30,60.51430073483793,128.46290289666732,21,160.76348425698185,32.312553713791665,30,288.1623130838299,70.74307315623318,30,478.49686513851515,51.646722170818336,17,89.8255158090793,-9.528751250731261,0.0,-0.30000000000000004,0,0,0,0
151,earlier-selected,30,30,29,1.0,0.9666666666666667,6.0,4.033333333333333,290.90162914353897,121,121,290.90162914353897,290.90162914353897,0.0,31.215025765273182,1.0,0.0,1.0,1.0,1.0,1.0,1.0,0.03333333333333333,1.0,1.0,1.0,1.0,8.702710880672909,30,11.4167974552488,20.28333347593279,30,26.973586947686684,20.836174579649775,19,153.26413218526008,22.03947066105371,30,54.10309338728951,49.76510797026954,30,195.72377750503423,49.76510797027612,28,201.73086132275395,-9.10744523081081,0.0,0.30000000000000004,0,0,0,0
151,recipe-model-top,30,30,23,1.0,0.7666666666666667,6.0,3.0,147.79257183000178,60,60,252.67173126848837,147.79257183000178,-79.88376920735459,121.56463311947081,1.0,0.0,1.0,0.0,1.0,1.0,1.0,0.0,1.0,1.0,1.0,1.0,5.737979428464211,30,18.463285381625145,3.279889426489559,30,5.008420803780361,175.43339391382798,19,176.53859617699325,18.423588118236168,30,56.09213222551988,6.536126056735043,30,11.20002355007245,6.601001124607265,19,11.260718855416696,35.931036575018766,0.0,0.0,0,0,0,0
151,recipe-visual-best,30,30,28,1.0,0.9333333333333333,6.0,3.933333333333333,290.45281294144127,116,116,290.93299347059474,290.45281294144127,-0.291206725583109,31.294198867886266,1.0,0.0,1.0,0.9333333333333333,1.0,1.0,1.0,0.0,1.0,1.0,1.0,1.0,9.349532328395606,30,11.541985427402615,22.868067687476827,30,29.638913858810305,24.05242236157543,19,154.71790484284475,13.656197477063095,30,32.82721285973837,41.47040698412507,30,89.31027891472043,40.43120707235443,27,95.74850490683166,-11.695116863741077,0.0,0.2333333333333334,0,0,0,0
152,earlier-selected,30,30,25,1.0,0.8333333333333334,6.0,3.2666666666666666,177.47424570193806,75,75,177.47424570193806,177.47424570193806,0.0,116.41957290031024,1.0,0.0,1.0,0.26666666666666666,1.0,1.0,1.0,0.0,1.0,1.0,1.0,1.0,14.837392842631775,30,16.60143942150426,68.06894938448461,30,72.54060348933349,109.01118777414376,24,113.37771968318108,44.50085268821799,30,134.13862976434584,18.49933429807783,30,80.19252497695902,19.413547500026397,22,65.49224446472371,-113.42738344160091,0.0,-0.1333333333333333,0,0,0,0
152,recipe-model-top,30,30,25,1.0,0.8333333333333334,6.0,3.0,137.43887717201494,60,60,167.7213744087851,137.43887717201494,37.755415712127395,123.21756003452683,1.0,0.0,1.0,0.0,1.0,1.0,1.0,0.0,1.0,1.0,1.0,1.0,3.9370590744788156,30,5.788633042967932,0.8771130168084428,30,1.7116700480985148,0.7907445445696354,21,1.7733979489536504,56.80892511080484,30,100.3194021008293,13.553939428318797,30,25.699199285628463,13.55393942834295,24,26.84428659062359,-10.353694657986836,0.0,0.06666666666666665,0,0,0,0
152,recipe-visual-best,30,30,25,1.0,0.8333333333333334,6.0,3.1333333333333333,169.20395321539453,68,68,173.79594281010634,169.20395321539453,0.3402053777835192,118.40773717497882,1.0,0.0,1.0,0.13333333333333333,1.0,1.0,1.0,0.0,1.0,1.0,1.0,1.0,15.048983238651562,30,17.57619742962777,69.10223784457325,30,74.07807794791258,108.52950682016115,23,112.16633138227225,48.85780734725411,30,112.75288932335097,14.65509688314651,30,40.79753607265421,15.605534922710785,24,68.77219226590464,-121.24885972604673,0.0,-0.09999999999999998,0,0,0,0
153,earlier-selected,30,30,30,1.0,1.0,6.0,3.566666666666667,288.37895241459205,94,94,288.37895241459205,288.37895241459205,0.0,34.115394764189276,1.0,0.0,1.0,0.5666666666666667,1.0,1.0,1.0,0.0,1.0,1.0,1.0,1.0,14.240271386114026,30,16.659162617599453,65.14648912071652,30,71.00772376504558,111.0632033243017,25,119.54111668155444,64.57488470820124,30,368.2646026960611,78.3685834989536,30,1836.3957285966,78.36858349895779,30,3560.540434600421,110.90470671265399,0.0,0.16666666666666663,0,0,0,0
153,recipe-model-top,30,30,28,1.0,0.9333333333333333,6.0,3.0,155.756703246126,60,60,207.40279000916848,155.756703246126,33.73661655836037,128.62891258431927,1.0,0.0,1.0,0.0,1.0,1.0,1.0,0.0,1.0,1.0,1.0,1.0,3.272152772716119,30,13.405942690956312,0.9898487854997376,30,2.450253804228947,0.7701059333653894,23,1.731357262982757,69.41191080098064,30,117.07910073827924,19.05026423281067,30,36.094729128856606,20.11757446313479,27,36.24403432447747,18.317826074111053,0.0,0.09999999999999998,0,0,0,0
153,recipe-visual-best,30,30,30,1.0,1.0,6.0,3.5,236.07306275699818,90,88,245.82545249668655,222.16675266193195,0.02145161241880089,73.29921155701999,1.0,0.0,1.0,0.5,1.0,1.0,1.0,0.0,1.0,1.0,1.0,1.0,14.117538963069673,30,17.136394793875944,62.306574931478295,30,70.88270975554423,108.58136922629011,25,117.80793230364806,55.880370969529594,30,382.2262257950179,40.35281413207946,30,1771.0650878069007,40.352814132087346,30,3631.283728533878,66.86910954160365,0.0,0.16666666666666663,0,0,0,0
154,earlier-selected,30,30,22,1.0,0.7333333333333333,6.0,3.7,249.2065857008564,102,102,249.2065857008564,249.2065857008564,0.0,31.573581648380816,1.0,0.0,1.0,0.7,1.0,1.0,1.0,0.0,1.0,1.0,1.0,1.0,12.520729959009103,30,15.671813819255828,66.52854446055427,30,70.69051474610913,109.04220676912126,22,113.46144673420923,27.444839984131942,30,152.65951209654563,36.84134159861564,30,367.9998481828279,45.60059981313047,22,211.12298489740118,-39.17236671373564,0.0,-0.2666666666666667,0,0,0,0
154,recipe-model-top,30,30,14,1.0,0.4666666666666667,6.0,3.0,157.31448102563434,60,60,210.04733193698007,157.31448102563434,34.27018824259007,139.99913046991924,1.0,0.0,1.0,0.0,1.0,1.0,1.0,0.0,1.0,1.0,1.0,1.0,9.074513886562386,30,14.32304407101578,1.7673391399665501,30,3.01537999185535,1.7637893456544447,14,2.443847568308524,61.07250109045914,30,182.60320669800493,12.51719015127521,30,34.408271934017534,11.207539565388915,10,31.16610391421154,1.557777779508342,0.0,-0.4666666666666667,0,0,0,0
154,recipe-visual-best,30,30,20,1.0,0.6666666666666666,6.0,3.6333333333333333,248.09475981758416,98,98,249.2065857008564,248.09475981758416,-0.04546294486254965,32.329813511840605,1.0,0.0,1.0,0.6333333333333333,1.0,1.0,1.0,0.0,1.0,1.0,1.0,1.0,13.18529892986075,30,15.272178992890513,67.5852573015556,30,70.34981277780665,110.19182120978644,20,115.39003752483545,29.89235467273742,30,129.6162388695028,33.14305811979726,30,86.7037679464383,42.724465087753416,20,95.47495264731775,12.021697060585979,0.0,-0.33333333333333337,0,0,0,0
155,earlier-selected,30,30,30,1.0,1.0,6.0,3.533333333333333,296.4821607130409,92,92,296.4821607130409,296.4821607130409,0.0,36.47980957038429,1.0,0.0,1.0,0.5333333333333333,1.0,1.0,1.0,0.0,1.0,1.0,1.0,1.0,10.958717970854025,30,13.275446548316731,67.3604888916432,30,69.02599083630538,111.43200713444546,22,113.83622294437426,47.95971493438247,30,179.26870100490905,28.669167027482978,30,605.5211426689445,31.799465737274712,29,1104.047674130366,47.275575012184504,0.0,0.2666666666666667,0,0,0,0
155,recipe-model-top,30,30,24,1.0,0.8,6.0,3.0,151.54787210216028,60,60,206.07275702731653,151.54787210216028,33.399147878642054,140.13903508700247,1.0,0.0,1.0,0.0,1.0,1.0,1.0,0.0,1.0,1.0,1.0,1.0,4.376720056124417,30,7.164064734928021,1.184252112271249,30,1.7018595343086351,0.9921398896640188,13,1.3056894372559311,55.81022627024632,30,132.89915129452098,12.911083570457254,30,26.26709584636272,12.911083570444996,22,25.682269481540363,-5.7666089234740525,0.0,0.33333333333333337,0,0,0,0
155,recipe-visual-best,30,30,28,1.0,0.9333333333333333,6.0,3.466666666666667,216.7633131978205,88,88,232.69818190205828,216.7633131978205,-0.7946575055407834,128.29674132834424,1.0,0.0,1.0,0.4666666666666667,1.0,1.0,1.0,0.0,1.0,1.0,1.0,1.0,10.82903139799841,30,13.611952599132634,66.76041767602982,30,68.59120755415235,111.42934177504468,18,113.56072596950958,49.60858883436703,30,180.0584037252688,23.74290027513682,30,615.135554153161,23.652555882344565,27,1729.0508105858853,-31.331446619763653,0.0,0.2666666666666667,0,0,0,0
156,earlier-selected,30,30,21,1.0,0.7,6.0,3.4,213.58936663138462,84,84,213.58936663138462,213.58936663138462,0.0,130.3006572830824,1.0,0.0,1.0,0.4,1.0,1.0,1.0,0.0,1.0,1.0,1.0,1.0,10.775026487505208,30,13.153693176459662,65.06808090287834,30,67.95443323201474,112.25198946962408,21,117.28640698007337,41.01755074816077,30,287.91972997009384,27.013070209414664,30,1886.31384921777,38.65232872510695,19,3447.728288173041,-82.89279408165629,0.0,-0.30000000000000004,0,0,0,0
156,recipe-model-top,30,30,11,1.0,0.36666666666666664,6.0,3.0,151.26682937855125,60,60,204.6822740685215,151.26682937855125,35.74940644546981,138.9627094644153,1.0,0.0,1.0,0.0,1.0,1.0,1.0,0.0,1.0,1.0,1.0,1.0,3.422089085856934,30,5.9379668973346025,0.8956926932235121,30,1.761541119954944,0.8105592562587101,6,1.2321869862900048,53.00436687336895,30,111.50459802839325,14.588100423375044,30,29.723220960019404,10.286461481526967,7,23.473348261675824,-0.2810427236090334,0.0,-0.4333333333333334,0,0,0,0
156,recipe-visual-best,30,30,18,1.0,0.6,6.0,3.3333333333333335,210.03566921930022,80,78,211.58127884551254,209.6724829452016,-0.0985855710799548,130.8031634882659,1.0,0.0,1.0,0.3333333333333333,1.0,1.0,1.0,0.0,1.0,1.0,1.0,1.0,10.385474498054682,30,13.382468700881148,65.53498934513485,30,67.75775616515311,112.71483801484717,16,116.35676965607598,25.279322970467156,30,97.1643603216884,17.64134003571312,30,44.57130433718487,17.146328602659167,16,43.10441596923333,-6.727643978520291,0.0,-0.33333333333333337,0,0,0,0
157,earlier-selected,30,30,30,1.0,1.0,6.0,3.8666666666666667,311.6987463215311,112,112,311.6987463215311,311.6987463215311,0.0,34.94690832074754,1.0,0.0,1.0,0.8666666666666667,1.0,1.0,1.0,0.0,1.0,1.0,1.0,1.0,10.056442949079162,30,11.283313542363803,58.26518107178529,30,61.59415026966587,112.2201040392978,21,121.07623466306369,21.671839774777073,30,255.30822579095044,51.41557948278684,30,1687.835907749443,51.4155794827935,30,3659.3103766916693,98.10937969014645,0.0,0.30000000000000004,0,0,0,0
157,recipe-model-top,30,30,20,1.0,0.6666666666666666,6.0,3.0,151.4769059739986,60,60,213.24797139680263,151.4769059739986,26.616823335237058,142.46513398175782,1.0,0.0,1.0,0.0,1.0,1.0,1.0,0.0,1.0,1.0,1.0,1.0,4.366213429903096,30,6.930411238060934,1.1425834222115285,30,1.767384401334662,1.0077251439967814,6,1.4474732470639757,33.865376334107026,30,58.620144847852025,12.847586701430647,30,19.886300526915072,10.156949936945484,15,21.056820485403616,0.21007659544736157,0.0,0.3,0,0,0,0
157,recipe-visual-best,30,30,30,1.0,1.0,6.0,3.9,311.4852517506042,114,112,311.6987463215311,311.4852517506042,-0.04267976826940867,34.454910176926745,1.0,0.0,1.0,0.9,1.0,1.0,1.0,0.0,1.0,1.0,1.0,1.0,10.257943955058165,30,11.423362814539766,58.25155178460398,30,63.13508457472303,112.92554853131801,18,121.18951708777549,23.445436206045343,30,84.01870208864582,51.76196536940909,30,358.37973377470865,51.76196536941237,30,550.7723184254413,101.449582531304,0.0,0.4,0,0,0,0
158,earlier-selected,30,30,28,1.0,0.9333333333333333,6.0,4.0,310.0276877980508,120,120,310.0276877980508,310.0276877980508,0.0,34.362768983606244,1.0,0.0,1.0,1.0,1.0,1.0,1.0,0.0,1.0,1.0,1.0,1.0,2.86903514816537,30,9.82106283408076,8.110458153889823,30,51.599765933243795,7.875968322144599,28,119.55217258593052,15.627529743372595,30,58.71862245159542,40.202856682780464,30,251.25093034572524,46.63187118301046,26,251.53645795389312,-1.6710585234802693,0.0,-0.06666666666666665,0,0,0,0
158,recipe-model-top,30,30,5,1.0,0.16666666666666666,6.0,3.0,154.74108686321784,60,60,264.3146769892011,154.74108686321784,-104.16669232731947,143.02243043010594,1.0,0.0,1.0,0.0,1.0,1.0,1.0,0.0,1.0,1.0,1.0,1.0,3.277051092245972,30,5.759886646191066,0.9728946966331921,30,1.6812352445569543,0.9324428876441839,3,1.3496358037622787,32.2819151419018,30,44.24051212001533,12.247863723520206,30,24.643675773483665,9.035075682090248,2,14.605377560962967,3.264180889219233,0.0,-0.5,0,0,0,0
158,recipe-visual-best,30,30,29,1.0,0.9666666666666667,6.0,4.0,314.9504163119068,120,120,310.0276877980508,314.9504163119068,2.1414580497464044,38.309414646844594,1.0,0.0,1.0,1.0,1.0,1.0,1.0,0.0,1.0,1.0,1.0,1.0,1.3604683492958682,30,4.968955709793473,4.976531175854555,30,13.344969327212025,4.830895656427128,29,31.3090598786495,14.572264488576593,30,116.76025420648641,43.67612339274788,30,374.8532112000372,37.42301572286829,29,376.58710672665137,3.465164561302572,0.0,-0.033333333333333326,0,0,0,0
159,earlier-selected,30,30,29,1.0,0.9666666666666667,6.0,4.433333333333334,304.3358633249007,133,133,304.3358633249007,304.3358633249007,0.0,33.612060007312095,1.0,0.0,1.0,1.0,1.0,1.0,1.0,0.43333333333333335,1.0,1.0,1.0,1.0,7.010545686315517,30,13.265136477783784,26.546302449949238,30,38.24060290850486,38.239621059061925,27,162.2684062116822,76.37533325754532,30,127.99937625297252,109.32054947506725,30,305.8457886596277,156.0654065594129,28,5322.909710394738,-5.69182447315012,0.0,0.033333333333333326,0,0,0,0
159,recipe-model-top,30,30,18,1.0,0.6,6.0,3.466666666666667,161.5352020948802,75,74,292.08786742858865,161.4634117045406,-139.5106812234758,129.4256898783049,1.0,0.0,1.0,0.0,1.0,1.0,1.0,0.4666666666666667,1.0,1.0,1.0,1.0,20.26540694681824,30,35.66884349655298,4.988676883218123,30,14.437663843315974,87.64688416804599,2,157.456418842737,76.3671017807672,30,173.41921085363344,37.637748983122314,30,104.78892909506816,49.26478631473674,16,5329.990791683289,6.794115231662346,0.0,0.43333333333333335,0,0,0,0
159,recipe-visual-best,30,30,30,1.0,1.0,6.0,4.466666666666667,304.98367902073073,134,133,304.3358633249007,305.15306375452116,0.0167546569564081,34.20952255346095,1.0,0.0,1.0,1.0,1.0,1.0,1.0,0.4666666666666667,1.0,1.0,1.0,1.0,8.616596773019822,30,16.91212892547174,23.864015368842786,30,48.844138520681334,49.7323104279789,29,162.37871368348655,56.682692517004924,30,137.481741406269,94.94707294689829,30,326.58967087494506,214.5138052557205,29,5357.04292728041,-9.96673729117606,0.0,0.033333333333333326,0,0,0,0
160,earlier-selected,30,30,26,1.0,0.8666666666666667,5.966666666666667,3.8333333333333335,427.21775953533694,94,94,427.21775953533694,427.21775953533694,0.0,104.10601026372532,1.0,0.0,1.0,1.0,1.0,0.43333333333333335,1.0,0.5,0.9666666666666667,0.9,1.0,1.0,48.2522981864392,30,57.91531851887505,58.595697401858004,30,68.0201333119523,110.75324220817417,25,144.6263645135459,236.07356513204718,30,1230.6171379454322,124.21117324305331,30,679.2038092127956,134.53310077194726,23,4858.9240244194225,122.88189621043625,0.0,-0.09999999999999998,0,0,0,0
160,recipe-model-top,30,30,17,1.0,0.5666666666666667,5.966666666666667,3.1666666666666665,322.0749072882967,79,67,419.8700988345967,322.0749072882967,-76.76613850587762,81.77037204636716,1.0,0.0,1.0,0.23333333333333334,1.0,0.5333333333333333,1.0,0.5,0.9666666666666667,0.9,1.0,1.0,40.781944554580946,30,87.54026009037008,30.516099409450756,30,77.02046368468818,96.57995603691977,11,150.8055959254435,749.2270248434761,30,3605.6614891060894,593.3766745823956,30,2117.7767100664464,2113.123726455226,13,4656.671436196771,160.5397051934165,0.0,-0.033333333333333326,0,0,0,0
160,recipe-visual-best,30,30,25,1.0,0.8333333333333334,5.966666666666667,3.933333333333333,432.02673456885634,98,92,427.21775953533694,434.8909414895682,-0.49415397660771987,99.9245310193853,1.0,0.0,1.0,1.0,1.0,0.5333333333333333,1.0,0.5,0.9666666666666667,0.9,1.0,1.0,47.850835272206695,30,60.096068709423356,60.06692744641594,30,72.16525762884956,112.32636669717861,25,146.25385648746786,266.17979657439577,30,1278.8244875825403,172.5823340324394,30,504.3082785173416,155.210322328642,21,577.0441264886057,127.04305554812561,0.0,-0.16666666666666663,0,0,0,0
161,earlier-selected,30,30,26,1.0,0.8666666666666667,6.0,3.7333333333333334,160.06923705549056,105,105,160.06923705549056,160.06923705549056,0.0,34.79383765612875,1.0,0.0,1.0,0.7333333333333333,1.0,0.13333333333333333,1.0,1.0,1.0,0.9,1.0,0.9666666666666667,53.00262491207622,30,81.95410139411881,56.85762729150022,30,75.30662610365255,62.93495354815863,24,94.57724222155241,83.64666515145815,30,694.4636806905434,68.95587387454084,30,419.76876747959165,44.78158132294367,23,416.2368767819424,-267.1485224798464,0.0,0.0,0,0,0,0
161,recipe-model-top,30,30,25,1.0,0.8333333333333334,6.0,3.0,142.80610734158594,81,81,146.3406628250563,142.80610734158594,-54.794329974674824,73.49694107798575,1.0,0.0,1.0,0.0,1.0,0.13333333333333333,1.0,1.0,1.0,0.9,1.0,0.9666666666666667,61.99482538613334,30,104.76702968984699,48.324058867806826,30,82.97351709649122,94.69995079321399,16,149.1244775131919,89.31558675590195,30,1207.0897581063177,24.568327131121237,30,323.4346448376941,18.2081715798253,22,194.28170136763043,-179.26879994671074,0.0,0.2666666666666667,0,0,0,0
161,recipe-visual-best,30,30,27,1.0,0.9,6.0,3.7,174.84099243691108,104,104,158.65484255237948,174.84099243691108,-0.01843523170819239,35.24707873469454,1.0,0.0,1.0,0.7,1.0,0.13333333333333333,1.0,1.0,1.0,0.9,1.0,0.9666666666666667,56.11142867761772,30,82.75648137461711,56.59415042071734,30,75.35534509997815,57.187833768855285,24,81.72575643213105,118.53812864463158,30,772.804747044505,107.68260545040077,30,423.0804510601406,74.60923420501514,24,425.5306127086496,-257.1857421319453,0.0,0.06666666666666665,0,0,0,0
162,earlier-selected,30,30,29,1.0,0.9666666666666667,5.933333333333334,3.9,129.98084471558238,98,98,129.98084471558238,129.98084471558238,0.0,31.06640697379442,1.0,0.0,1.0,0.26666666666666666,1.0,1.0,1.0,1.0,1.0,1.0,0.9333333333333333,0.6333333333333333,11.702947794430942,30,24.369984558009463,7.959900523032955,30,36.3455222591772,7.604519466056761,25,36.36305218942831,22.209308117685193,30,193.83644333358012,16.250695210025214,30,77.66673453418454,16.25069521005522,28,85.10265242328072,-30.088392339908182,0.0,0.09999999999999998,0,0,0,0
162,recipe-model-top,30,30,30,1.0,1.0,5.933333333333334,3.6,124.13260058285698,90,90,128.09261777362912,124.13260058285698,-0.8268878753878042,32.32019830490423,1.0,0.0,1.0,0.0,1.0,1.0,1.0,1.0,1.0,1.0,0.9333333333333333,0.6,29.892999298160106,30,44.925495358175844,18.334246966484162,30,41.278832771329654,18.248901031176384,25,26.261302168434366,19.85222925662702,30,114.04062837731804,11.691841999011746,30,25.32986230195739,11.691841999067307,30,25.32986230197161,-18.673506758728962,0.0,0.16666666666666663,0,0,0,0
162,recipe-visual-best,30,30,29,1.0,0.9666666666666667,5.933333333333334,3.8,133.38177720332277,96,94,129.32083767341217,131.54427850924458,-0.08865715692847687,29.57766868416492,1.0,0.0,1.0,0.2,1.0,1.0,1.0,1.0,1.0,1.0,0.9333333333333333,0.6,12.445032337434725,30,33.559866755591585,10.796736476957264,30,30.177268052529868,8.225084172251897,26,31.256858242663668,22.006482146847247,30,434.5318900669917,13.406981956244966,30,830.1397985165282,11.687519658555823,28,78.91340105769274,-41.45921523358831,0.0,0.06666666666666665,0,0,0,0
163,earlier-selected,30,30,30,1.0,1.0,6.0,3.8666666666666667,129.81734531819973,99,99,129.81734531819973,129.81734531819973,0.0,30.18207212960385,1.0,0.0,1.0,0.0,1.0,1.0,1.0,1.0,1.0,1.0,1.0,0.8666666666666667,6.3123527228093845,30,18.225688206347897,3.27601831827739,30,8.611644137353515,3.2194490621190157,29,10.875182211949342,38.22759679596247,30,149.41981184602997,12.55221545554161,30,32.760967308486585,12.552215455554443,30,32.76096730849463,-0.16349939738265107,0.0,0.033333333333333326,0,0,0,0
163,recipe-model-top,30,30,29,1.0,0.9666666666666667,6.0,3.9,129.16713912270734,99,99,129.81734531819973,129.16713912270734,0.6083636338597813,27.733725749113766,1.0,0.0,1.0,0.0,1.0,1.0,1.0,1.0,1.0,1.0,1.0,0.9,3.8921318284284165,30,6.571058884785926,2.4504835326073713,30,5.144878041916075,2.226665315231989,29,5.189583124705497,17.54284816679812,30,124.40240659934052,12.514991009911718,30,34.831966051226246,11.571167148675432,28,36.219150683703695,5.0345385398503595,0.0,-0.033333333333333326,0,0,0,0
163,recipe-visual-best,30,30,29,1.0,0.9666666666666667,6.0,3.9,128.82993486523313,99,99,129.81734531819973,128.82993486523313,0.23906938384548937,27.631755220645157,1.0,0.0,1.0,0.0,1.0,1.0,1.0,1.0,1.0,1.0,1.0,0.9,6.302959764835794,30,16.454300190912097,3.3599615722953766,30,7.9124573486244945,3.218388455780273,28,5.732702218537371,19.17636103424954,30,121.86341852995392,12.17707705766176,30,36.01942472508311,10.627160293616722,28,37.5827723250936,-4.551842338089642,0.0,0.0,0,0,0,0
164,earlier-selected,30,30,30,1.0,1.0,6.0,4.0,126.42981348685905,120,120,126.42981348685905,126.42981348685905,0.0,34.228541233575775,1.0,0.0,1.0,0.0,1.0,1.0,1.0,1.0,1.0,1.0,1.0,1.0,3.521904120716362,30,4.80204229654747,2.34329063658432,30,3.6999422139605724,2.3432906365842423,30,3.6999422139605533,19.780353196665846,30,59.98674893861661,17.229371117796504,30,41.4703452848066,17.229371117834624,30,41.470345284815174,-3.387531831340681,0.0,0.0,0,0,0,0
164,recipe-model-top,30,30,30,1.0,1.0,6.0,4.0,140.87285727296162,120,120,126.42981348685905,140.87285727296162,1.3139095663623266,32.60278509054423,1.0,0.0,1.0,0.0,1.0,1.0,1.0,1.0,1.0,1.0,1.0,1.0,3.4347542954614543,30,4.27725524179026,2.640221616169235,30,3.612350094905498,2.6892951037841457,29,3.6160832262487377,21.071882426535563,30,52.43844424592454,15.578374030310888,30,30.80874369388045,15.578374030321326,30,30.808743693878558,11.705718150254285,0.0,0.033333333333333326,0,0,0,0
164,recipe-visual-best,30,30,30,1.0,1.0,6.0,4.0,137.83733308919892,120,120,126.42981348685905,137.83733308919892,0.9496607661355405,32.15960592071896,1.0,0.0,1.0,0.0,1.0,1.0,1.0,1.0,1.0,1.0,1.0,1.0,3.0802442207759246,30,4.237089017207272,2.6914221333354424,30,3.770236266508404,2.728805445402696,29,3.7854521016844043,16.730374657859162,30,28.36272911530264,19.162694533389775,30,34.82460952713745,19.16269453340786,30,34.82460952715625,9.007398223965794,0.0,0.033333333333333326,0,0,0,0
165,earlier-selected,30,30,30,1.0,1.0,6.0,4.0,122.59788871933166,120,120,122.59788871933166,122.59788871933166,0.0,34.493292040985814,1.0,0.0,1.0,0.0,1.0,1.0,1.0,1.0,1.0,1.0,1.0,1.0,3.1049271642032803,30,4.217510466612027,1.837140665401884,30,2.4044186293865666,1.837140665402183,30,2.404418629386855,13.759734418718079,30,51.8611695796357,12.784772820377551,30,29.707834834319605,12.784772820428778,30,29.707834834339586,-3.831924767527383,0.0,0.0,0,0,0,0
165,recipe-model-top,30,30,30,1.0,1.0,6.0,4.0,136.78474672414617,120,120,122.59788871933166,136.78474672414617,3.014349216209297,31.69763052371817,1.0,0.0,1.0,0.0,1.0,1.0,1.0,1.0,1.0,1.0,1.0,1.0,2.813206841036653,30,3.6067585073842645,1.7295187957951361,30,2.3829538222776434,1.7295187957950318,30,2.382953822278088,37.20178869432628,30,54.37325635186126,13.09212229845628,30,34.74058633226828,13.092122298481328,30,34.74058633228529,-4.08811054881545,0.0,0.0,0,0,0,0
165,recipe-visual-best,30,30,30,1.0,1.0,6.0,4.0,131.9817959146682,120,120,122.59788871933166,131.9817959146682,1.4266052648879572,31.621608178483772,1.0,0.0,1.0,0.0,1.0,1.0,1.0,1.0,1.0,1.0,1.0,1.0,2.16688289070426,30,3.0490921428593816,1.762462039567333,30,2.415591105161171,1.7624620395675392,30,2.4155911051614445,21.644871804442463,30,46.51020069774297,16.86629748405699,30,31.953077620169676,16.8662974840959,30,31.953077620190168,-5.855537174530724,0.0,0.0,0,0,0,0
166,earlier-selected,29,29,29,1.0,1.0,6.0,4.0,123.47332299456406,116,116,123.47332299456406,123.47332299456406,0.0,31.406081976193814,1.0,0.0,1.0,0.0,1.0,1.0,1.0,1.0,1.0,1.0,1.0,1.0,4.594587743424698,29,8.694058810776875,3.3444456084724328,29,5.972535831737344,3.344445608472542,29,5.972535831737405,11.555334716081047,29,34.36785846498361,15.803811762024326,29,27.34313664511316,15.803811762024326,29,27.343136645117706,0.8754342752323936,0.0,0.0,0,0,0,0
166,recipe-model-top,29,29,29,1.0,1.0,6.0,4.0,134.5271965893681,116,116,123.47332299456406,134.5271965893681,3.0463551849780046,30.938931638240096,1.0,0.0,1.0,0.0,1.0,1.0,1.0,1.0,1.0,1.0,1.0,1.0,5.30712646198439,29,8.4808902145612,3.5729054746710083,29,5.862461732349954,3.5729054746711104,29,5.862461732349966,11.5973629973616,29,43.14571861225923,13.046637743974273,29,30.095892075527072,13.046637743999366,29,30.095892075537943,-2.2575501347780857,0.0,0.0,0,0,0,0
166,recipe-visual-best,29,29,29,1.0,1.0,6.0,4.0,131.79894334076593,116,116,123.47332299456406,131.79894334076593,0.7279048341679584,31.103136844124393,1.0,0.0,1.0,0.0,1.0,1.0,1.0,1.0,1.0,1.0,1.0,1.0,5.819526183935773,29,8.498014086321106,3.527537956716675,29,5.89953749609156,3.527537956716675,29,5.899537496091635,13.604867686242422,29,28.423185013456685,15.851097898410453,29,25.306228067858456,15.851097898451759,29,25.306228067881765,-0.1828525739022666,0.0,0.0,0,0,0,0
167,earlier-selected,30,30,30,1.0,1.0,5.866666666666666,3.8,117.87339024836697,114,114,117.87339024836697,117.87339024836697,0.0,54.68354051608024,1.0,0.0,1.0,0.0,0.8666666666666667,0.8,1.0,1.0,1.0,1.0,1.0,1.0,9.396800637519934,30,89.09701792381809,5.074031673533281,30,22.293982677669124,5.07403167353339,30,22.293982677669128,55.33932368790879,30,396.203361683452,10.70186599479159,30,27.91830048189008,10.70186599483684,30,27.91830048191475,-5.599932746197084,0.0,0.0,0,0,0,0
167,recipe-model-top,30,30,29,1.0,0.9666666666666667,5.866666666666666,3.8,117.92841492359979,114,114,117.87339024836697,117.92841492359979,0.5899980329515593,54.73093304661976,1.0,0.0,1.0,0.0,0.8666666666666667,0.8,1.0,1.0,1.0,1.0,1.0,1.0,9.480485216735499,30,88.1859729159715,5.004033506827854,30,22.88042928267522,4.999117225129138,29,22.90367594031303,33.446489191149254,30,396.24996339529264,11.597706638599355,30,25.104531059342357,11.59770663864106,28,30.497118845996063,-16.5987816657683,0.0,-0.033333333333333326,0,0,0,0
167,recipe-visual-best,30,30,29,1.0,0.9666666666666667,5.866666666666666,3.8,117.34958366323411,114,114,117.87339024836697,117.34958366323411,0.1078335295214643,54.85735009189148,1.0,0.0,1.0,0.0,0.8666666666666667,0.8,1.0,1.0,1.0,1.0,1.0,1.0,9.484016815226553,30,89.25601504746726,4.994159355383337,30,22.9226139344984,4.991376928665016,29,22.927841198732267,29.74385414829579,30,395.1952503476296,11.763909238040814,30,26.246649588160917,11.76390923809813,28,31.51758455913994,-14.449359677531817,0.0,-0.033333333333333326,0,0,0,0
168,earlier-selected,30,30,30,1.0,1.0,6.0,4.0,103.10463922227777,120,120,103.10463922227777,103.10463922227777,0.0,34.95123380396683,1.0,0.0,1.0,0.0,1.0,1.0,1.0,1.0,1.0,1.0,1.0,1.0,9.351390640728805,30,87.09813064508823,4.796420348579238,30,22.505834242780125,4.796420348579353,30,22.505834242780157,6.963985589034984,30,17.972608988696496,12.454975505887528,30,37.04243177206331,12.454975505952607,30,37.04243177206331,-14.768751026089205,0.0,0.0,0,0,0,0
168,recipe-model-top,30,30,30,1.0,1.0,6.0,4.0,102.50812528115011,120,120,103.10463922227777,102.50812528115011,0.9732528960757421,35.6428012524612,1.0,0.0,1.0,0.0,1.0,1.0,1.0,1.0,1.0,1.0,1.0,1.0,11.876011902160585,30,84.45510379018116,4.945986406052112,30,22.767733689832536,4.9861075876004435,29,22.780814678286486,11.10970958688753,30,20.45287098743483,12.553615579621262,30,22.554213359191028,12.553615579725598,30,22.554213359220057,-15.420289642449674,0.0,0.033333333333333326,0,0,0,0
168,recipe-visual-best,30,30,30,1.0,1.0,6.0,4.0,102.5064422848184,120,120,103.10463922227777,102.5064422848184,1.032473611402125,35.34510514085031,1.0,0.0,1.0,0.0,1.0,1.0,1.0,1.0,1.0,1.0,1.0,1.0,12.07998104072361,30,86.12834724026712,4.898036513760049,30,22.694053126949353,4.9129161519940325,29,22.725621111195917,14.045589463735727,30,38.7921019316747,10.860516169684546,30,20.75700050833297,10.860516169685965,30,20.757000508378862,-14.843141378415709,0.0,0.033333333333333326,0,0,0,0
169,earlier-selected,30,30,30,1.0,1.0,6.0,4.0,114.46521373273002,120,120,114.46521373273002,114.46521373273002,0.0,35.29451247580651,1.0,0.0,1.0,0.0,1.0,1.0,1.0,1.0,1.0,1.0,1.0,1.0,1.1505949081113531,30,1.404190680089364,1.185810785888664,30,1.9579476983804007,1.1858107858891187,30,1.957947698380066,7.423871325864308,30,13.845560011137199,6.026644978799416,30,17.64942549579744,6.0266449788538,30,17.649425495834535,11.360574510452253,0.0,0.0,0,0,0,0
169,recipe-model-top,30,30,30,1.0,1.0,6.0,4.0,113.61518385035902,120,120,114.46521373273002,113.61518385035902,0.7858146988092756,35.499261256345854,1.0,0.0,1.0,0.0,1.0,1.0,1.0,1.0,1.0,1.0,1.0,1.0,0.9426804379025827,30,1.5306149619693616,1.285878460509088,30,2.4297870619179567,1.2858784605096538,30,2.4297870619178488,7.956847007197258,30,27.422216582251224,6.149855350082747,30,19.238970318244423,6.14985535010765,30,19.238970318230567,11.107058569208903,0.0,0.0,0,0,0,0
169,recipe-visual-best,30,30,30,1.0,1.0,6.0,4.0,113.51213696715106,120,120,114.46521373273002,113.51213696715106,0.6909521306818398,35.16150157279128,1.0,0.0,1.0,0.0,1.0,1.0,1.0,1.0,1.0,1.0,1.0,1.0,1.122463446936695,30,1.5830686206847084,1.3031814872966219,30,2.403068055976075,1.3031814872968976,30,2.4030680559761985,8.043613726368587,30,23.972316866203023,8.263616472209613,30,16.547420705302333,8.263616472249229,30,16.547420705305814,11.00569468233266,0.0,0.0,0,0,0,0
170,earlier-selected,30,30,30,1.0,1.0,5.966666666666667,3.966666666666667,116.35901815499751,119,119,116.35901815499751,116.35901815499751,0.0,35.56285886695717,1.0,0.0,1.0,0.0,0.9666666666666667,0.9666666666666667,1.0,1.0,1.0,1.0,1.0,1.0,1.8725922331856892,30,4.915826672423774,2.6111367928426557,30,3.190627576688803,2.6111367928428653,30,3.190627576688917,15.741907518355301,30,386.9071168915357,10.100646383276391,30,33.06537622049249,10.100646383327256,30,33.065376220491565,1.8938044222674932,0.0,0.0,0,0,0,0
170,recipe-model-top,30,30,30,1.0,1.0,5.966666666666667,3.966666666666667,115.91910470934744,119,119,116.35901815499751,115.91910470934744,-0.12358882093627699,34.34458840464653,1.0,0.0,1.0,0.0,0.9666666666666667,0.9666666666666667,1.0,1.0,1.0,1.0,1.0,1.0,1.9670540427813112,30,3.7281644675639853,2.635766367600089,30,3.33442277148229,2.6357663676001577,30,3.3344227714824974,18.23899692127073,30,380.39202403683396,9.449576909418578,30,27.72562898532909,9.449576909383207,30,27.725628985339334,2.3039208589884197,0.0,0.0,0,0,0,0
170,recipe-visual-best,30,30,30,1.0,1.0,5.966666666666667,3.966666666666667,115.3899535852417,119,119,116.35901815499751,115.3899535852417,-0.06928625894572349,33.79577956601994,1.0,0.0,1.0,0.0,0.9666666666666667,0.9666666666666667,1.0,1.0,1.0,1.0,1.0,1.0,2.0048947132944095,30,3.9896240499849496,2.641350307672397,30,3.312400509476278,2.641350307672604,30,3.312400509476278,20.60622511501171,30,379.877532506864,9.776920612156175,30,28.243446214824335,9.776920612189919,30,28.243446214814266,1.877816618090634,0.0,0.0,0,0,0,0
171,earlier-selected,30,30,30,1.0,1.0,6.0,3.966666666666667,113.79141668417904,119,119,113.79141668417904,113.79141668417904,0.0,35.90638217149541,1.0,0.0,1.0,0.0,1.0,1.0,1.0,0.9666666666666667,1.0,1.0,1.0,1.0,0.6776121303250928,30,14.564559085161441,0.5897047568897613,30,1.330167107438373,0.5897047568897726,30,1.330167107438438,7.131744814506069,30,16.09297374885864,5.669691098896711,30,14.20483480929543,5.669691099012303,30,14.20483480929737,-2.567601470818474,0.0,0.0,0,0,0,0
171,recipe-model-top,30,30,30,1.0,1.0,6.0,3.966666666666667,114.37117004367494,119,118,113.57933265710352,114.19287554218087,-0.39877397764299616,35.94704996458508,1.0,0.0,1.0,0.0,1.0,1.0,1.0,0.9666666666666667,1.0,1.0,1.0,1.0,1.0050930650645968,30,3.671582843532954,0.5935951147315133,30,1.2933147372477,0.5935951147327405,30,1.2933147372474623,9.671003922558505,30,21.583569191709817,7.253354519462377,30,16.507331943571163,7.253354519484958,30,16.50733194360886,-1.5479346656725,0.0,0.0,0,0,0,0
171,recipe-visual-best,30,30,30,1.0,1.0,6.0,4.0,109.5728793344012,120,119,113.79141668417904,105.55946725479193,0.6321499441340279,34.90109347711551,1.0,0.0,1.0,0.0,1.0,1.0,1.0,1.0,1.0,1.0,1.0,1.0,1.0705598641359213,30,2.9645634587101957,0.62897989303631,30,1.0454439521469525,0.6289798930374578,30,1.0454439521476513,15.499623611988053,30,31.653298626020227,6.411330563017287,30,13.931681273395286,6.411330563095575,30,13.931681273482758,-5.817074250840506,0.0,0.0,0,0,0,0
172,earlier-selected,30,30,30,1.0,1.0,6.0,4.0,107.26018882043405,120,120,107.26018882043405,107.26018882043405,0.0,37.29832152852149,1.0,0.0,1.0,0.0,1.0,1.0,1.0,1.0,1.0,1.0,1.0,1.0,3.6018182476783673,30,4.374546340906161,2.1598896723939847,30,2.6099952650241214,2.159889672394323,30,2.6099952650242613,11.410174497693735,30,23.002931259775764,11.1207732080592,30,23.137211820746714,11.120773208118074,30,23.13721182076333,-6.531227863744988,0.0,0.0,0,0,0,0
172,recipe-model-top,30,30,30,1.0,1.0,6.0,4.0,106.6086937023467,120,120,107.26018882043405,106.6086937023467,-0.02800657692566233,37.25754532587655,1.0,0.0,1.0,0.0,1.0,1.0,1.0,1.0,1.0,1.0,1.0,1.0,3.4247764677903074,30,4.277146183273294,2.1202996095914797,30,2.6439731637422303,2.1202996095917377,30,2.6439731637426167,12.19650262316452,30,18.80922180600337,10.839995160452851,30,20.802972662455918,10.839995160483053,30,20.802972662484454,-7.762476341328238,0.0,0.0,0,0,0,0
172,recipe-visual-best,30,30,30,1.0,1.0,6.0,4.0,106.6524981453429,120,120,107.26018882043405,106.6524981453429,0.2039854180711771,32.01576569023755,1.0,0.0,1.0,0.0,1.0,1.0,1.0,1.0,1.0,1.0,1.0,1.0,5.126938109236164,30,6.2745053573998035,2.231987807926413,30,2.7534981762626325,2.231987807926573,30,2.753498176262883,15.882533899904729,30,42.55804685253897,10.978249778036343,30,20.360765235348765,10.978249778066171,30,20.36076523533584,-2.92038118905829,0.0,0.0,0,0,0,0
173,earlier-selected,30,30,30,1.0,1.0,6.0,4.0,114.15651192705026,120,120,114.15651192705026,114.15651192705026,0.0,37.444225478968896,1.0,0.0,1.0,0.0,1.0,1.0,1.0,1.0,1.0,1.0,1.0,1.0,1.0276671823152086,30,1.8226632838268688,1.411746659133779,30,2.027129299056942,1.4117466591346808,30,2.027129299056942,11.0789737090907,30,27.23868474815096,10.480161966640129,30,23.82694205947717,10.480161966716725,30,23.826942059492083,6.896323106616208,0.0,0.0,0,0,0,0
173,recipe-model-top,30,30,30,1.0,1.0,6.0,4.0,113.52761308268745,120,120,114.15651192705026,113.52761308268745,0.15237798290092996,37.41576805665102,1.0,0.0,1.0,0.0,1.0,1.0,1.0,1.0,1.0,1.0,1.0,1.0,1.016281272494438,30,1.5431012752438487,1.4240792887957028,30,2.0724239523327097,1.424079288796091,30,2.0724239523330437,11.867908024444791,30,28.292556286274433,12.377491026406208,30,28.302339674072762,12.37749102645217,30,28.302339674074872,6.918919380340753,0.0,0.0,0,0,0,0
173,recipe-visual-best,30,30,30,1.0,1.0,6.0,4.0,114.40735767035122,120,120,114.15651192705026,114.40735767035122,0.26416914658643975,35.8450308489773,1.0,0.0,1.0,0.0,1.0,1.0,1.0,1.0,1.0,1.0,1.0,1.0,1.8917150351440304,30,2.6858704814041374,1.4132178403628397,30,2.0764051514182653,1.4132178403632234,30,2.0764051514184234,24.272780324227128,30,68.05516454486911,13.14959014385073,30,26.03818218489675,13.14959014386314,30,26.03818218487823,7.754859525008314,0.0,0.0,0,0,0,0
174,earlier-selected,30,30,30,1.0,1.0,6.0,4.0,115.19859261420714,120,120,115.19859261420714,115.19859261420714,0.0,34.29481170075117,1.0,0.0,1.0,0.0,1.0,1.0,1.0,1.0,1.0,1.0,1.0,1.0,4.5389347296603715,30,8.314323956122921,3.9468634265241698,30,7.866103628844575,3.946863426524401,30,7.866103628844657,24.035309174901528,30,54.239449178230736,26.709577128074606,30,54.335996677745534,26.709577128092764,30,54.335996677757066,1.0420806871568828,0.0,0.0,0,0,0,0
174,recipe-model-top,30,30,30,1.0,1.0,6.0,4.0,114.993016014381,120,120,115.19859261420714,114.993016014381,0.15772070443192732,34.08412711376687,1.0,0.0,1.0,0.0,1.0,1.0,1.0,1.0,1.0,1.0,1.0,1.0,4.573464990264339,30,8.051609402219317,3.8921750400068813,30,7.530951860295804,3.8921750400069737,30,7.530951860295891,16.18766332855981,30,48.526813321468495,22.003360379152163,30,48.38872516000216,22.003360379159233,30,48.388725160003986,1.4654029316935464,0.0,0.0,0,0,0,0
174,recipe-visual-best,30,30,30,1.0,1.0,6.0,4.0,115.54156108695636,120,120,115.19859261420714,115.54156108695636,0.2897055274315221,31.621053821811728,1.0,0.0,1.0,0.0,1.0,1.0,1.0,1.0,1.0,1.0,1.0,1.0,4.693311408602453,30,8.117349885726002,3.8362116716136843,30,7.314513915711341,3.8362116716138255,30,7.314513915711442,25.400628058997782,30,54.01610151918276,23.96038841887536,30,49.3635530591409,23.96038841890141,30,49.3635530591415,1.1342034166051462,0.0,0.0,0,0,0,0
175,earlier-selected,30,30,26,1.0,0.8666666666666667,6.0,3.2333333333333334,167.13884336166188,95,95,167.13884336166188,167.13884336166188,0.0,86.74500130602537,1.0,0.0,1.0,0.03333333333333333,1.0,0.7666666666666667,1.0,0.43333333333333335,1.0,1.0,1.0,1.0,25.993082281856992,30,31.6556096125961,23.1436240968471,30,53.88375401357493,22.45027392654434,26,54.51475007411254,228.4695524726905,30,1131.6792549401928,246.0050106322406,30,1038.5928623127113,101.22772110800548,23,1970.0106058936171,51.94025074745474,0.0,-0.1333333333333333,0,0,0,0
175,recipe-model-top,30,30,27,1.0,0.9,6.0,3.4,138.70006402869194,95,89,139.6156707070111,137.6183637527883,0.6020645506034903,89.76504369390186,1.0,0.0,1.0,0.06666666666666667,1.0,0.8,1.0,0.5333333333333333,1.0,1.0,1.0,1.0,22.374496781642318,30,32.76547670472938,26.75816117063283,30,52.783320338962255,26.1510125998327,27,134.76015724498683,301.55339697844937,30,2073.345480311754,180.5884493062229,30,1518.1908737067906,148.48902401632918,24,4815.431761220303,23.707048014310942,0.0,-0.09999999999999998,0,0,0,0
175,recipe-visual-best,30,30,28,1.0,0.9333333333333333,6.0,3.4,138.0761621885555,94,88,139.45290065602984,136.21182530351876,0.11211458667800933,90.67952497567363,1.0,0.0,1.0,0.06666666666666667,1.0,0.8,1.0,0.5333333333333333,1.0,1.0,1.0,1.0,22.063157744590917,30,31.928453667245655,26.954444187225164,30,52.71892619909928,26.95444418722517,28,134.40551030055227,179.50382385608617,30,2082.2024201106638,97.99828363326276,30,1504.4857089147272,148.60860613225333,26,5277.3135796522765,22.534601101599122,0.0,-0.06666666666666665,0,0,0,0
176,earlier-selected,30,30,20,1.0,0.6666666666666666,6.0,3.2,277.6090904094414,93,93,277.6090904094414,277.6090904094414,0.0,93.4696808289927,1.0,0.0,1.0,0.2,1.0,1.0,1.0,0.0,1.0,1.0,1.0,1.0,33.69789292358203,30,75.46435979324656,29.11363875300095,30,77.56998192916585,40.06742992182432,18,111.65110438382676,226.27174531260272,30,1073.26220154168,92.52020094650749,30,1816.4048317834884,52.87732753612302,15,2244.443164757561,110.47024704777954,0.0,-0.20000000000000007,0,0,0,0
176,recipe-model-top,30,30,24,1.0,0.8,6.0,3.3,268.85169236660187,97,92,275.3682956631476,255.55210202912042,1.3259845291663943,89.49182395976493,1.0,0.0,1.0,0.3,1.0,1.0,1.0,0.0,1.0,1.0,1.0,1.0,28.2346732955122,30,63.39004551864173,22.60352834756123,30,75.28476703758615,36.60616681154901,21,138.58386528449174,163.08929932504844,30,995.8040256252556,114.53705090973767,30,606.654330427402,76.0161239266517,20,1264.2142652997825,130.15162833790993,0.0,-0.09999999999999998,0,0,0,0
176,recipe-visual-best,30,30,22,1.0,0.7333333333333333,6.0,3.3,285.1204809436314,97,92,275.3682956631476,273.74568278205663,0.9618973132356246,87.02704242493758,1.0,0.0,1.0,0.3,1.0,1.0,1.0,0.0,1.0,1.0,1.0,1.0,27.090347484268534,30,66.06190191941337,20.654257553523507,30,75.25474064767006,43.21822722330793,21,150.78149141313304,369.0676629022995,30,1038.6484119160255,155.55950367594323,30,613.0296062414195,109.51560214365733,19,4987.135467558656,147.0443187550759,0.0,-0.20000000000000007,0,0,0,0
177,earlier-selected,30,30,29,1.0,0.9666666666666667,6.0,4.0,251.42913670824024,119,119,251.42913670824024,251.42913670824024,0.0,61.36612771124676,1.0,0.0,1.0,1.0,1.0,1.0,1.0,0.0,1.0,1.0,1.0,1.0,34.227107165534136,30,72.37820212226733,55.36888454429419,30,86.05400679911229,52.03272660680188,19,125.72758798667199,168.03742120400125,30,1700.8073218397217,201.04258232374235,30,1530.4889095786234,150.45197535987103,28,3167.7714601232005,-26.179953701201185,0.0,0.30000000000000004,0,0,0,0
177,recipe-model-top,30,30,29,1.0,0.9666666666666667,6.0,4.0,259.1736749591846,120,119,251.42913670824024,258.33345508485553,-2.174088910561707,64.6957325126863,1.0,0.0,1.0,1.0,1.0,1.0,1.0,0.0,1.0,1.0,1.0,1.0,20.814089241852713,30,76.29276919972241,50.864809405728444,30,84.25187055348148,49.673528869490525,23,95.5339966459825,75.14163538244932,30,1643.4938507852144,134.7056220636967,30,447.3474575966972,134.7056220636979,28,365.0408797642343,-9.678017407417258,0.0,0.16666666666666663,0,0,0,0
177,recipe-visual-best,30,30,30,1.0,1.0,6.0,4.0,259.6065555603992,120,119,251.42913670824024,262.4501390168985,-2.0633322449043305,67.07143373529362,1.0,0.0,1.0,1.0,1.0,1.0,1.0,0.0,1.0,1.0,1.0,1.0,21.73144857519761,30,69.9257180812537,50.22208779853739,30,78.85395497247931,49.20764371607722,22,104.3703968423533,79.66957247447985,30,1767.4970759963078,134.8685985363847,30,425.4959565169127,136.54499419100267,30,1089.5921380818527,-25.513925383232163,0.0,0.2666666666666667,0,0,0,0
178,earlier-selected,30,30,28,1.0,0.9333333333333333,6.0,4.166666666666667,285.97901986671945,121,121,285.97901986671945,285.97901986671945,0.0,118.09261224024635,1.0,0.0,1.0,1.0,1.0,1.0,1.0,0.16666666666666666,1.0,1.0,1.0,1.0,39.457508883152,30,55.22359523532751,52.1686483768368,30,68.78442620989884,56.72284350194673,27,132.61196385533194,403.69958065325966,30,1529.1824159889425,236.7528857133387,30,1189.9775887886185,273.5252239340132,27,2668.291239715761,34.54988315847922,0.0,-0.033333333333333326,0,0,0,0
178,recipe-model-top,30,30,27,1.0,0.9,6.0,4.133333333333334,294.3160766643824,120,120,287.70184777566544,294.3160766643824,0.269599121359164,119.67770336729157,1.0,0.0,1.0,1.0,1.0,0.9666666666666667,1.0,0.16666666666666666,1.0,1.0,1.0,1.0,41.13775387124686,30,62.55396070888348,50.85579494031982,30,70.27926168803987,48.75738013752018,26,114.43973557904464,377.28061727237,30,1347.7980851158738,207.3998340976976,30,772.6263354432508,377.82547909932885,26,5101.463619644105,35.14240170519781,0.0,-0.06666666666666665,0,0,0,0
178,recipe-visual-best,30,30,27,1.0,0.9,6.0,4.133333333333334,285.5690324524501,120,120,287.70184777566544,285.5690324524501,-0.2463995358901343,117.37144318241064,1.0,0.0,1.0,1.0,1.0,0.9666666666666667,1.0,0.16666666666666666,1.0,1.0,1.0,1.0,42.688104778654946,30,62.12672297724743,47.31853546127545,30,69.90696798919221,48.09970948041614,27,115.38778871212024,437.30288014450605,30,2050.4200924774796,238.0370096565618,30,960.7399758106305,581.6853433271958,25,4961.927577340151,25.96247689205086,0.0,-0.09999999999999998,0,0,0,0
179,earlier-selected,30,30,27,1.0,0.9,6.0,3.8666666666666667,211.66794495987887,116,116,211.66794495987887,211.66794495987887,0.0,56.367027224149055,1.0,0.0,1.0,0.9666666666666667,1.0,0.8,1.0,0.1,1.0,1.0,1.0,1.0,51.094260745319914,30,63.14553092917202,54.399713230964224,30,83.449759840618,56.22445662965858,25,94.38221354368739,104.24189739756181,30,501.65362979093493,97.41602573898216,30,254.08751600160656,105.26922657479125,26,362.9017029570017,-74.31107490684059,0.0,-0.033333333333333326,0,0,0,0
179,recipe-model-top,30,30,29,1.0,0.9666666666666667,6.0,3.7666666666666666,221.9273144910622,113,111,211.1395894835818,219.5907233162148,0.4496391556111803,56.26701017937352,1.0,0.0,1.0,0.8666666666666667,1.0,0.8,1.0,0.1,1.0,1.0,1.0,1.0,55.27324429548896,30,67.42146867147336,60.72923290240138,30,88.49404921635787,60.729232902401385,26,115.83299999558324,140.40114215781864,30,551.9387194633179,142.9147805551448,30,486.60816804950775,142.91478055515063,28,506.20674422665087,-72.38876217332023,0.0,0.06666666666666665,0,0,0,0
179,recipe-visual-best,30,30,27,1.0,0.9,6.0,3.9,213.04886206225876,117,115,212.04418681386264,211.86764755022466,0.15203725654487243,56.49136345943571,1.0,0.0,1.0,1.0,1.0,0.8,1.0,0.1,1.0,1.0,1.0,1.0,52.17653069000632,30,70.4492484144318,53.67587573221792,30,74.56230384508703,57.304585370112086,25,114.75697014133166,106.62542871810088,30,453.56008230376574,94.9230391220609,30,232.53545876392116,105.30059474352262,26,744.9288712240351,-72.52017039019131,0.0,0.0,0,0,0,0
180,earlier-selected,30,30,20,1.0,0.6666666666666666,6.0,4.533333333333333,323.60219493351633,131,131,323.60219493351633,323.60219493351633,0.0,51.40014121027066,1.0,0.0,1.0,1.0,1.0,0.9333333333333333,1.0,0.6,1.0,1.0,1.0,1.0,31.76264476949286,30,35.44328290109435,65.02136669444576,30,79.81954454872158,95.12597300532265,19,120.58340009694936,27.83743751616661,30,250.30964062235432,72.88251853227827,30,472.0817262741886,84.62482648975411,17,483.7492453560982,111.93424997363746,0.0,-0.2333333333333334,0,0,0,0
180,recipe-model-top,30,30,17,1.0,0.5666666666666667,6.0,4.466666666666667,327.38380254393667,130,129,325.4621350915751,326.4607454730919,0.21873095160208322,50.32378202072135,1.0,0.0,1.0,1.0,1.0,0.9333333333333333,1.0,0.5333333333333333,1.0,1.0,1.0,1.0,31.950831639506553,30,36.99569585398781,65.04657234830995,30,78.65525311938103,71.20228209985268,17,101.38083213986775,23.29335845815486,30,231.4979009291338,64.11726965799895,30,275.3695767467881,228.9330500422972,13,4396.476064174492,105.45648805287448,0.0,-0.4,0,0,0,0
180,recipe-visual-best,30,30,18,1.0,0.6,6.0,4.466666666666667,326.4341499516548,129,129,325.4621350915751,326.4341499516548,0.29656732727744384,51.287516017847345,1.0,0.0,1.0,1.0,1.0,0.9333333333333333,1.0,0.5333333333333333,1.0,1.0,1.0,1.0,31.49912162249896,30,34.31079665714138,66.45991480483966,30,80.09294839609883,73.33713516034793,17,103.90605140017321,23.21355315534896,30,243.69402559695357,54.48338301249109,30,275.07660876015245,231.9244257158949,13,4393.674989770372,113.38528788939601,0.0,-0.30000000000000004,0,0,0,0
181,earlier-selected,30,30,26,1.0,0.8666666666666667,6.0,4.0,309.91097397708813,98,98,309.91097397708813,309.91097397708813,0.0,68.47379355766219,1.0,0.0,1.0,1.0,1.0,1.0,1.0,0.0,1.0,1.0,1.0,1.0,7.5622106151291995,30,16.82581248481383,13.257626234398257,30,39.74871367025218,52.11221923781327,19,170.19301672179043,18.517996576516374,30,49.98677007921053,33.68193175932491,30,147.88894544268527,25.193414471978812,23,69.38827682341744,-13.691220956428197,0.0,0.20000000000000007,0,0,0,0
181,recipe-model-top,30,30,28,1.0,0.9333333333333333,6.0,4.0,307.422555456129,98,98,309.91097397708813,307.422555456129,-0.3955020880796951,67.31661400699531,1.0,0.0,1.0,1.0,1.0,1.0,1.0,0.0,1.0,1.0,1.0,1.0,7.683865843133426,30,17.31313074716272,13.290466816284962,30,41.195902722579234,166.07091158726945,16,169.65695820132703,21.849237108109467,30,68.67195624051661,34.8695500883082,30,127.76975882464797,37.77047271715534,26,146.6734839668596,-19.961247087807692,0.0,0.3666666666666667,0,0,0,0
181,recipe-visual-best,30,30,25,1.0,0.8333333333333334,6.0,4.0,309.4489245122944,98,98,309.91097397708813,309.4489245122944,0.1015254611832006,68.39231675894662,1.0,0.0,1.0,1.0,1.0,1.0,1.0,0.0,1.0,1.0,1.0,1.0,7.592777179694857,30,17.18694654170494,13.315276464762968,30,39.2224216909796,165.97020162314652,16,170.67048520048462,18.373049382600698,30,48.86154381660405,35.75627375616556,30,145.16738610204158,36.97890338442609,22,4845.6692548865685,-16.985225439360363,0.0,0.2333333333333334,0,0,0,0
182,earlier-selected,30,30,26,1.0,0.8666666666666667,5.9,4.133333333333334,260.6187218076858,107,107,260.6187218076858,260.6187218076858,0.0,72.34028401320032,1.0,0.0,1.0,0.9666666666666667,1.0,1.0,0.9,0.23333333333333334,1.0,0.9333333333333333,1.0,1.0,14.630089177686909,30,21.65354301080209,21.119536142929647,30,34.58768956246546,20.425621977307483,23,39.30572081501489,164.93105663387007,30,431.6752242203025,72.39999470933881,30,639.833144316305,64.93215809081579,23,907.2771817983912,-49.29225216940233,0.0,0.0,0,0,0,0
182,recipe-model-top,30,30,27,1.0,0.9,5.9,4.1,267.3544448007993,107,103,262.1518067486612,267.3544448007993,-0.6249850860331208,72.29185823371853,1.0,0.0,1.0,0.9333333333333333,1.0,1.0,0.9,0.23333333333333334,1.0,0.9333333333333333,1.0,1.0,13.0528158486973,30,20.05661851288552,21.41209346584224,30,34.782953313170715,23.612556531739195,26,159.4608750336912,166.29528187926175,30,573.2806139547662,112.15919243731787,30,641.4044375369324,113.4133958098069,25,4831.568627186414,-40.06811065532969,0.0,-0.033333333333333326,0,0,0,0
182,recipe-visual-best,30,30,28,1.0,0.9333333333333333,5.9,4.1,265.7330422803274,107,106,260.9059417907865,264.0817151752471,-0.3232225747764055,71.6800228435871,1.0,0.0,1.0,0.9666666666666667,1.0,1.0,0.9,0.2,1.0,0.9333333333333333,1.0,1.0,14.840282807812597,30,21.45282731471911,20.284136874907936,30,31.835544388429525,23.242739434829993,24,121.16805023296688,87.48551533423233,30,457.32559791995175,93.72844919595954,30,549.2760965375967,93.72844919596653,26,806.5531994479472,-43.71588223196699,0.0,0.09999999999999998,0,0,0,0
183,earlier-selected,30,30,22,1.0,0.7333333333333333,5.533333333333333,4.2,184.4043391917872,125,125,184.4043391917872,184.4043391917872,0.0,52.40979806871307,1.0,0.0,1.0,1.0,1.0,1.0,1.0,0.7666666666666667,1.0,1.0,0.5333333333333333,0.43333333333333335,14.426959854098452,30,65.31155719804958,28.821391997771265,30,38.42683555656259,28.821391997771272,20,33.41518686276463,212.08317548469236,30,1473.41650831068,56.948815695384454,30,397.39099603771905,63.182302106783126,18,428.0642975164457,-76.21438261589861,0.0,-0.13333333333333341,0,0,0,0
183,recipe-model-top,30,30,12,1.0,0.4,5.533333333333333,3.566666666666667,227.26453415195238,104,103,163.0259264435931,227.14280386611247,45.295488914108034,68.95313099471137,1.0,0.0,1.0,1.0,1.0,1.0,1.0,0.13333333333333333,1.0,1.0,0.5333333333333333,0.43333333333333335,19.94617497766142,30,66.79171618283827,13.746925999710818,30,38.48751165318915,32.74510994771535,12,165.77624344439235,163.40644532783043,30,3027.5666411543307,107.78674794575791,30,501.4989423326188,2559.8783801871887,6,5138.66194819255,-40.08991064884691,0.0,-0.5,0,0,0,0
183,recipe-visual-best,30,30,20,1.0,0.6666666666666666,5.533333333333333,3.7,154.10119121680162,109,106,161.7609975612257,153.1314070915892,-1.4080894168754625,52.21162173843351,1.0,0.0,1.0,0.8,1.0,1.0,1.0,0.4666666666666667,1.0,1.0,0.5333333333333333,0.43333333333333335,16.233611153018806,30,40.62261564223179,13.040239394805031,30,42.09764757088215,12.287451424754062,19,133.601231540803,358.33769438180605,30,949.1446999007366,97.51744920109083,30,517.6483290004599,140.2198891948098,16,4923.207342795445,-111.6318510635258,0.0,-0.2666666666666667,0,0,0,0
184,earlier-selected,30,30,17,1.0,0.5666666666666667,5.0,3.1666666666666665,145.2301235067273,95,95,145.2301235067273,145.2301235067273,0.0,38.619928004111415,1.0,0.0,1.0,1.0,1.0,1.0,1.0,0.16666666666666666,1.0,1.0,0.0,0.0,16.867858222581653,30,72.43970905588235,14.623572318717848,30,19.823925821463153,14.893985627940872,10,37.56811928311072,5.584363051540864,30,379.5075295343862,17.822479247061196,30,336.9857645324146,25.205594589272504,12,99.62673351786015,-39.17421568505989,0.0,-0.16666666666666663,0,0,0,0
184,recipe-model-top,30,30,22,1.0,0.7333333333333333,5.0,3.0,216.52056692282028,90,90,142.59075768988197,216.52056692282028,37.06427302305701,72.95966991678785,1.0,0.0,1.0,1.0,1.0,1.0,1.0,0.0,1.0,1.0,0.0,0.0,8.122623474760196,30,225.0794603718295,12.402833330913962,30,20.899913580868844,11.751131384047362,7,164.4269037889891,29.942078690220246,30,2861.3543456151488,30.20740723077141,30,355.6624499365646,19.712996239327186,19,44.425751008098246,-10.743967229132096,0.0,0.33333333333333326,0,0,0,0
184,recipe-visual-best,30,30,21,1.0,0.7,5.0,3.466666666666667,170.24646299516434,104,92,143.7050717797485,164.7936820714128,38.170740670345396,92.1508072683587,1.0,0.0,1.0,1.0,1.0,1.0,1.0,0.4666666666666667,1.0,1.0,0.0,0.0,27.700747307264272,30,63.1124119617168,8.112523385028322,30,16.05639959737135,171.71268327588157,17,175.69965486088634,59.12839443176353,30,703.639053444413,28.22441926823541,30,227.62836779516854,18.537189012372455,16,46.77084133616965,16.145271778362712,0.0,0.033333333333333326,0,0,0,0
185,earlier-selected,30,30,14,1.0,0.4666666666666667,5.0,3.0,137.7749826031634,90,90,137.7749826031634,137.7749826031634,0.0,38.86228174186124,1.0,0.0,1.0,1.0,1.0,1.0,1.0,0.0,1.0,1.0,0.0,0.0,0.46668366901000125,30,12.7175332751789,1.1689941654571578,30,11.605832669137612,1.0684318039871448,6,1.9943839017590435,2.125044275517534,30,4.6411832709918786,4.830439387831499,30,7.824650328952072,5.126356383398205,10,6.575397001806578,-7.455140903563887,0.0,-0.09999999999999998,0,0,0,0
185,recipe-model-top,30,30,21,1.0,0.7,5.0,3.0,209.1809143452586,90,90,137.7749826031634,209.1809143452586,67.00181408685803,72.19156537171068,1.0,0.0,1.0,1.0,1.0,1.0,1.0,0.0,1.0,1.0,0.0,0.0,1.6416452544000637,30,268.01289746492023,1.9264900252855668,30,13.66511683919627,1.0581217915007706,17,1.903858784212237,11.240490446426826,30,4443.520685946983,8.677689502470692,30,416.71566689893683,8.280625831092406,17,31.54464090589465,-7.339652577561679,0.0,-0.033333333333333326,0,0,0,0
185,recipe-visual-best,30,30,8,1.0,0.26666666666666666,5.0,3.0,142.15409811941913,90,90,137.7749826031634,142.15409811941913,36.40521003067775,120.24477038283531,1.0,0.0,1.0,1.0,1.0,1.0,1.0,0.0,1.0,1.0,0.0,0.0,30.677800457059703,30,57.83464102519836,2.4329013094320064,30,15.547862435773615,88.82906649464745,4,173.0469318979622,151.31595539414633,30,354.4887447285402,7.411127076427721,30,14.702883676374794,4.815979639358985,3,9.488010617943939,-28.092364875745204,0.0,-0.4333333333333333,0,0,0,0
186,earlier-selected,30,30,30,1.0,1.0,5.0,3.9,143.8376323240442,117,117,143.8376323240442,143.8376323240442,0.0,38.16592072370996,1.0,0.0,1.0,1.0,1.0,1.0,1.0,0.9,1.0,1.0,0.0,0.0,6.019662885437043,30,6.5678739123492065,5.198997948892217,30,5.5494830176349925,5.290594129006457,14,5.606775366058177,7.818270372591046,30,15.30322764329396,8.547244020883785,30,13.69821006618209,8.54724402090407,30,13.698210066230358,6.062649720880785,0.0,0.5333333333333333,0,0,0,0
186,recipe-model-top,30,30,15,1.0,0.5,5.0,2.7,214.4277968735686,81,81,115.29536583315917,214.4277968735686,30.308913809241147,78.31470606580375,1.0,0.0,1.0,0.7,1.0,1.0,1.0,0.0,1.0,1.0,0.0,0.0,22.47544984219661,30,143.7358143160556,3.7811845273503986,30,12.177332509003772,2.990653320901106,11,3.773137183431686,49.23854974735494,30,691.2130550983352,7.615846507730064,30,288.17609576373604,7.596626357368974,13,272.7675972844301,5.24688252831001,0.0,-0.19999999999999996,0,0,0,0
186,recipe-visual-best,30,30,0,1.0,0.0,5.0,3.7666666666666666,144.05397451959402,93,93,115.60649215227032,144.05397451959402,21.374215640592737,79.36388646250818,1.0,0.0,1.0,1.0,1.0,1.0,1.0,0.7666666666666667,1.0,1.0,0.0,0.0,21.476606287240337,30,54.758855907077105,2.5372186741890097,30,2.7712032090983305,,0,,61.21714046333332,30,218.44053804286636,4.734509920089819,30,17.53712752201189,,0,,1.8998764001748896,0.0,-0.26666666666666666,0,0,0,0
187,earlier-selected,30,30,16,1.0,0.5333333333333333,5.0,3.9,151.214048720248,112,112,151.214048720248,151.214048720248,0.0,41.31931449462158,1.0,0.0,1.0,1.0,1.0,1.0,1.0,0.9,1.0,1.0,0.0,0.0,2.0002478945123303,30,14.99390205393572,2.2650070533827646,30,13.810135201830816,2.3615402005688884,16,9.882962343005689,17.434050724886774,30,504.7003923596592,17.666542199914037,30,360.11882796561406,16.94385250850884,10,93.74716235195228,7.376416396203808,0.0,-0.4666666666666667,0,0,0,0
187,recipe-model-top,30,30,28,1.0,0.9333333333333333,5.0,2.3666666666666667,96.18317815488109,71,66,115.03428456046794,96.3051252989618,-15.536187102479595,26.266900334807403,1.0,0.0,1.0,0.36666666666666664,1.0,1.0,1.0,0.0,1.0,1.0,0.0,0.0,27.419629795232293,30,34.31855925152708,6.081816334200529,30,6.982187320582041,5.873683075230706,14,6.985740836867119,8.617400295243534,30,195.84361896060054,7.66162496872785,30,326.6595749874759,4.168799717835617,26,93.45277127809992,-118.24461871868752,0.0,0.43333333333333335,0,0,0,0
187,recipe-visual-best,30,30,1,1.0,0.03333333333333333,5.0,3.9,154.97065644371617,100,99,131.37223514362097,155.0915379011565,26.930375086285324,90.79267640685921,1.0,0.0,1.0,1.0,1.0,1.0,1.0,0.9,1.0,1.0,0.0,0.0,8.806367073881642,30,24.77393989511892,1.27116936202537,30,3.7865027744256894,,0,,85.17155848683512,30,483.2506895140208,4.652010969843194,30,22.9900343757793,,0,,10.916681924122145,0.0,0.03333333333333333,0,0,0,0
188,earlier-selected,30,30,24,1.0,0.8,5.933333333333334,4.2,381.4453235801178,122,122,381.4453235801178,381.4453235801178,0.0,38.608242590020325,1.0,0.0,1.0,1.0,1.0,1.0,1.0,0.26666666666666666,1.0,1.0,0.9333333333333333,0.9333333333333333,22.217609370404837,30,24.058041767139702,48.30530485545361,30,52.560007697235385,130.12814033503673,12,131.56378572136026,48.56519521015202,30,390.0909659848115,75.06424321642828,30,313.03058015154534,123.28956252502913,20,5020.142273844851,230.2312748598698,0.0,0.2666666666666667,0,0,0,0
188,recipe-model-top,30,30,9,1.0,0.3,5.933333333333334,3.066666666666667,241.38860436124816,71,64,329.3780262192661,283.76157739139046,-17.081038891841928,108.9783948849774,1.0,0.0,1.0,0.0,1.0,1.0,1.0,0.13333333333333333,1.0,1.0,0.9333333333333333,0.9333333333333333,29.009431517071118,30,46.405504872912715,14.9671566870718,30,34.74399717851009,13.668783659325872,7,139.99039517743287,71.48991715026688,30,591.9372832823874,32.33225126838123,30,343.9491112744374,40.437899174832864,7,156.82885866564845,145.20542620636706,0.0,-0.6333333333333333,0,0,0,0
188,recipe-visual-best,30,30,21,1.0,0.7,5.933333333333334,4.166666666666667,384.6265139850725,122,121,381.7377304802566,380.76855018100787,0.09436638100811479,40.062156371249834,1.0,0.0,1.0,1.0,1.0,1.0,1.0,0.23333333333333334,1.0,1.0,0.9333333333333333,0.9333333333333333,24.81246832832035,30,34.1850189746252,58.78855357395925,30,61.80786212336156,,0,,29.260476635229953,30,314.6285817149952,64.48067880230582,30,243.36269006808766,91.11035820089226,17,274.9079407529214,229.65585754135634,0.0,0.6666666666666666,0,0,0,0
189,earlier-selected,30,30,30,1.0,1.0,6.0,4.0,390.6923131652699,120,120,390.6923131652699,390.6923131652699,0.0,47.47487487969143,1.0,0.0,1.0,1.0,1.0,1.0,1.0,0.0,1.0,1.0,1.0,1.0,9.44283702146134,30,24.439757922739165,4.031719947857963,30,43.9453889845364,162.8387514210574,24,177.6381511112532,14.401400307632937,30,28.45902276158562,27.990291413283707,30,75.34285275241702,29.787167067622725,30,78.26071493145618,9.246989585152107,0.0,0.19999999999999996,0,0,0,0
189,recipe-model-top,30,30,9,1.0,0.3,6.0,3.6666666666666665,258.59502958299487,90,76,399.12686961198114,347.2085465002681,-0.8716410634925467,120.0436912209228,1.0,0.0,1.0,0.2,1.0,1.0,1.0,0.4666666666666667,1.0,1.0,1.0,1.0,45.674660019114754,30,88.44149060801598,17.07271766913133,30,38.93512636237778,134.18038277450188,6,143.98809362481438,271.9581426262955,30,1020.8624048012439,57.12563800916476,30,311.36741165957187,363.55336048722825,4,3431.691072364916,17.206425221746713,0.0,0.0,0,0,0,0
189,recipe-visual-best,30,30,30,1.0,1.0,6.0,4.0,385.68410693823864,120,120,390.6923131652699,385.68410693823864,-0.9500694917050367,47.22555074615342,1.0,0.0,1.0,1.0,1.0,1.0,1.0,0.0,1.0,1.0,1.0,1.0,7.308840687575526,30,21.93850323899268,3.880120810653472,30,45.08928889135217,139.36019038430504,21,177.70077865918535,15.402436355360383,30,29.770638155923685,30.120964092227887,30,82.30678053377169,32.47983923167793,29,82.3152983357459,1.0575929531661359,0.0,0.30000000000000004,0,0,0,0
190,earlier-selected,30,30,23,1.0,0.7666666666666667,5.866666666666666,4.166666666666667,358.79111735742634,123,123,358.79111735742634,358.79111735742634,0.0,48.68098036237721,1.0,0.0,1.0,1.0,1.0,1.0,0.8666666666666667,0.16666666666666666,1.0,1.0,1.0,1.0,7.017173485655832,30,32.423939946536905,11.763931993253614,30,65.43111195889828,75.80461592283427,23,173.58209637555794,29.699845939693972,30,878.5484319231987,45.05660298067675,30,573.5679704978481,45.05660298067675,18,250.68575873542005,-31.901195807843578,0.0,-0.23333333333333328,0,0,0,0
190,recipe-model-top,30,30,26,1.0,0.8666666666666667,6.0,4.533333333333333,342.09320247531036,133,117,364.0497331099139,360.0556739661492,-1.545092267292489,51.183784581862284,1.0,0.0,1.0,0.9,1.0,1.0,1.0,0.6333333333333333,1.0,1.0,1.0,1.0,38.570250819561416,30,103.73873937118954,29.030812939599677,30,40.3854037577956,83.68882874684886,6,152.6224159616803,101.25969565096209,30,730.0425499258389,144.78024086630626,30,319.61886421041595,129.05020050394515,21,874.7469654549005,83.4981728923155,0.0,0.5666666666666667,0,0,0,0
190,recipe-visual-best,30,30,21,1.0,0.7,6.0,4.033333333333333,359.8620902860485,118,117,364.0497331099139,360.6923595566733,-3.51152930834229,48.86237959136976,1.0,0.0,1.0,1.0,1.0,1.0,1.0,0.03333333333333333,1.0,1.0,1.0,1.0,6.564752116357528,30,17.08748531351196,9.936806480056415,30,52.17320542098214,75.6328473820515,21,173.61596594398375,32.55352034069418,30,334.28238720878664,44.492774300185886,30,292.76449992865537,53.2186578682738,16,141.89448941190722,-25.822016652190143,0.0,-0.30000000000000004,0,0,0,0
191,earlier-selected,30,30,15,1.0,0.5,5.866666666666666,3.8666666666666667,326.4452258045642,112,112,326.4452258045642,326.4452258045642,0.0,53.230988065413435,1.0,0.0,1.0,1.0,1.0,0.4666666666666667,0.8666666666666667,0.5666666666666667,1.0,0.9666666666666667,1.0,0.8666666666666667,21.785692898132012,30,60.69198044260751,72.8630998246221,30,80.58851724088596,74.62557926929424,11,109.95806218947982,183.78643743235335,30,1736.6120597868785,179.4870408007195,30,731.8776867375474,165.20355746161565,8,2008.5518678353442,-32.345891552862156,0.0,-0.2666666666666667,0,0,0,0
191,recipe-model-top,30,30,23,1.0,0.7666666666666667,6.0,3.966666666666667,324.6669398913699,115,110,327.52884256219227,326.1407227177749,-0.5071802069191733,47.89952805205761,1.0,0.0,1.0,1.0,1.0,0.4,1.0,0.7,1.0,0.9666666666666667,1.0,0.9,23.98118388295181,30,69.40499199729724,59.06062406706452,30,75.52735153548824,81.642240991655,19,131.01008558184608,132.54476894492734,30,1910.1039367800925,151.74728678554266,30,616.2209757993757,330.9011388793989,19,5230.777144858387,-17.426262583940456,0.0,-0.09999999999999998,0,0,0,0
191,recipe-visual-best,30,30,18,1.0,0.6,6.0,3.7666666666666666,327.34542515144494,109,107,329.6581639009064,327.34542515144494,0.03316989297678674,58.94407916697914,1.0,0.0,1.0,1.0,1.0,0.4,1.0,0.5,1.0,0.9666666666666667,1.0,0.9,18.19148770652982,30,49.43324963701801,70.2646139324765,30,80.06613493059807,67.06365279162425,12,79.69447176366512,192.79668733502768,30,1827.143257539594,186.67240503149878,30,826.249907044537,383.6300056316484,14,5241.4421916550045,-32.51666513460356,0.0,-0.09999999999999998,0,0,0,0
192,earlier-selected,30,30,30,1.0,1.0,6.0,4.766666666666667,300.75730506929824,125,125,300.75730506929824,300.75730506929824,0.0,62.16737929501605,1.0,0.0,1.0,1.0,1.0,1.0,1.0,0.7666666666666667,1.0,1.0,1.0,1.0,16.85917171674121,30,37.032616050385954,38.59134406464048,30,82.31383566032586,37.20296130394252,15,97.04452008097829,22.551932881896242,30,123.36801170249365,25.837304528403273,30,272.04009432909487,19.87817377386402,29,272.56863247508153,-25.687920735265948,0.0,0.5,0,0,0,0
192,recipe-model-top,30,30,28,1.0,0.9333333333333333,6.0,4.633333333333334,311.5926081369724,127,121,302.13589002232374,302.5805365705934,-0.827362956298316,51.54372670039294,1.0,0.0,1.0,1.0,1.0,1.0,1.0,0.6333333333333333,1.0,1.0,1.0,1.0,24.301721232910033,30,48.083421425251004,40.48347036368071,30,60.353676417188055,49.784711246791765,21,73.32425483724963,11.412680263244074,30,116.09788721363934,34.99993994552037,30,345.171208727156,35.88452182017539,25,345.6038635584843,-13.07433175439752,0.0,0.16666666666666663,0,0,0,0
192,recipe-visual-best,30,30,29,1.0,0.9666666666666667,6.0,4.766666666666667,301.07463978096075,130,124,300.20540563890034,299.16265986200665,-0.5956981309587661,61.071644059275094,1.0,0.0,1.0,1.0,1.0,1.0,1.0,0.7666666666666667,1.0,1.0,1.0,1.0,14.825962582977748,30,46.89383690210161,42.33283803247704,30,80.8433854127644,39.629417075029124,17,104.69531389032204,10.94619134501922,30,116.019764501189,44.69411208735393,30,330.57063714454085,36.95202030851059,27,340.63506484075623,-26.27078537048419,0.0,0.3666666666666667,0,0,0,0
193,earlier-selected,30,30,20,1.0,0.6666666666666666,6.0,3.933333333333333,314.56305023270636,104,104,314.56305023270636,314.56305023270636,0.0,47.85746943513416,1.0,0.0,1.0,1.0,1.0,0.9,1.0,0.03333333333333333,1.0,1.0,1.0,1.0,9.90291928991768,30,85.47819779255808,9.673763125389968,30,32.31216599899178,10.978493746682428,20,148.2109061043777,104.02509926812101,30,2882.3867749876954,108.91425288786844,30,225.70628440023236,36.12605947163422,14,3660.5046670227102,13.805745163408119,0.0,-0.33333333333333337,0,0,0,0
193,recipe-model-top,30,30,23,1.0,0.7666666666666667,6.0,3.966666666666667,312.88509656732526,106,102,314.56305023270636,313.2589208475339,-0.2096344724991468,46.99701628634325,1.0,0.0,1.0,1.0,1.0,0.9333333333333333,1.0,0.03333333333333333,1.0,1.0,1.0,1.0,8.855558505114749,30,45.743430023841825,11.728753586674628,30,32.430370410981006,11.465157814895564,21,154.07332082606968,89.74398460773318,30,2175.9992271570936,123.94124103654984,30,462.24031358950396,137.0085904013011,17,2767.762822891172,1.2924884303528756,0.0,-0.16666666666666663,0,0,0,0
193,recipe-visual-best,30,30,22,1.0,0.7333333333333333,6.0,4.033333333333333,312.67789783052535,108,102,314.56305023270636,313.0525813786397,-0.20888124242082995,47.85969016955673,1.0,0.0,1.0,1.0,1.0,0.9333333333333333,1.0,0.1,1.0,1.0,1.0,1.0,9.36651977089458,30,46.12605371499735,12.76493585524086,30,30.054621421808935,11.840623632586201,21,147.65005084930849,104.1641352596262,30,2164.5430820318065,117.5790972434607,30,463.10803433514064,103.90020620931135,17,739.3691481687483,11.603258049564602,0.0,-0.2333333333333334,0,0,0,0
194,earlier-selected,30,30,14,1.0,0.4666666666666667,6.0,3.8666666666666667,280.8095097341327,107,107,280.8095097341327,280.8095097341327,0.0,70.88365649643251,1.0,0.0,1.0,1.0,1.0,0.4,1.0,0.6666666666666666,1.0,0.9,1.0,0.9,49.63187671418238,30,171.89206022886577,64.5805232078543,30,80.72356697738057,62.73702140657515,10,110.56581422583692,468.832116884657,30,3593.132916075815,302.4289120658256,30,2279.8555466191474,125.21849843503614,8,3457.172566153822,-33.75354049857367,0.0,-0.19999999999999996,0,0,0,0
194,recipe-model-top,30,30,18,1.0,0.6,6.0,3.7333333333333334,283.74185754859377,104,101,291.54343294397574,294.74487890906863,0.08245382260105316,69.78121411695219,1.0,0.0,1.0,1.0,1.0,0.3,1.0,0.6333333333333333,1.0,0.9,1.0,0.9,46.93511593542623,30,136.6590728462372,68.20264678754185,30,86.0461859841875,83.25635674879594,13,112.27466230937577,644.3283338267116,30,5169.798648250168,194.40126904994565,30,1697.9283352955144,104.2650427931835,13,826.1323199109854,-29.143239018731492,0.0,-0.16666666666666674,0,0,0,0
194,recipe-visual-best,30,30,19,1.0,0.6333333333333333,6.0,3.7666666666666666,263.6752924684588,105,102,293.91579669664077,278.36279099641365,0.26199435960973005,68.30900281528993,1.0,0.0,1.0,1.0,1.0,0.3,1.0,0.6666666666666666,1.0,0.9,1.0,0.9,46.31314205380457,30,135.4381086900526,68.17756728791487,30,86.2348318601723,86.06037631085701,13,112.13709244885823,624.7989962933985,30,5047.460839364974,193.502297477563,30,1264.5333450823996,100.89299040936768,15,1058.7017869526298,-49.00260536206656,0.0,-0.09999999999999998,0,0,0,0
195,earlier-selected,30,30,29,1.0,0.9666666666666667,6.0,4.133333333333334,258.1517284547067,124,124,258.1517284547067,258.1517284547067,0.0,42.83889961791107,1.0,0.0,1.0,1.0,1.0,0.13333333333333333,1.0,1.0,1.0,1.0,1.0,1.0,36.471521366952615,30,113.51580173141085,29.034131641634104,30,75.71342690073527,40.75410015065504,13,152.4259695938489,37.825697124047004,30,336.8245687947027,55.101773769830864,30,336.3320943691998,42.09864990220091,27,346.07010124546804,-22.65778127942599,0.0,0.5,0,0,0,0
195,recipe-model-top,30,30,27,1.0,0.9,6.0,4.133333333333334,253.27150437005713,124,124,258.1517284547067,253.27150437005713,0.03764630303743388,43.10884239643981,1.0,0.0,1.0,1.0,1.0,0.13333333333333333,1.0,1.0,1.0,1.0,1.0,1.0,31.816300667695003,30,110.86289510183249,25.974338738471488,30,70.18424983748038,21.65865308912244,15,76.48445849294671,43.60428603843182,30,359.1402090696395,81.95252480565807,30,341.3191252333221,92.31833141687505,24,359.8736258024859,-30.47035317853664,0.0,0.30000000000000004,0,0,0,0
195,recipe-visual-best,30,30,28,1.0,0.9333333333333333,6.0,4.133333333333334,256.4260404044267,124,124,258.1517284547067,256.4260404044267,0.3044814876560018,43.095404098006895,1.0,0.0,1.0,1.0,1.0,0.13333333333333333,1.0,1.0,1.0,1.0,1.0,1.0,33.692063772795315,30,116.19382086248798,25.30209488844035,30,70.26160996395022,24.771960134452332,17,74.23050300437562,41.96663905831236,30,375.9092870888577,81.34460303191308,30,355.6587232100401,89.75192409884411,25,363.674227319527,-7.249252064032078,0.0,0.30000000000000004,0,0,0,0
196,earlier-selected,30,30,26,1.0,0.8666666666666667,6.0,4.0,265.45719935935466,120,120,265.45719935935466,265.45719935935466,0.0,39.20438094023022,1.0,0.0,1.0,1.0,1.0,0.0,1.0,1.0,1.0,1.0,1.0,1.0,5.249540539494012,30,15.37041430149186,7.240719865023355,30,19.42253771893132,5.3015369754042565,25,18.435810370102796,13.900156672466078,30,32.745923718651376,21.894609054735255,30,61.61429445087083,22.302554386405532,25,57.87844995110351,7.305470904647962,0.0,-0.09999999999999998,0,0,0,0
196,recipe-model-top,30,30,26,1.0,0.8666666666666667,6.0,4.0,265.5607701151411,120,120,265.45719935935466,265.5607701151411,0.03474733227315596,39.420007947347806,1.0,0.0,1.0,1.0,1.0,0.0,1.0,1.0,1.0,1.0,1.0,1.0,5.095897639284867,30,15.635033933796715,7.272099825744,30,19.466894476789854,5.579985120239221,23,18.77308315143979,12.70008270471509,30,32.700944239403206,25.15352859752131,30,60.56743089182263,25.250429442809605,25,54.983230398499465,12.28926574508398,0.0,-0.033333333333333326,0,0,0,0
196,recipe-visual-best,30,30,26,1.0,0.8666666666666667,6.0,4.0,264.8958685174659,120,120,265.45719935935466,264.8958685174659,0.08874970411181948,39.17113661472799,1.0,0.0,1.0,1.0,1.0,0.0,1.0,1.0,1.0,1.0,1.0,1.0,5.191530192721867,30,15.610087731750884,7.418545397363051,30,19.602629019368806,5.45974378573467,24,18.890500510268087,11.467581159728189,30,32.04013491260109,19.695814806372926,30,65.77462402966015,20.301959121088036,25,58.41781445304764,8.46982811303917,0.0,-0.06666666666666665,0,0,0,0
197,earlier-selected,30,30,30,1.0,1.0,6.0,4.0,263.76120812214396,120,120,263.76120812214396,263.76120812214396,0.0,39.39121698289798,1.0,0.0,1.0,1.0,1.0,0.0,1.0,1.0,1.0,1.0,1.0,1.0,1.2859706235712958,30,2.790629877475529,3.6917715790528165,30,5.313686193735852,3.8725494154797153,26,5.5519826941724775,13.251783694665804,30,26.939475849027282,17.528568602094797,30,42.05689844213415,17.528568602124366,30,42.05689844212568,-1.6959912372107055,0.0,0.1333333333333333,0,0,0,0
197,recipe-model-top,30,30,30,1.0,1.0,6.0,3.566666666666667,250.29683787340883,107,107,273.0487012913622,250.29683787340883,-0.020234294495963923,37.7028549761245,1.0,0.0,1.0,0.5666666666666667,1.0,0.0,1.0,1.0,1.0,1.0,1.0,1.0,3.5132013374314646,30,16.91672673349341,4.250528716105613,30,18.44434656693092,12.805603528460438,26,18.57644071953004,16.22734575482495,30,70.79954101893162,26.093698096570563,30,117.62193925821714,26.093698096595666,30,117.62193925821722,-15.263932241732277,0.0,0.1333333333333333,0,0,0,0
197,recipe-visual-best,30,30,30,1.0,1.0,6.0,3.7,254.86667987041136,111,111,272.4477804048265,254.86667987041136,-0.1984701710312038,38.45089165367223,1.0,0.0,1.0,0.7,1.0,0.0,1.0,1.0,1.0,1.0,1.0,1.0,2.530937807110894,30,13.207904623454509,4.111434433127692,30,18.318558552404447,4.912413220501836,26,18.457152021798187,17.59799899142549,30,275.23761000396706,26.908517237899964,30,395.25360365677216,26.908517237912132,30,395.25360365677216,-10.029188647054525,0.0,0.1333333333333333,0,0,0,0
198,earlier-selected,30,30,27,1.0,0.9,6.0,3.566666666666667,244.18498546366152,106,106,244.18498546366152,244.18498546366152,0.0,40.19553046822305,1.0,0.0,1.0,0.8333333333333334,1.0,0.1,1.0,0.7333333333333333,1.0,0.9,1.0,1.0,2.3258869396481763,30,23.14258423227812,5.086550046764666,30,57.47981452736775,5.096753034921993,27,60.14953754613169,24.474710434679977,30,642.7270745276796,40.272036884235014,30,990.645516214686,38.35541178075055,25,2017.610820714076,-19.576222658482436,0.0,-0.09999999999999998,0,0,0,0
198,recipe-model-top,30,30,23,1.0,0.7666666666666667,6.0,2.7333333333333334,123.78982262107415,81,81,284.60522517095455,123.78982262107415,-121.02035138284012,29.3737664059812,1.0,0.0,1.0,0.0,1.0,0.1,1.0,0.7333333333333333,1.0,0.9,1.0,1.0,18.034412873291334,30,21.710691649983087,19.6222372792058,30,63.79779189733294,19.40331773794991,23,68.31577255189559,68.84214554566478,30,651.7209464538354,47.68656710763764,30,1841.4638407548628,41.041589739243264,19,483.92772347825706,-126.50701525233468,0.0,-0.23333333333333328,0,0,0,0
198,recipe-visual-best,30,30,24,1.0,0.8,6.0,2.7333333333333334,122.63883730931435,81,81,284.60522517095455,122.63883730931435,-123.17812729790131,29.29638276591166,1.0,0.0,1.0,0.0,1.0,0.1,1.0,0.7333333333333333,1.0,0.9,1.0,1.0,19.010305686209996,30,22.66723054758712,19.540464620533353,30,63.04959932160658,19.5140946272065,24,64.07920379754437,52.63871351107677,30,669.9255757923527,47.93862258910486,30,1835.4239180115947,40.858840939905264,20,161.4722515592456,-132.22784256109702,0.0,-0.19999999999999996,0,0,0,0
199,earlier-selected,30,30,18,1.0,0.6,6.0,2.7,240.6199638373531,81,81,240.6199638373531,240.6199638373531,0.0,21.859038600227038,1.0,0.0,1.0,0.03333333333333333,1.0,0.6666666666666666,1.0,0.5333333333333333,1.0,0.7666666666666667,1.0,0.7,16.581424216714872,30,21.0990107235553,49.276175883710664,30,59.48071268448716,51.988481117506424,17,79.79182162249423,66.13189435212531,30,576.8297144491754,212.2615340568891,30,1319.9938415944532,224.9589298744398,15,489.81615275213966,-3.5650216263084076,0.0,-0.30000000000000004,0,0,0,0
199,recipe-model-top,30,30,18,1.0,0.6,6.0,2.6,128.887397190061,78,78,240.68323934325872,128.887397190061,-47.6735277790047,25.58347385975915,1.0,0.0,1.0,0.0,1.0,0.6666666666666666,1.0,0.4666666666666667,1.0,0.7666666666666667,1.0,0.7,16.1350422410167,30,19.714801665236994,58.62853585033274,30,69.42558048107426,52.68444268029411,14,67.85533367056586,80.4314375735921,30,516.8884194334846,196.19510571695963,30,1341.8067239516354,276.7518287678669,15,565.7437494016909,5.097574568986843,0.0,-0.16666666666666674,0,0,0,0
199,recipe-visual-best,30,30,20,1.0,0.6666666666666666,6.0,2.7,135.24144689874328,80,78,239.64785119493595,135.24144689874328,-40.44623859293445,25.78766350793709,1.0,0.0,1.0,0.03333333333333333,1.0,0.6666666666666666,1.0,0.5333333333333333,1.0,0.7666666666666667,1.0,0.7,16.973434239679474,30,20.034987045162907,58.64391415463385,30,78.32853363927966,52.33278956368503,15,67.81678731616586,166.2801793766468,30,587.6179027746701,366.55227993877793,30,1295.5106918637625,330.5734706111821,17,1102.4436209549006,12.602609589428923,0.0,-0.13333333333333341,0,0,0,0
200,earlier-selected,29,29,29,1.0,1.0,6.0,2.3793103448275863,76.93246243314333,69,69,76.93246243314333,76.93246243314333,0.0,21.712884816645346,1.0,0.0,1.0,0.0,1.0,1.0,1.0,0.7931034482758621,1.0,0.27586206896551724,1.0,0.3103448275862069,11.887804708281859,29,17.451175667600857,42.13942988775027,29,53.088320002020396,25.871950424641856,17,49.51676315524416,61.512165181624184,29,340.67034027425717,56.07637235214205,29,545.9651190512716,56.07637235214789,29,545.9651190512716,-163.6875014042098,0.0,0.4,0,0,0,0
200,recipe-model-top,29,29,28,1.0,0.9655172413793104,6.0,2.3793103448275863,109.2827194270046,67,65,79.10682266810363,105.78151003362578,24.993012838977705,22.71117140378462,1.0,0.0,1.0,0.0,1.0,1.0,1.0,0.7241379310344828,1.0,0.27586206896551724,1.0,0.3793103448275862,15.811914905217213,29,20.299100982970717,46.57232008159512,29,53.201258997076756,24.77499726223705,16,51.133301271000235,100.03365728391012,29,752.6740617836617,146.47103301323645,29,1222.5302091202157,115.55217910098997,28,1235.8613977229982,-19.6046777630564,0.0,0.3655172413793104,0,0,0,0
200,recipe-visual-best,29,29,28,1.0,0.9655172413793104,6.0,2.2758620689655173,113.28221837191556,62,60,79.07745630888527,111.50430292079395,12.639127511011488,26.15823411227618,1.0,0.0,1.0,0.0,1.0,1.0,1.0,0.6206896551724138,1.0,0.27586206896551724,1.0,0.3793103448275862,16.326129322236127,29,22.11704560095175,43.6669680306403,29,54.4666340707349,28.812620273825864,18,52.75453670732678,92.22901908655601,29,785.3112850771761,146.47103301323645,29,1287.9444894877736,113.44390792721431,28,1307.4864007097708,-21.959228526827715,0.0,0.29885057471264376,0,0,0,0
201,earlier-selected,30,30,16,1.0,0.5333333333333333,5.966666666666667,3.533333333333333,226.1690313021898,105,105,226.1690313021898,226.1690313021898,0.0,38.51064062075752,1.0,0.0,1.0,0.5333333333333333,1.0,0.9,1.0,0.16666666666666666,1.0,0.9666666666666667,0.9666666666666667,0.9666666666666667,20.385882820875757,30,33.80869398448261,57.55782432955171,30,77.84676305334236,38.99593329304822,16,85.92971948572597,132.75118101250382,30,410.5279572738724,159.78111368946446,30,425.80210536867406,371.08867014222557,11,508.70344597299726,149.2365688690465,0.0,-0.4666666666666667,0,0,0,0
201,recipe-model-top,30,30,17,1.0,0.5666666666666667,5.966666666666667,3.433333333333333,221.90021593159113,102,100,223.85926570536228,221.90021593159113,0.28214480874237324,37.29447345678716,1.0,0.0,1.0,0.4666666666666667,1.0,0.9333333333333333,1.0,0.1,1.0,0.9666666666666667,0.9666666666666667,0.9666666666666667,29.965618629166606,30,38.35726250675475,57.694252572121854,30,73.44749720840154,44.392776382856894,16,101.38724980269905,155.63045573537022,30,443.8564448404255,195.37195987841977,30,587.464740203892,340.09690361920684,11,4704.502421550674,112.61749650458654,0.0,-0.39885057471264374,0,0,0,0
201,recipe-visual-best,30,30,17,1.0,0.5666666666666667,5.966666666666667,3.433333333333333,220.95363368845415,102,99,226.1690313021898,226.15261096600196,0.7891361017886425,37.16818155967549,1.0,0.0,1.0,0.43333333333333335,1.0,0.9333333333333333,1.0,0.13333333333333333,1.0,0.9666666666666667,0.9666666666666667,0.9666666666666667,28.149247790511595,30,36.94485131920028,58.5214828678555,30,72.9870814849778,45.027226027677955,16,112.31460786832918,188.29170450950937,30,363.12800767219295,214.48868565400636,30,576.8336897924803,366.98546142788314,10,1058.7183729205235,107.67141531653859,0.0,-0.39885057471264374,0,0,0,0
202,earlier-selected,30,30,24,1.0,0.8,5.3,2.3333333333333335,87.43418840588427,57,57,87.43418840588427,87.43418840588427,0.0,28.182755564165575,1.0,0.0,1.0,0.03333333333333333,1.0,1.0,1.0,0.0,1.0,1.0,0.3,0.3,20.169310850555703,30,32.65634576417574,63.83534563872097,30,79.14146644015803,61.36806721333604,12,82.25217731268562,55.90197621456307,30,248.25083806737356,127.73723466967412,30,589.6985656784864,118.61455648041874,20,364.53452417727345,-138.73484289630554,0.0,0.2666666666666667,0,0,0,0
202,recipe-model-top,30,30,30,1.0,1.0,5.233333333333333,2.3,124.41616938192385,54,50,84.73441373766155,111.06438110437747,3.772594770799021,30.16891166921709,1.0,0.0,1.0,0.0,1.0,1.0,1.0,0.06666666666666667,1.0,1.0,0.23333333333333334,0.23333333333333334,20.81854713051087,30,30.435385637901597,60.35863157889859,30,79.22845188286674,44.24863554187624,17,117.07000578138324,77.0332405915237,30,163.46168782873897,134.36265515329438,30,299.5623393141374,134.36265515330172,30,299.5623393141394,-97.48404654966728,0.0,0.43333333333333335,0,0,0,0
202,recipe-visual-best,30,30,30,1.0,1.0,5.233333333333333,2.3333333333333335,122.15082398720416,55,52,84.73441373766155,91.41665907151568,2.807422598073405,29.996068728785783,1.0,0.0,1.0,0.03333333333333333,1.0,1.0,1.0,0.06666666666666667,1.0,1.0,0.23333333333333334,0.23333333333333334,20.731228931728346,30,30.539885297686755,61.25109328246975,30,77.4671604716383,44.119973113348394,17,106.89875797106711,78.52540654581757,30,163.65958182787602,141.21910157434354,30,307.8313888670383,141.21910157434706,30,307.83138886704023,-98.80280970124998,0.0,0.43333333333333335,0,0,0,0
203,earlier-selected,30,30,29,1.0,0.9666666666666667,6.0,3.3666666666666667,177.98188818513904,101,101,177.98188818513904,177.98188818513904,0.0,38.020270910417494,1.0,0.0,1.0,0.13333333333333333,1.0,0.9666666666666667,1.0,0.5333333333333333,1.0,0.7333333333333333,1.0,1.0,19.321314124733767,30,27.472104823216878,42.66286097770603,30,83.69763370010496,42.62158751695208,23,82.65618377567485,75.8742675779072,30,219.35143536327524,159.47610152929695,30,705.3140784672557,156.45140671340633,27,758.7026955853108,90.54769977925477,0.0,0.16666666666666663,0,0,0,0
203,recipe-model-top,30,30,26,1.0,0.8666666666666667,6.0,3.2333333333333334,181.07050707683806,97,95,171.39702832525907,191.10258317468728,-0.003539279919607452,32.12887655493148,1.0,0.0,1.0,0.0,1.0,0.9666666666666667,1.0,0.5333333333333333,1.0,0.7333333333333333,1.0,1.0,19.328693434881686,30,20.76323521571264,46.79833589519362,30,87.5754543468016,45.79066779302171,26,82.69271597516234,46.879139629542905,30,228.97178890925545,127.07033659121274,30,792.5057229470889,125.59041212987526,23,718.476918140374,56.654337694914204,0.0,-0.1333333333333333,0,0,0,0
203,recipe-visual-best,30,30,26,1.0,0.8666666666666667,6.0,3.2666666666666666,183.12324397804528,98,97,171.39702832525907,186.043294528893,1.8017893579538224,31.486155143667535,1.0,0.0,1.0,0.03333333333333333,1.0,0.9666666666666667,1.0,0.5333333333333333,1.0,0.7333333333333333,1.0,1.0,19.057019595546585,30,21.005273058878874,45.1149404711279,30,86.06439045425263,45.11494047112791,26,84.77673119619129,59.81574694115126,30,196.97541029868722,148.62132456838566,30,848.539711443247,191.38904279986085,23,831.0147813733101,60.97241999084112,0.0,-0.1333333333333333,0,0,0,0
204,earlier-selected,30,30,28,1.0,0.9333333333333333,6.0,3.2333333333333334,251.57458226270154,97,97,251.57458226270154,251.57458226270154,0.0,29.537108212469036,1.0,0.0,1.0,0.3,1.0,0.4,1.0,0.5333333333333333,1.0,1.0,1.0,1.0,9.799680466235078,30,24.245543389688386,17.849439407107397,30,51.554246518853375,18.409434422961457,27,51.799860426538984,97.31750103525731,30,214.86779716594958,159.9891779883068,30,401.1266379210442,157.8167690443795,27,416.39497271591347,73.5926940775625,0.0,-0.033333333333333326,0,0,0,0
204,recipe-model-top,30,30,29,1.0,0.9666666666666667,6.0,3.2,249.3295721922736,96,83,239.47332194980208,185.66033080873433,-3.585116178750013,30.476928137064327,1.0,0.0,1.0,0.0,1.0,0.6666666666666666,1.0,0.5333333333333333,1.0,1.0,1.0,1.0,7.0589794997656625,30,17.14513455790581,21.26391529002767,30,36.45880834986142,20.026144546042445,25,41.18489125966075,63.47516024097855,30,152.20175079168254,170.16097868058466,30,446.4047831450458,170.16097868058762,28,445.32992167621825,68.25906511543553,0.0,0.09999999999999998,0,0,0,0
204,recipe-visual-best,30,30,29,1.0,0.9666666666666667,6.0,3.1666666666666665,246.78851963994305,95,83,239.47332194980208,190.8071782849319,-2.9583891783681935,30.38341485649963,1.0,0.0,1.0,0.0,1.0,0.6666666666666666,1.0,0.5,1.0,1.0,1.0,1.0,7.437083995587768,30,14.95335403079471,20.687487842409496,30,36.107832177765815,19.26727877014764,25,40.87917901323921,63.62099566115482,30,171.53318940442614,194.21340999730197,30,418.16698090089164,183.73844182794465,28,401.08473175071276,63.665275661897766,0.0,0.09999999999999998,0,0,0,0
205,earlier-selected,30,30,27,1.0,0.9,6.0,3.6666666666666665,163.9062286281482,92,92,163.9062286281482,163.9062286281482,0.0,105.95011407476792,1.0,0.0,1.0,0.03333333333333333,1.0,0.8666666666666667,1.0,0.7666666666666667,1.0,1.0,1.0,1.0,23.79579185152052,30,59.26999253745769,72.29031545732474,30,88.44745204081782,69.41264394860403,25,92.45611144761122,205.17913144153005,30,1938.2042307835343,74.8757987060601,30,765.8638509484944,109.72512525050587,25,763.6821779974406,-87.66835363455334,0.0,-0.033333333333333326,0,0,0,0
205,recipe-model-top,30,30,26,1.0,0.8666666666666667,6.0,3.6333333333333333,116.25907378959266,89,82,159.4614035519134,127.50760307202478,-0.13447794521731282,140.021096519009,1.0,0.0,1.0,0.0,1.0,0.8666666666666667,1.0,0.7666666666666667,1.0,1.0,1.0,1.0,14.058584007916528,30,22.734677050949514,67.36916635694679,30,83.64693995043493,81.00412142376176,25,112.96387456926493,44.831634818426934,30,419.29793652796627,16.55914851523191,30,745.9503725809732,16.69381994487759,23,723.6202351640553,-133.07049840268093,0.0,-0.09999999999999998,0,0,0,0
205,recipe-visual-best,30,30,25,1.0,0.8333333333333334,6.0,3.6333333333333333,116.82423156422443,89,81,159.25005987712507,118.56591805386896,-0.7867346067696133,140.114078057492,1.0,0.0,1.0,0.0,1.0,0.8666666666666667,1.0,0.7666666666666667,1.0,1.0,1.0,1.0,13.599258149108763,30,20.969778125204268,66.22450984168664,30,83.01332300207831,78.54606198871323,24,112.75146794045716,41.95027122461198,30,311.4491161683827,15.173330613757598,30,143.20112898297702,15.188331186357093,21,87.76407841180446,-129.96428807571863,0.0,-0.1333333333333333,0,0,0,0
206,earlier-selected,30,30,24,1.0,0.8,6.0,3.4,201.18802210416803,96,96,201.18802210416803,201.18802210416803,0.0,98.11959342379495,1.0,0.0,1.0,0.0,1.0,0.9666666666666667,1.0,0.43333333333333335,1.0,1.0,1.0,1.0,39.67961331659636,30,79.96275835930786,23.551361534422817,30,37.8373874103489,23.464783382602317,22,87.68253888820772,69.26219883469241,30,967.8197732001174,26.361389901733098,30,713.5907033107907,40.47053947407945,21,1832.1274176906682,37.28179347601983,0.0,-0.09999999999999998,0,0,0,0
206,recipe-model-top,30,30,22,1.0,0.7333333333333333,6.0,3.3333333333333335,135.6497704432545,90,86,173.24639396869185,135.6497704432545,-8.582071773877374,137.9866299876268,1.0,0.0,1.0,0.0,1.0,0.9666666666666667,1.0,0.36666666666666664,1.0,1.0,1.0,1.0,21.562356356866125,30,47.2145791342967,23.76949317240357,30,47.77180750893353,24.133310375694037,20,55.022649860134884,315.23649930183547,30,1572.8282743971868,41.937378993691894,30,788.2118893033343,41.93737899370447,18,1867.1876925828622,19.39069665366185,0.0,-0.13333333333333341,0,0,0,0
206,recipe-visual-best,30,30,22,1.0,0.7333333333333333,6.0,3.3333333333333335,133.8934941250791,89,85,162.5633567898305,133.8934941250791,-11.340729204163736,142.07033353226154,1.0,0.0,1.0,0.0,1.0,0.9666666666666667,1.0,0.36666666666666664,1.0,1.0,1.0,1.0,21.417635482249256,30,38.14857572541399,23.108919563877095,30,47.505431734255644,23.441207706859796,19,59.12885931979536,162.45908937986744,30,1253.7718963548718,28.659553870273214,30,714.9203664603962,41.937378993696484,18,1867.1876925828622,17.069262560854654,0.0,-0.10000000000000009,0,0,0,0
207,earlier-selected,30,30,24,1.0,0.8,6.0,3.6333333333333333,266.4250069740518,108,108,266.4250069740518,266.4250069740518,0.0,66.31019184771083,1.0,0.0,1.0,0.6333333333333333,1.0,0.8,1.0,0.2,1.0,1.0,1.0,1.0,42.05436108328961,30,83.18996882597379,27.276301492966425,30,64.19941277432336,28.11710406496008,18,89.03024278780148,133.6593021462423,30,1190.5112058414825,161.13846016354364,30,611.3120374918743,157.3224460619925,20,2256.483740941828,65.2369848698838,0.0,0.0,0,0,0,0
207,recipe-model-top,30,30,21,1.0,0.7,6.0,3.2333333333333334,270.2915770444654,87,87,262.2451316965656,270.2915770444654,-1.3641412597220892,109.40456752147108,1.0,0.0,1.0,0.23333333333333334,1.0,0.8,1.0,0.2,1.0,1.0,1.0,1.0,32.38846976750048,30,87.7031853395115,26.983760212151992,30,62.67697912784593,31.98131591099572,14,148.19300343102336,478.0641748369951,30,1285.96248410106,210.55852251140246,30,631.2362246040576,220.16423845309833,17,2165.9917374289594,134.64180660121087,0.0,-0.033333333333333326,0,0,0,0
207,recipe-visual-best,30,30,20,1.0,0.6666666666666666,6.0,3.2666666666666666,266.15906602063956,87,87,262.2451316965656,266.15906602063956,-1.7030797231767707,105.89673288289264,1.0,0.0,1.0,0.26666666666666666,1.0,0.8,1.0,0.2,1.0,1.0,1.0,1.0,33.427138760598794,30,97.03775785523531,27.30396109120217,30,63.32215300489935,29.766644003283588,13,61.21209224078756,468.06452042705985,30,2075.9343029558386,216.90830920305424,30,699.658382776212,210.58334015762608,16,1378.2179519527028,132.26557189556047,0.0,-0.06666666666666665,0,0,0,0
208,earlier-selected,30,30,27,1.0,0.9,6.0,4.0,211.35510299260113,120,120,211.35510299260113,211.35510299260113,0.0,48.97700549436112,1.0,0.0,1.0,1.0,1.0,0.0,1.0,1.0,1.0,1.0,1.0,1.0,27.14497635100937,30,72.20277873449605,63.92238741013999,30,87.75864890865037,57.327414235335056,22,89.81327847677645,81.56468366611047,30,700.1656015374703,108.11432190758148,30,638.6556837552229,114.43750397832864,25,225.35556907677162,-55.06990398145069,0.0,0.09999999999999998,0,0,0,0
208,recipe-model-top,30,30,27,1.0,0.9,6.0,4.2,247.79600176295548,126,120,211.35510299260113,247.79600176295548,0.48498180093821475,57.51094273540639,1.0,0.0,1.0,1.0,1.0,0.2,1.0,1.0,1.0,1.0,1.0,1.0,29.82357032921091,30,70.83185154495567,61.036038970271925,30,82.72750523567055,61.879772833891295,20,115.04632819023017,143.72733987519862,30,994.1809252303375,150.71564572823155,30,1675.0486952902447,189.28594162969085,24,1686.5865187649151,-22.4955752815099,0.0,0.20000000000000007,0,0,0,0
208,recipe-visual-best,30,30,27,1.0,0.9,6.0,4.2,172.7053526702316,126,120,211.35510299260113,162.51505118049127,0.03460205526085147,55.437340488163144,1.0,0.0,1.0,1.0,1.0,0.2,1.0,1.0,1.0,1.0,1.0,1.0,28.275973098165075,30,69.9777138423518,59.86289932560804,30,82.97706590176601,55.29503545503577,18,96.5153740694862,86.66895068009018,30,198.67328355108066,71.52017026047108,30,292.7236830243185,67.44764324595135,25,328.7516640692319,-93.45371335040795,0.0,0.2333333333333334,0,0,0,0
209,earlier-selected,30,30,30,1.0,1.0,6.0,4.033333333333333,173.65673762628717,121,121,173.65673762628717,173.65673762628717,0.0,44.080332900193056,1.0,0.0,1.0,1.0,1.0,0.03333333333333333,1.0,1.0,1.0,1.0,1.0,1.0,19.946673428612584,30,30.480848286232302,11.776735799191574,30,21.49214230162129,11.910830823011919,27,19.816432936909628,84.15846128296337,30,614.6926572241672,68.62897342897782,30,618.7773381245723,68.6289734289825,30,618.7773381245721,-37.698365366313965,0.0,0.09999999999999998,0,0,0,0
209,recipe-model-top,30,30,30,1.0,1.0,6.0,4.1,170.24382433575758,123,121,173.65673762628717,165.54453970898578,-0.2608270847011056,45.91261922921305,1.0,0.0,1.0,1.0,1.0,0.1,1.0,1.0,1.0,1.0,1.0,1.0,20.137535477660478,30,33.66900793283739,11.922106273851625,30,37.327112517562064,12.49624585141805,27,40.2055805441691,85.75488379449365,30,639.3871663599243,62.80393341744541,30,856.4088252913543,62.80393341744539,30,856.4088252913541,-77.5521774271979,0.0,0.09999999999999998,0,0,0,0
209,recipe-visual-best,30,30,30,1.0,1.0,6.0,4.1,171.76651607999906,123,121,173.65673762628717,165.88191785910143,-0.013239975823239547,47.27885977373016,1.0,0.0,1.0,1.0,1.0,0.1,1.0,1.0,1.0,1.0,1.0,1.0,20.413576869162668,30,31.710950592350176,10.163041052188952,30,22.27850453019536,10.8573448859406,27,22.845104316065818,85.11171494119927,30,643.8451776001195,45.97545137120411,30,822.0591776041557,45.97545137121851,30,822.0591776041568,-0.9388365902325404,0.0,0.09999999999999998,0,0,0,0
210,earlier-selected,30,30,30,1.0,1.0,6.0,4.066666666666666,178.20740544537148,122,122,178.20740544537148,178.20740544537148,0.0,79.79788190938118,1.0,0.0,1.0,1.0,1.0,0.06666666666666667,1.0,1.0,1.0,1.0,1.0,1.0,30.246009067133183,30,37.13001256541312,12.169707264546162,30,18.39048380366773,12.169707264546222,30,18.390483803667735,72.35560950680562,30,1023.3324344950703,38.29703370649649,30,335.70974841445945,38.29703370651782,30,335.7097484144593,4.55066781908431,0.0,0.0,0,0,0,0
210,recipe-model-top,30,30,30,1.0,1.0,6.0,4.066666666666666,177.00268646152392,122,122,178.20740544537148,177.00268646152392,-0.4983972781531918,79.77898950135256,1.0,0.0,1.0,1.0,1.0,0.06666666666666667,1.0,1.0,1.0,1.0,1.0,1.0,30.663009391451283,30,36.79389272260501,11.735298979813148,30,20.341545049652733,11.735298979813166,30,20.34154504965277,69.79369650048162,30,1044.89342573139,30.237790144585702,30,329.24908860004604,30.237790144585702,30,329.2490886000491,6.758862125766342,0.0,0.0,0,0,0,0
210,recipe-visual-best,30,30,30,1.0,1.0,6.0,4.066666666666666,175.1935524625143,122,122,178.20740544537148,175.1935524625143,-0.23111169960689182,79.77596561687362,1.0,0.0,1.0,1.0,1.0,0.06666666666666667,1.0,1.0,1.0,1.0,1.0,1.0,30.34441115912035,30,35.60298487743606,11.312177353968687,30,19.362759835795632,11.312177353968721,30,19.362759835795668,54.72263822981295,30,992.0514371137391,37.093672204650844,30,332.99633146080504,37.09367220465518,30,332.9963314608052,3.42703638251524,0.0,0.0,0,0,0,0
211,earlier-selected,30,30,30,1.0,1.0,6.0,4.0,183.19145753523287,120,120,183.19145753523287,183.19145753523287,0.0,72.75046895177374,1.0,0.0,1.0,1.0,1.0,0.0,1.0,1.0,1.0,1.0,1.0,1.0,9.275573591405253,30,28.93507392628213,5.7322849862347285,30,12.781394358098652,5.7322849862347915,30,12.781394358098677,72.97231599741262,30,270.30258191254444,50.01696446023365,30,139.69084821938893,50.01696446024677,30,139.6908482193915,4.984052089861393,0.0,0.0,0,0,0,0
211,recipe-model-top,30,30,30,1.0,1.0,6.0,4.0,185.4621877539617,120,120,183.19145753523287,185.4621877539617,-0.21641885408237016,73.22941007102196,1.0,0.0,1.0,1.0,1.0,0.0,1.0,1.0,1.0,1.0,1.0,1.0,9.416336930247237,30,29.23536954521594,5.681253997971977,30,13.19371472942494,5.681253997972073,30,13.193714729424965,62.23286820474044,30,271.15200643755566,53.24383103050501,30,142.6885494556732,53.24383103050203,30,142.68854945567557,8.459501292437778,0.0,0.0,0,0,0,0
211,recipe-visual-best,30,30,30,1.0,1.0,6.0,4.0,183.37643169444905,120,120,183.19145753523287,183.37643169444905,-0.16280398707186805,71.32370006644113,1.0,0.0,1.0,1.0,1.0,0.0,1.0,1.0,1.0,1.0,1.0,1.0,7.885850979795136,30,29.420769524224607,5.371050341824729,30,13.13620756573604,5.371050341824869,30,13.136207565736042,56.48899867702109,30,270.2297281355852,51.3834293338157,30,152.04822471548118,51.383429333818896,30,152.0482247154856,8.182879231934749,0.0,0.0,0,0,0,0
212,earlier-selected,30,14,7,0.4666666666666667,0.23333333333333334,5.5,2.6,23.84107299961893,63,63,23.84107299961893,23.84107299961893,0.0,100.42938336255236,1.0,0.0,1.0,0.23333333333333334,1.0,0.16666666666666666,0.5,0.2,1.0,1.0,1.0,1.0,37.93155740435502,14,280.4891674838723,40.82366885630759,14,87.50369141214682,35.4965602161238,7,96.32475418008397,1170.928973865531,11,1890.9116138032903,186.97602751178343,11,1062.772701829959,588.1033270325736,4,3859.1439069986586,-159.35038453561395,-0.5333333333333333,-0.7666666666666666,0,0,0,0
212,recipe-model-top,30,25,19,0.8333333333333334,0.6333333333333333,6.0,2.933333333333333,105.0128493088156,64,59,23.84107299961893,105.09435301509203,13.985234836961109,422.7110198271294,1.0,0.0,1.0,0.23333333333333334,1.0,0.2,1.0,0.5,1.0,1.0,1.0,1.0,171.12827679267747,25,1119.062283788363,79.13717973448583,25,86.1053613830074,80.84041167782428,19,92.52469925555982,2045.9047051357713,23,14337.891303640501,69.04905445666667,23,1086.591316812853,41.62664589498071,15,3764.0234880341504,-80.4493384451461,-0.16666666666666663,-0.3666666666666667,0,0,0,0
212,recipe-visual-best,30,24,17,0.8,0.5666666666666667,6.0,2.9,105.06525551705191,64,59,23.84107299961893,105.12734176470738,10.937272599863206,396.32064567182647,1.0,0.0,1.0,0.23333333333333334,1.0,0.2,1.0,0.4666666666666667,1.0,1.0,1.0,1.0,135.28420533609548,24,606.7487863247255,78.11831553759875,24,85.26515742371097,79.8228591019527,17,93.47329922291621,1433.7989902914398,21,5299.791541964845,69.6859565015896,21,981.4567361122697,32.6807703077208,12,3525.34195889328,-78.31117617739714,-0.19999999999999996,-0.43333333333333335,0,0,0,0
213,earlier-selected,30,30,14,1.0,0.4666666666666667,6.0,4.0,444.8109932649555,104,104,444.8109932649555,444.8109932649555,0.0,66.95328697933283,1.0,0.0,1.0,1.0,1.0,1.0,1.0,0.0,1.0,1.0,1.0,1.0,38.83238678141074,14,248.86615433813432,36.5005174975356,14,78.07142322646696,47.0382344531996,3,104.863098263603,36.88872604463245,30,189.80003940456172,30.47906447553044,30,121.53673459757482,24.04709177071456,10,64.99581916572536,420.9699202653366,0.5333333333333333,0.23333333333333334,0,0,0,0
213,recipe-model-top,30,30,14,1.0,0.4666666666666667,6.0,4.0,438.7384627077189,105,104,444.8109932649555,443.0816237541127,0.09367704826607337,67.21677589269133,1.0,0.0,1.0,1.0,1.0,1.0,1.0,0.0,1.0,1.0,1.0,1.0,136.05575338144973,25,1126.8478073686942,25.976738484125043,25,59.37833400447501,151.65929987987388,8,157.26026319032428,32.24726948586519,30,225.33476527112185,34.041233326526964,30,134.75134910431598,24.806522336065203,10,67.31784253305376,333.7256133989033,0.16666666666666663,-0.16666666666666663,0,0,0,0
213,recipe-visual-best,30,30,14,1.0,0.4666666666666667,6.0,4.0,444.62127289510204,104,104,444.8109932649555,444.62127289510204,0.06222487406637356,67.17303802597837,1.0,0.0,1.0,1.0,1.0,1.0,1.0,0.0,1.0,1.0,1.0,1.0,108.93750229002649,24,613.3529660319639,26.575434918725044,24,62.84633710602023,151.532204943673,7,157.58714078603464,32.30327672812808,30,232.32407249074345,31.059727071387556,30,138.6627012897877,24.814549383740847,10,67.61863856837265,339.5560173780501,0.19999999999999996,-0.09999999999999998,0,0,0,0
214,earlier-selected,30,30,16,1.0,0.5333333333333333,6.0,4.0,232.69837246646622,93,93,232.69837246646622,232.69837246646622,0.0,109.27421949300395,1.0,0.0,1.0,1.0,1.0,1.0,1.0,0.0,1.0,1.0,1.0,1.0,45.36461048890289,30,49.54935642979593,17.00604908709044,30,30.835888407983227,16.369214576633514,10,41.62009671427975,111.16750923326029,30,250.17270868911865,45.23863609276698,30,145.37235730873655,44.43067329868295,12,4714.713046478276,-212.1126207984893,0.0,0.06666666666666665,0,0,0,0
214,recipe-model-top,30,30,16,1.0,0.5333333333333333,6.0,4.0,229.7380645463329,92,92,228.31022014401566,229.7380645463329,-0.2686000636474546,109.44029376827905,1.0,0.0,1.0,1.0,1.0,1.0,1.0,0.0,1.0,1.0,1.0,1.0,43.61159799375426,30,53.18515531744197,16.97130060234894,30,28.411142512611967,16.660036751152894,10,40.93902698230767,103.46891220784313,30,305.30921047683535,49.662239743442655,30,140.98117423868328,44.14644501180789,10,5249.692103739717,-209.000398161386,0.0,0.06666666666666665,0,0,0,0
214,recipe-visual-best,30,30,15,1.0,0.5,6.0,4.0,229.36111768096967,92,92,228.31022014401566,229.36111768096967,-0.057546712861267224,109.22758024613177,1.0,0.0,1.0,1.0,1.0,1.0,1.0,0.0,1.0,1.0,1.0,1.0,44.64486350999124,30,50.71807749311545,17.003181477992456,30,28.432485294392006,18.854244013847932,8,66.49658250898926,105.73990442697539,30,241.67025646916971,45.63453306432166,30,142.4008017424639,45.57611581940286,9,5250.534368058606,-215.26015521413237,0.0,0.033333333333333326,0,0,0,0
215,earlier-selected,30,30,30,1.0,1.0,6.0,4.033333333333333,330.9867102308584,121,121,330.9867102308584,330.9867102308584,0.0,52.07689746484232,1.0,0.0,1.0,1.0,1.0,1.0,1.0,0.03333333333333333,1.0,1.0,1.0,1.0,36.84467537746257,30,43.00979326112526,46.637127600064375,30,54.9760533900954,51.801643337424466,16,56.71089791851872,13.289854578754863,30,56.21110114881944,24.493089051506864,30,155.82911814814736,23.587968425386343,29,163.12898570922087,98.2883377643922,0.0,0.4666666666666667,0,0,0,0
215,recipe-model-top,30,30,26,1.0,0.8666666666666667,6.0,4.833333333333333,301.90924576377984,145,121,330.9867102308584,323.8130604830909,0.39749669695567036,52.20867208247634,1.0,0.0,1.0,1.0,1.0,1.0,1.0,0.8333333333333334,1.0,1.0,1.0,1.0,35.67691094286242,30,43.14208384782798,47.765643939378805,30,55.584959506022024,50.25245947239795,13,57.65681974716511,16.921766668557296,30,115.75294594193161,29.07519349617396,30,133.6934626963616,30.28983741690684,24,129.40137760231838,72.17118121744693,0.0,0.33333333333333337,0,0,0,0
215,recipe-visual-best,30,30,24,1.0,0.8,6.0,4.666666666666667,308.81148398851593,140,120,332.1985864937757,323.5111592511838,0.05812042007268303,52.4706877094225,1.0,0.0,1.0,1.0,1.0,1.0,1.0,0.6666666666666666,1.0,1.0,1.0,1.0,36.300828024019324,30,42.72902915746977,46.90691195827469,30,55.54209079701313,48.787885680019485,10,65.96384378377314,15.007530855845143,30,78.86609635106178,30.492118666097547,30,110.69300805970153,28.77019237149688,20,120.63045739803628,79.45036630754626,0.0,0.30000000000000004,0,0,0,0
216,earlier-selected,30,30,28,1.0,0.9333333333333333,6.0,4.0,391.31131089314465,120,120,391.31131089314465,391.31131089314465,0.0,44.907590495434505,1.0,0.0,1.0,1.0,1.0,1.0,1.0,0.0,1.0,1.0,1.0,1.0,3.651041414262776,30,5.318364051731928,9.295684650373639,30,14.755045297865175,9.295684650373678,28,15.334470605727379,13.013209454920155,30,78.41693657740744,25.267812404982234,30,85.35822414580122,25.26781240499995,26,77.49966182945596,60.32460066228623,0.0,-0.06666666666666665,0,0,0,0
216,recipe-model-top,30,30,28,1.0,0.9333333333333333,6.0,4.0,393.87685932349234,120,120,391.31131089314465,393.87685932349234,0.3548696305877286,44.939122250284534,1.0,0.0,1.0,1.0,1.0,1.0,1.0,0.0,1.0,1.0,1.0,1.0,3.9732410066060906,30,7.9847386760449455,9.153096282888987,30,14.150454452884972,9.153096282889045,26,15.131402095559196,10.90914435304353,30,84.07528831155125,27.436274950399856,30,85.10596775000504,28.174409054176547,27,87.86885565362819,91.9676135597125,0.0,0.06666666666666665,0,0,0,0
216,recipe-visual-best,30,30,27,1.0,0.9,6.0,4.0,393.7487596725698,120,120,391.31131089314465,393.7487596725698,0.380011803639718,44.87484030825617,1.0,0.0,1.0,1.0,1.0,1.0,1.0,0.0,1.0,1.0,1.0,1.0,3.864733941740951,30,8.176640965990453,9.136386927758485,30,16.65258818574283,9.138801175792958,23,15.819565223138303,11.131113511885715,30,86.72889037670224,26.93607353134273,30,89.95557314243541,24.3003038607336,24,90.27179968705306,84.93727568405387,0.0,0.09999999999999998,0,0,0,0
217,earlier-selected,30,30,25,1.0,0.8333333333333334,6.0,4.033333333333333,347.7349601111698,121,121,347.7349601111698,347.7349601111698,0.0,40.399197931866034,1.0,0.0,1.0,1.0,1.0,1.0,1.0,0.03333333333333333,1.0,1.0,1.0,1.0,4.0211957661498055,30,4.718748277826366,12.516572494291378,30,18.830314265701748,13.969271782254935,23,165.51385560454855,14.202659176324914,30,35.99060917394775,54.511166135409326,30,143.77896423237928,55.48766140747503,23,138.88574959604446,-43.57635078197484,0.0,-0.09999999999999998,0,0,0,0
217,recipe-model-top,30,30,26,1.0,0.8666666666666667,6.0,4.0,347.83003196955167,120,120,348.11477007538633,347.83003196955167,0.3451271999607144,40.2101305344847,1.0,0.0,1.0,1.0,1.0,1.0,1.0,0.0,1.0,1.0,1.0,1.0,3.982794842925249,30,4.45499820166556,14.15260719405033,30,19.896379898959363,15.731028972003,24,163.4977204188858,15.248747719438466,30,31.47623283334625,63.54124573174612,30,114.44172775634725,61.704676019239315,24,124.33794595788679,-46.04682735394067,0.0,-0.06666666666666665,0,0,0,0
217,recipe-visual-best,30,30,26,1.0,0.8666666666666667,6.0,4.0,348.788813790934,120,120,348.11477007538633,348.788813790934,0.5538036053803808,40.17937079091504,1.0,0.0,1.0,1.0,1.0,1.0,1.0,0.0,1.0,1.0,1.0,1.0,3.9910067971978336,30,4.668363462926655,13.729316836408543,30,18.86958382310585,14.845948761758706,23,166.84586943845525,14.200083931521572,30,29.834561775053682,58.25604351945169,30,122.66774352498692,50.190541470026446,24,122.9161282121771,-44.959945881635804,0.0,-0.033333333333333326,0,0,0,0
218,earlier-selected,30,30,29,1.0,0.9666666666666667,6.0,4.933333333333334,254.06405742950116,148,148,254.06405742950116,254.06405742950116,0.0,32.13183288062267,1.0,0.0,1.0,1.0,1.0,1.0,1.0,0.9333333333333333,1.0,1.0,1.0,1.0,5.424600017897307,30,35.40550237033827,15.92060666904943,30,28.336942624288763,157.39021218091892,24,174.21369536259417,69.40434224331338,30,1011.695596722026,188.53566787348873,30,328.63420774029623,190.9746832481415,27,355.3734016003061,-93.67090268166865,0.0,0.1333333333333333,0,0,0,0
218,recipe-model-top,30,30,25,1.0,0.8333333333333334,6.0,4.433333333333334,267.0880978931814,133,133,255.20156220366087,267.0880978931814,-1.0279660417064065,31.064071593546373,1.0,0.0,1.0,1.0,1.0,1.0,1.0,0.43333333333333335,1.0,1.0,1.0,1.0,4.131400120314099,30,5.771997071139388,9.072894425657037,30,21.366757124311796,161.68295991768358,21,171.73392595028983,42.0536454213473,30,90.37583599805049,120.59510607939043,30,328.6067335645225,134.95386338415514,22,416.3530081414364,-80.74193407637028,0.0,-0.033333333333333326,0,0,0,0
218,recipe-visual-best,30,30,28,1.0,0.9333333333333333,6.0,4.5,265.880168663552,135,135,252.92655265534145,265.880168663552,-0.1438277994338364,31.354343113916755,1.0,0.0,1.0,1.0,1.0,1.0,1.0,0.5,1.0,1.0,1.0,1.0,4.688494215882029,30,6.663878041202346,14.187556014772362,30,21.159403063081072,160.7753263666346,24,170.51206557564007,46.66352211426573,30,91.42328218873517,136.28969207620122,30,352.1483208777373,146.66044308735255,25,391.2733131958393,-82.90864512738199,0.0,0.06666666666666665,0,0,0,0
219,earlier-selected,30,30,26,1.0,0.8666666666666667,6.0,4.3,303.9881676456028,129,129,303.9881676456028,303.9881676456028,0.0,32.19595402928344,1.0,0.0,1.0,1.0,1.0,1.0,1.0,0.3,1.0,1.0,1.0,1.0,5.373370028559913,30,29.975989727022597,17.802092753339203,30,27.284424167575818,17.68421669895118,25,157.04954665784155,23.19856436425828,30,145.1336352517249,86.22128026188551,30,380.1771106197249,89.90514187979167,24,340.53408173990084,49.92411021610164,0.0,-0.09999999999999998,0,0,0,0
219,recipe-model-top,30,30,20,1.0,0.6666666666666666,6.0,4.166666666666667,311.9446793937038,125,125,304.91546758067847,311.9446793937038,0.08314465587682207,32.31586220498468,1.0,0.0,1.0,1.0,1.0,1.0,1.0,0.16666666666666666,1.0,1.0,1.0,1.0,3.228344192916481,30,5.8367044403029995,5.788770004233374,30,14.614703351602875,10.577036802325349,15,171.85435271980023,26.66789262758615,30,145.69576230961982,100.65738195445687,30,386.37686796153025,210.5525540514053,18,445.4523370847154,44.856581500522395,0.0,-0.16666666666666674,0,0,0,0
219,recipe-visual-best,30,30,28,1.0,0.9333333333333333,6.0,4.2,308.72344594608666,126,125,304.91546758067847,311.40316213722895,0.12342305462709646,32.266789612704024,1.0,0.0,1.0,1.0,1.0,1.0,1.0,0.2,1.0,1.0,1.0,1.0,3.4745038929487517,30,6.0288569224649144,9.355245889221326,30,18.892174997112026,9.777861632428127,26,157.49173575201556,31.83286097960302,30,132.12955847615385,112.69905362661383,30,378.41800104442007,155.14604618961948,27,388.13002764170335,42.84327728253464,0.0,0.0,0,0,0,0
220,earlier-selected,30,30,29,1.0,0.9666666666666667,5.133333333333334,4.033333333333333,420.1515902461975,121,121,420.1515902461975,420.1515902461975,0.0,44.42446963785596,1.0,0.0,1.0,1.0,1.0,1.0,0.13333333333333333,0.03333333333333333,1.0,1.0,1.0,1.0,7.55245792648237,30,10.62751278439381,7.274589191663454,30,17.343270773467292,168.5082539421525,25,174.5685180816315,9.06520095851301,30,21.25138026651505,29.817475177372046,30,87.55505848745533,28.60620539410928,28,83.33865210829914,116.16342260059469,0.0,0.09999999999999998,0,0,0,0
220,recipe-model-top,30,30,30,1.0,1.0,5.133333333333334,4.033333333333333,422.05639405467434,121,121,420.1515902461975,422.05639405467434,-0.31312812830913117,44.49289007960873,1.0,0.0,1.0,1.0,1.0,1.0,0.13333333333333333,0.03333333333333333,1.0,1.0,1.0,1.0,8.706808307004925,30,10.708556112295243,10.229163033850625,30,18.847668517924497,164.36630764976738,20,174.3377821774065,8.424821494547718,30,26.600464791986127,24.62015570649926,30,94.30229079663047,24.620155706504733,30,94.30229079662782,110.11171466097056,0.0,0.33333333333333337,0,0,0,0
220,recipe-visual-best,30,30,30,1.0,1.0,5.133333333333334,4.033333333333333,419.8947730360552,121,121,420.1515902461975,419.8947730360552,-0.29439633035201496,44.59488301086658,1.0,0.0,1.0,1.0,1.0,1.0,0.13333333333333333,0.03333333333333333,1.0,1.0,1.0,1.0,8.345451243631771,30,10.574602078777158,8.531220495509004,30,18.037497675049476,166.0679294306102,28,174.82648357133814,10.918538922558653,30,19.72084293684207,28.02299548589547,30,76.24833937768967,28.02299548592473,30,76.24833937768932,111.17132708996854,0.0,0.06666666666666665,0,0,0,0
221,earlier-selected,30,30,29,1.0,0.9666666666666667,5.3,4.066666666666666,415.0682451237923,122,122,415.0682451237923,415.0682451237923,0.0,47.87131621779227,1.0,0.0,1.0,1.0,1.0,1.0,0.3,0.06666666666666667,1.0,1.0,1.0,1.0,2.7084538464438523,30,7.989296406029814,2.211913331912585,30,9.026242367321137,2.1596583993776655,28,3.9940224335349077,7.215807994210453,30,129.7180375575611,18.381511378229614,30,40.78802744420071,18.15293179680463,28,33.199486016523615,-5.0833451224052055,0.0,0.0,0,0,0,0
221,recipe-model-top,30,30,22,1.0,0.7333333333333333,5.966666666666667,4.433333333333334,417.8685125390937,133,122,415.0682451237923,430.3848587512606,-50.50364788658797,49.01701408854193,1.0,0.0,1.0,1.0,1.0,1.0,0.9666666666666667,0.43333333333333335,1.0,1.0,1.0,1.0,7.045724548923676,30,16.200863379947403,4.325406277416706,30,32.425730297981744,3.2771591713997115,22,136.18810718534726,10.615227098376552,30,426.6276869481933,19.896029219409595,30,739.8020684305159,20.009744742012963,19,4470.834998324764,-4.187881515580671,0.0,-0.2666666666666667,0,0,0,0
221,recipe-visual-best,30,30,29,1.0,0.9666666666666667,5.933333333333334,4.933333333333334,331.02715313800684,148,122,415.0682451237923,401.2403052348794,-51.538279857559814,45.03976730302546,1.0,0.0,1.0,1.0,1.0,1.0,0.9333333333333333,0.9333333333333333,1.0,1.0,1.0,1.0,2.921252303833801,30,6.758541683178283,8.895118260900237,30,12.932819817052184,8.462215530643363,29,12.272848967944006,11.590848245720153,30,55.678297636198806,34.00492184832487,30,92.92544134470435,34.00492184833918,28,87.71549360029343,-88.86761989804836,0.0,-0.033333333333333326,0,0,0,0
222,earlier-selected,30,30,30,1.0,1.0,6.0,4.0,376.6649073390927,120,120,376.6649073390927,376.6649073390927,0.0,47.52744955081627,1.0,0.0,1.0,1.0,1.0,1.0,1.0,0.0,1.0,1.0,1.0,1.0,6.65188484641943,30,8.457332111417548,1.9428269614934746,30,3.5104123842730854,1.8484873142177176,29,3.2374003402703835,5.442811237298195,30,14.705913038439109,22.543558622846362,30,69.97211428075993,22.543558622875004,30,69.97211428075524,-38.4033377846996,0.0,0.033333333333333326,0,0,0,0
222,recipe-model-top,30,30,22,1.0,0.7333333333333333,6.0,5.0,301.2162519041096,150,120,376.6649073390927,375.5151652146915,85.89541178889638,52.23771181040476,1.0,0.0,1.0,1.0,1.0,1.0,1.0,1.0,1.0,1.0,1.0,1.0,16.672724567535738,30,17.66470727064726,32.25218219555703,30,35.36799662953881,147.20923601080312,14,147.8877472484871,5.6181869642761475,30,14.61808589357552,6.254049150275598,30,22.675972590031115,4.972927811773641,18,16.105820642701282,-116.65226063498409,0.0,0.0,0,0,0,0
222,recipe-visual-best,30,30,30,1.0,1.0,6.0,5.0,312.2736964867932,150,120,376.6649073390927,367.37139686093906,26.157369158604638,41.50365333336377,1.0,0.0,1.0,1.0,1.0,1.0,1.0,1.0,1.0,1.0,1.0,1.0,1.2290560380711448,30,5.98351118412571,1.3966919449988426,30,9.525661360442701,1.3545935640575528,29,8.551696686214802,4.65418569670964,30,9.502600364335466,33.15488463456621,30,75.15720299894508,33.15488463456621,30,75.15720299894984,-18.75345665121364,0.0,0.033333333333333326,0,0,0,0
223,earlier-selected,30,30,30,1.0,1.0,6.0,4.0,366.81080070612165,120,120,366.81080070612165,366.81080070612165,0.0,44.37738497485371,1.0,0.0,1.0,1.0,1.0,1.0,1.0,0.0,1.0,1.0,1.0,1.0,1.8406589213067712,30,2.5932510928329,1.7232077115949798,30,3.3226046720095055,1.7232077115949778,30,3.358416472808885,8.561970462683709,30,19.377229740804342,33.349089283653626,30,75.04230116340958,35.94265686467516,30,80.90229155151091,-9.854106632971025,0.0,0.0,0,0,0,0
223,recipe-model-top,30,30,30,1.0,1.0,6.0,5.0,315.67499056903773,150,120,366.81080070612165,346.13713465746866,39.87624713243744,51.94013454228825,1.0,0.0,1.0,1.0,1.0,1.0,1.0,1.0,1.0,1.0,1.0,1.0,1.7980952746006889,30,3.250092139828835,1.4121600341032423,30,3.1349128804361093,1.4121600341034966,22,3.3270527551805404,10.500022774595074,30,36.65167708920996,11.842106676881151,30,24.084350126315247,11.842106676922787,30,24.08435012631614,14.458738664928148,0.0,0.2666666666666667,0,0,0,0
223,recipe-visual-best,30,30,30,1.0,1.0,6.0,5.0,307.4571475347838,150,120,366.81080070612165,347.16852572709524,21.977064214859723,40.444247224487114,1.0,0.0,1.0,1.0,1.0,1.0,1.0,1.0,1.0,1.0,1.0,1.0,1.6842411747988617,30,2.040008668202469,3.4276358077060127,30,5.653053309079864,3.4276358077059585,30,5.65305330907994,6.987065371562009,30,12.682991689182073,43.18360993960475,30,117.38061269561211,43.18360993961163,30,117.38061269560934,-4.816548952009384,0.0,0.0,0,0,0,0
224,earlier-selected,30,30,30,1.0,1.0,6.0,4.0,352.80370645904895,120,120,352.80370645904895,352.80370645904895,0.0,41.48161408372148,1.0,0.0,1.0,1.0,1.0,1.0,1.0,0.0,1.0,1.0,1.0,1.0,2.1672597904404216,30,3.6680534815909662,2.7399484949446578,30,13.886159570227472,4.745737856173244,30,176.96355599383463,10.874173500065758,30,14.808748305613678,31.046532060787975,30,64.4039631630454,31.98707221107003,30,627.0625132202958,-14.0070942470727,0.0,0.0,0,0,0,0
224,recipe-model-top,30,30,27,1.0,0.9,6.0,5.0,312.58461500888666,150,120,352.80370645904895,351.6172145088107,2.3351156865122107,53.17089787636574,1.0,0.0,1.0,1.0,1.0,1.0,1.0,1.0,1.0,1.0,1.0,1.0,1.8864037876808224,30,4.032720282130203,3.219241187294611,30,4.621165883973137,3.944507210989648,27,73.70220161884407,6.753507880562205,30,21.058370882894213,10.80408047095297,30,27.30680110012327,11.438962893696829,25,3237.3152509277948,-3.090375560151074,0.0,-0.09999999999999998,0,0,0,0
224,recipe-visual-best,30,30,30,1.0,1.0,6.0,5.0,282.17497153848694,150,120,352.80370645904895,333.21730499222554,9.027443912720287,38.309692293806066,1.0,0.0,1.0,1.0,1.0,1.0,1.0,1.0,1.0,1.0,1.0,1.0,1.7796137237504968,30,5.328335082786602,6.02447594653552,30,24.767344024547352,6.024475946535489,30,24.767344024547388,15.826845898300856,30,35.64576025439107,53.79265905559369,30,165.77790631183277,53.79265905559984,30,165.77790631183473,-25.28217599629687,0.0,0.0,0,0,0,0
225,earlier-selected,30,30,24,1.0,0.8,6.0,4.0,338.2345686112685,120,120,338.2345686112685,338.2345686112685,0.0,37.233038010747194,1.0,0.0,1.0,1.0,1.0,1.0,1.0,0.0,1.0,1.0,1.0,1.0,8.180157828668237,30,9.60103147887128,20.676386449482916,30,28.07844435753656,151.99200996822128,24,165.579349785419,19.85777771065146,30,49.18788433482903,60.86913256674322,30,174.7596631861985,110.74545771972036,19,1207.1553305444083,-14.56913784778044,0.0,-0.19999999999999996,0,0,0,0
225,recipe-model-top,30,30,22,1.0,0.7333333333333333,6.0,5.0,342.47163877194225,150,120,338.2345686112685,352.69860723833153,-9.550655355839012,58.365042679608564,1.0,0.0,1.0,1.0,1.0,1.0,1.0,1.0,1.0,1.0,1.0,1.0,3.7667942373462764,30,5.272563803248589,8.399614762190081,30,11.582698194509561,9.486208104619738,20,27.806251780709538,9.671974746662892,30,19.284051177332678,23.29736217283444,30,49.80924319672262,21.821447966963692,18,52.75889688910521,29.887023763055595,0.0,-0.16666666666666674,0,0,0,0
225,recipe-visual-best,30,30,27,1.0,0.9,6.0,4.2,333.6755927774916,126,120,338.2345686112685,335.76521837967357,-0.09891546420152508,34.69931063675543,1.0,0.0,1.0,1.0,1.0,1.0,1.0,0.2,1.0,1.0,1.0,1.0,10.470261877893726,30,12.579600876789888,37.9589663886469,30,44.6941938223658,141.55283727940977,27,160.90225335730003,28.81225485557636,30,71.95462123746486,110.77307560689954,30,260.2936294787734,182.57508868708953,24,5278.328383150096,51.50062123900466,0.0,-0.09999999999999998,0,0,0,0
226,earlier-selected,30,30,28,1.0,0.9333333333333333,6.0,4.1,298.0430395721627,123,123,298.0430395721627,298.0430395721627,0.0,29.85260467144871,1.0,0.0,1.0,1.0,1.0,1.0,1.0,0.1,1.0,1.0,1.0,1.0,5.931851986872482,30,10.711380072145804,7.57390486340733,30,15.312667584371727,8.993168230935199,23,172.5328818919306,27.83941183180893,30,62.07397991102623,141.77945028530547,30,341.66948867744884,142.80973477008746,27,346.8092950520262,-40.19152903910583,0.0,0.1333333333333333,0,0,0,0
226,recipe-model-top,30,30,29,1.0,0.9666666666666667,6.0,5.0,296.75056844274656,150,123,298.0430395721627,314.8418928110614,-20.627003726945617,57.31556016515613,1.0,0.0,1.0,1.0,1.0,1.0,1.0,1.0,1.0,1.0,1.0,1.0,2.8230208816715336,30,6.000352071326292,3.532228043128747,30,7.023736169375475,3.5933352075526073,22,7.662884429981047,6.955414429807687,30,13.79067318376343,26.911722225351724,30,44.12362157472131,24.884072483000818,27,47.52575350137532,-45.7210703291957,0.0,0.2333333333333334,0,0,0,0
226,recipe-visual-best,30,30,29,1.0,0.9666666666666667,6.0,4.066666666666666,297.0137111746777,122,122,298.4702866731996,297.0137111746777,-0.25316794111734,29.831932580345132,1.0,0.0,1.0,1.0,1.0,1.0,1.0,0.06666666666666667,1.0,1.0,1.0,1.0,5.610296299479132,30,10.484036346276328,7.728817039761047,30,14.806314338421856,10.642892780074444,26,173.70812945909196,26.83901879950809,30,52.6658064571528,149.07452320177978,30,312.83455869169035,149.0745232017831,28,314.25553813221006,-36.66188160281388,0.0,0.06666666666666665,0,0,0,0
227,earlier-selected,30,30,28,1.0,0.9333333333333333,6.0,4.666666666666667,264.9705213723024,140,140,264.9705213723024,264.9705213723024,0.0,78.75417775807719,1.0,0.0,1.0,1.0,1.0,1.0,1.0,0.6666666666666666,1.0,1.0,1.0,1.0,24.438676863967814,30,26.607366113974514,8.43434811758345,30,21.27808013815614,8.299033725758317,26,21.459220410858393,34.014511851578774,30,230.1259482708206,102.59628372471803,30,278.6051754331439,102.59628372471653,26,305.4785478136083,-33.07251819986027,0.0,0.0,0,0,0,0
227,recipe-model-top,30,30,30,1.0,1.0,6.0,5.0,303.03917454731163,150,140,264.9705213723024,306.31009645946983,-3.875870912899728,57.074570813817594,1.0,0.0,1.0,1.0,1.0,1.0,1.0,1.0,1.0,1.0,1.0,1.0,0.5040797031088474,30,1.0599744531207418,2.488807917872923,30,4.881689259929948,2.4730740743417683,29,4.7414402741402375,12.461643254320673,30,37.51011857380419,27.587320234497234,30,61.40545244125804,27.587320234520543,30,61.405452441263385,6.288606104565076,0.0,0.033333333333333326,0,0,0,0
227,recipe-visual-best,30,30,29,1.0,0.9666666666666667,6.0,4.5,279.39846201076966,135,135,276.573538568835,279.39846201076966,-4.7735257614309035,30.57202083444873,1.0,0.0,1.0,1.0,1.0,1.0,1.0,0.5,1.0,1.0,1.0,1.0,2.1989145266027577,30,4.685197848128651,10.538756636198837,30,22.150867856316175,10.538756636198837,28,21.764012710784492,27.822580487564693,30,71.884550003804,78.17888441124242,30,329.5744133259074,78.1788844112508,28,328.2813601913404,-17.61524916390806,0.0,0.0,0,0,0,0
228,earlier-selected,30,30,30,1.0,1.0,6.0,4.2,287.7238267860864,126,126,287.7238267860864,287.7238267860864,0.0,28.179521544209976,1.0,0.0,1.0,1.0,1.0,1.0,1.0,0.2,1.0,1.0,1.0,1.0,26.233679245830764,30,28.56661477857803,18.487974193250647,30,35.14403234673167,18.28304127207243,28,35.183162828617284,8.456456102219178,30,168.52416968841553,42.11864454652489,30,884.9177695454938,42.11864454654882,30,884.9177695454944,22.753305413784005,0.0,0.06666666666666665,0,0,0,0
228,recipe-model-top,30,30,30,1.0,1.0,6.0,5.0,307.54490818315537,150,126,287.7238267860864,313.34736512371705,-15.40821465007052,57.02515519760979,1.0,0.0,1.0,1.0,1.0,1.0,1.0,1.0,1.0,1.0,1.0,1.0,0.5126279031679111,30,0.888892259295668,1.8734104920840542,30,4.66731863953566,1.8734104920841592,30,4.66731863953596,6.744121409060941,30,12.730508780381381,17.467653885046406,30,56.301232187947434,17.467653885056365,30,56.30123218795798,4.50573363584374,0.0,0.0,0,0,0,0
228,recipe-visual-best,30,30,30,1.0,1.0,6.0,4.066666666666666,285.42525749570257,122,122,288.44947504361727,285.42525749570257,0.2711890240225614,28.500773239759994,1.0,0.0,1.0,1.0,1.0,1.0,1.0,0.06666666666666667,1.0,1.0,1.0,1.0,3.272252526588651,30,6.181948796108697,11.631134538317141,30,22.927030870213887,12.33149599209512,29,23.854420177809196,10.57212601765138,30,43.96460592822498,42.611819947828224,30,236.64161994063755,42.611819947835926,30,236.6416199406389,6.026795484932904,0.0,0.033333333333333326,0,0,0,0
229,earlier-selected,30,30,30,1.0,1.0,6.0,4.3,283.12166944516986,129,129,283.12166944516986,283.12166944516986,0.0,28.236044237529335,1.0,0.0,1.0,1.0,1.0,1.0,1.0,0.3,1.0,1.0,1.0,1.0,3.9008908481693467,30,7.425044165122907,23.752652624572338,30,39.81709984098626,23.75265262457235,30,39.81709984098626,9.347913305933726,30,45.001016659089025,52.23752131510963,30,273.57770180956265,52.23752131510014,30,635.4855690730799,-4.602157340916563,0.0,0.0,0,0,0,0
229,recipe-model-top,30,30,30,1.0,1.0,6.0,5.0,306.38413526957123,150,129,283.12166944516986,308.14672426859903,-28.093577961882232,58.43667602437221,1.0,0.0,1.0,1.0,1.0,1.0,1.0,1.0,1.0,1.0,1.0,1.0,0.7944100031050054,30,1.097371967906127,1.8292938613451937,30,2.4310828526813806,1.8292938613451821,30,2.431082852681517,7.084273642451766,30,15.138329974109723,20.901809490431763,30,39.72955790392547,20.90180949044703,30,39.7295579039337,-1.1607729135841396,0.0,0.0,0,0,0,0
229,recipe-visual-best,30,30,30,1.0,1.0,6.0,4.266666666666667,283.43671925030924,128,128,283.284975745506,283.43671925030924,-0.1883063107269436,28.23356264417186,1.0,0.0,1.0,1.0,1.0,1.0,1.0,0.26666666666666666,1.0,1.0,1.0,1.0,2.0576715752045582,30,6.764064858651351,9.84758337102495,30,38.51497510464215,9.847583371025026,30,38.514975104642154,11.11463601073105,30,21.458428785721804,45.28092617850537,30,116.35583638799505,45.280926178519834,30,117.51413703173375,-1.988538245393329,0.0,0.0,0,0,0,0
230,earlier-selected,30,30,30,1.0,1.0,6.0,4.0,286.87139899914064,120,120,286.87139899914064,286.87139899914064,0.0,27.815778973287376,1.0,0.0,1.0,1.0,1.0,1.0,1.0,0.0,1.0,1.0,1.0,1.0,1.3627820118342604,30,6.864956150186047,7.8031357222233275,30,37.95565116062109,7.803135722223395,30,37.955651160621116,20.65488588895539,30,45.742345201340825,116.78579741733877,30,263.3818045995192,116.78579741734441,30,263.38180459951934,3.7497295539707807,0.0,0.0,0,0,0,0
230,recipe-model-top,30,30,30,1.0,1.0,6.0,5.0,238.92346817037918,150,120,286.87139899914064,309.40626175335603,-76.100571811577,58.46424641250141,1.0,0.0,1.0,1.0,1.0,1.0,1.0,1.0,1.0,1.0,1.0,1.0,0.30098673172365686,30,0.7669204159543389,0.7312586642103978,30,2.069752900151254,0.7312586642109051,30,2.069752900151254,7.7126086404086,30,23.889658108368547,14.320723533056128,30,55.23944016071877,14.320723533067454,30,55.239440160725195,-67.46066709919205,0.0,0.0,0,0,0,0
230,recipe-visual-best,30,30,30,1.0,1.0,6.0,4.0,286.45069818209333,120,120,286.87139899914064,286.45069818209333,0.06960049578805183,27.880466468946846,1.0,0.0,1.0,1.0,1.0,1.0,1.0,0.0,1.0,1.0,1.0,1.0,1.3599253112967735,30,6.6692606776328285,7.812159681806735,30,38.46576738026273,7.812159681806785,30,38.46576738026273,11.01084469485582,30,39.44228903290596,61.06465180376648,30,235.02848073718437,61.06465180376648,30,235.02848073718462,3.013978931784095,0.0,0.0,0,0,0,0
231,earlier-selected,30,30,30,1.0,1.0,6.0,4.0,288.7978463695831,120,120,288.7978463695831,288.7978463695831,0.0,28.13929521920209,1.0,0.0,1.0,1.0,1.0,1.0,1.0,0.0,1.0,1.0,1.0,1.0,1.1319614388225192,30,2.6899922925640327,5.999193840416192,30,15.698586366467671,5.999193840416282,30,15.698586366467673,11.687849507522149,30,49.021175296820566,62.01740020625224,30,273.2326429312998,62.017400206262714,30,273.2326429313012,1.9264473704424745,0.0,0.0,0,0,0,0
231,recipe-model-top,30,30,30,1.0,1.0,6.0,5.0,248.23482056287278,150,120,288.7978463695831,305.00822031428027,-52.93460710146118,58.85709394941579,1.0,0.0,1.0,1.0,1.0,1.0,1.0,1.0,1.0,1.0,1.0,1.0,0.4588254889214905,30,1.5544667497562645,1.1369148204588955,30,3.4182122639187185,1.1369148204595259,30,20.41104371672267,7.9165851914570675,30,40.3262951055923,16.622624847304184,30,101.06327103273863,16.62262484733329,30,5242.468891767526,9.311352392493603,0.0,0.0,0,0,0,0
231,recipe-visual-best,30,30,28,1.0,0.9333333333333333,6.0,4.266666666666667,287.3752750028498,128,120,288.7978463695831,288.84172511515214,0.010706493897998826,28.15374202688178,1.0,0.0,1.0,1.0,1.0,1.0,1.0,0.26666666666666666,1.0,1.0,1.0,1.0,1.3387878055091036,30,16.112082982781253,7.581474394923875,30,85.0345449567609,7.438994850353241,28,88.46877049830556,12.606370603239693,30,337.9301048516365,44.707628313704674,30,343.9515682661039,38.47081676341535,27,373.2982515706823,0.9245768207564424,0.0,-0.06666666666666665,0,0,0,0
232,earlier-selected,30,30,30,1.0,1.0,6.0,4.0,285.5467297451984,120,120,285.5467297451984,285.5467297451984,0.0,26.871677214669855,1.0,0.0,1.0,1.0,1.0,1.0,1.0,0.0,1.0,1.0,1.0,1.0,1.028932455073957,30,2.9115419783605523,6.217333333839841,30,14.984665908841142,6.2173333338399,30,14.984665908841167,18.84408623762235,30,65.90473412865684,99.02843479205512,30,423.944819035695,99.02843479206004,30,423.9448190356943,-3.2511166243847356,0.0,0.0,0,0,0,0
232,recipe-model-top,30,30,30,1.0,1.0,6.0,5.0,239.98100171069248,150,120,285.5467297451984,288.344087569016,-77.9667782146305,56.86190773839124,1.0,0.0,1.0,1.0,1.0,1.0,1.0,1.0,1.0,1.0,1.0,1.0,0.9020259987048068,30,1.4602828525105214,0.8996954693950032,30,2.1303553293879416,0.8996954693956041,30,19.171176005246405,4.8134861279988845,30,9.111891030231073,12.621851565343285,30,23.642658239150286,12.621851565356405,30,23.642658239177013,-8.253818852180302,0.0,0.0,0,0,0,0
232,recipe-visual-best,30,30,30,1.0,1.0,6.0,4.0,286.00482609231386,120,120,285.5467297451984,286.00482609231386,-0.05683062128787242,26.714128909486064,1.0,0.0,1.0,1.0,1.0,1.0,1.0,0.0,1.0,1.0,1.0,1.0,1.2293948676502016,30,16.243936263767004,5.767019575489371,30,85.60675573189431,5.669352257922521,28,87.9578282604671,18.868445186875768,30,51.21245315407491,116.22842319492506,30,228.0826345555385,116.22842319492926,30,228.0826345555388,-1.370448910535913,0.0,0.06666666666666665,0,0,0,0
233,earlier-selected,29,29,29,1.0,1.0,6.0,4.0,277.1383438379746,116,116,277.1383438379746,277.1383438379746,0.0,27.894548080304563,1.0,0.0,1.0,1.0,1.0,1.0,1.0,0.0,1.0,1.0,1.0,1.0,1.2238564734828357,29,2.472370940188003,3.187671626463935,29,10.413374983775512,3.1876716264640494,29,10.413374983775517,11.030938382629007,29,27.761377151622998,60.33159114188545,29,143.42672210785062,60.331591141896304,29,143.42672210785466,-8.40838590722376,0.0,0.0,0,0,0,0
233,recipe-model-top,29,29,29,1.0,1.0,6.0,5.0,240.61089673256734,145,116,277.1383438379746,285.32399724365155,-77.8826098046305,57.84712948514362,1.0,0.0,1.0,1.0,1.0,1.0,1.0,1.0,1.0,1.0,1.0,1.0,0.7643850113106344,29,1.3645428166843634,1.239204009740567,29,1.690833130036182,1.2392040097408603,29,1.6908331300363975,5.773869826765599,29,9.665904807359949,10.84852674460752,29,17.03326643066211,10.848526744667872,29,17.03326643068493,0.6298950218748587,0.0,0.0,0,0,0,0
233,recipe-visual-best,29,29,29,1.0,1.0,6.0,4.0,280.2327922652621,116,116,277.1383438379746,280.2327922652621,1.1055098296996846,27.68622707148383,1.0,0.0,1.0,1.0,1.0,1.0,1.0,0.0,1.0,1.0,1.0,1.0,1.1128894890050314,29,1.8800878716526535,3.3609345658782996,29,9.149697649412344,3.360934565878408,29,9.149697649412417,10.575346289150291,29,26.71530162687829,50.33210102510156,29,144.48945274133857,50.332101025114575,29,144.4894527413376,-5.772033827051757,0.0,0.0,0,0,0,0
234,earlier-selected,30,30,30,1.0,1.0,6.0,4.0,250.40126014553323,120,120,250.40126014553323,250.40126014553323,0.0,26.601040327583476,1.0,0.0,1.0,1.0,1.0,1.0,1.0,0.0,1.0,1.0,1.0,1.0,1.6378299056194545,30,3.244734837950356,3.6314707781653928,30,9.525613944522247,3.6314707781654447,30,9.52561394452232,13.605708711798318,30,83.29355647265464,71.96900388725054,30,254.90335317750242,71.96900388725282,30,254.90335317750473,-26.737083692441388,0.0,0.0,0,0,0,0
234,recipe-model-top,30,30,30,1.0,1.0,6.0,5.0,236.08713111035397,150,120,250.40126014553323,281.2084993327477,-45.95586121436495,57.176501179698704,1.0,0.0,1.0,1.0,1.0,1.0,1.0,1.0,1.0,1.0,1.0,1.0,0.46504325459159473,30,0.7570733361291432,0.6306957534942774,30,1.3467713115250555,0.630695753494855,30,1.346771311524839,5.69559137319869,30,11.174809910490584,12.676175681839553,30,25.610192317583675,12.67617568186538,30,25.61019231758484,-4.523765622213375,0.0,0.0,0,0,0,0
234,recipe-visual-best,30,30,30,1.0,1.0,6.0,4.066666666666666,278.0447988458234,122,120,250.40126014553323,278.5564044299996,0.7387518087846701,27.097092920431095,1.0,0.0,1.0,1.0,1.0,1.0,1.0,0.06666666666666667,1.0,1.0,1.0,1.0,1.0646285023652948,30,3.478881815199595,3.903789701407207,30,9.53054992468257,3.9037897014073017,30,9.530549924682648,26.083557899048365,30,94.82400098785152,108.9879124522311,30,373.5046723972921,108.98791245223413,30,373.5046723972922,-2.187993419438726,0.0,0.0,0,0,0,0
235,earlier-selected,30,30,30,1.0,1.0,6.0,4.0,253.2573190556257,120,120,253.2573190556257,253.2573190556257,0.0,19.507091267720106,1.0,0.0,1.0,1.0,1.0,1.0,1.0,0.0,1.0,1.0,1.0,1.0,3.399651098290782,30,3.8578367671153413,5.093044898635996,30,12.43619637392203,5.0930448986361325,30,12.436196373922062,15.414984406572096,30,40.645930657579214,73.61679546977285,30,202.06816442407487,73.61679546977734,30,202.06816442407776,2.8560589100924574,0.0,0.0,0,0,0,0
235,recipe-model-top,30,30,30,1.0,1.0,6.0,5.0,239.1465038104859,150,120,253.2573190556257,283.74122619426566,-46.525034335427854,56.949402143021494,1.0,0.0,1.0,1.0,1.0,1.0,1.0,1.0,1.0,1.0,1.0,1.0,0.40464150587895836,30,0.6222786971583646,0.9552075736991085,30,1.587437073971785,0.9552075736992958,30,1.587437073971994,5.219294084702552,30,10.20741698427657,11.794235603380137,30,15.165809182020048,11.794235603422152,30,15.165809182026303,3.059372700131945,0.0,0.0,0,0,0,0
235,recipe-visual-best,30,30,30,1.0,1.0,6.0,4.0,248.88646445325975,120,120,253.2573190556257,248.88646445325975,-3.3377538737694863,19.549042218033616,1.0,0.0,1.0,1.0,1.0,1.0,1.0,0.0,1.0,1.0,1.0,1.0,3.308619833727703,30,3.7760738094896764,7.6922407395338395,30,14.927181719882485,7.6922407395339345,30,14.927181719882485,17.707770071839093,30,44.08180621911471,86.1401445995909,30,182.87854715558717,86.14014459958892,30,182.87854715558913,-29.15833439256363,0.0,0.0,0,0,0,0
236,earlier-selected,30,30,30,1.0,1.0,6.0,4.0,257.14216768084157,120,120,257.14216768084157,257.14216768084157,0.0,20.89381887396747,1.0,0.0,1.0,1.0,1.0,1.0,1.0,0.0,1.0,1.0,1.0,1.0,1.0883624904162472,30,1.849785658700596,5.798421421954103,30,8.529006424570207,5.798421421954106,30,8.529006424570293,7.272352370551442,30,16.113521295071433,36.90432511723335,30,81.61103446993027,36.90432511724241,30,81.61103446993359,3.8848486252158807,0.0,0.0,0,0,0,0
236,recipe-model-top,30,30,30,1.0,1.0,6.0,5.0,245.20501103616547,150,120,257.14216768084157,292.33832491303446,-44.282993206060496,56.362772012389954,1.0,0.0,1.0,1.0,1.0,1.0,1.0,1.0,1.0,1.0,1.0,1.0,0.5243926513496509,30,0.6750766008935143,0.9943358686007261,30,1.5750766682498372,0.9943358686016401,30,1.5750766682500683,4.287450876787711,30,7.324070508273524,10.529612471779139,30,18.9946073667743,10.52961247182602,30,18.9946073667743,6.058507225679563,0.0,0.0,0,0,0,0
236,recipe-visual-best,30,30,30,1.0,1.0,6.0,4.3,259.8927548203902,129,120,257.14216768084157,276.9920973619801,-5.150580025708678,20.886575357158044,1.0,0.0,1.0,1.0,1.0,1.0,1.0,0.3,1.0,1.0,1.0,1.0,1.7132888098048595,30,5.665792229717954,7.0641215194617795,30,17.910984578902262,7.064121519461832,30,17.9109845789023,9.519337389846726,30,205.55777009828506,56.72685840473777,30,667.5287186470679,56.72685840474363,30,667.5287186470688,11.006290367130475,0.0,0.0,0,0,0,0
237,earlier-selected,30,30,28,1.0,0.9333333333333333,6.0,4.566666666666666,288.2709686060521,137,137,288.2709686060521,288.2709686060521,0.0,30.387608579630943,1.0,0.0,1.0,1.0,1.0,1.0,1.0,0.5666666666666667,1.0,1.0,1.0,1.0,10.40799275652263,30,14.448208250248108,42.48474545746467,30,52.70673259853879,42.48474545746467,28,134.39826237490377,42.09869217736762,30,609.0600376609111,98.99809137935623,30,467.5052993748513,94.60741130699013,26,3216.3416219743176,31.128800925210555,0.0,-0.06666666666666665,0,0,0,0
237,recipe-model-top,30,30,27,1.0,0.9,6.0,4.933333333333334,283.29700970041927,148,137,288.2709686060521,295.45760774559733,-15.927147707303277,58.29357103152846,1.0,0.0,1.0,1.0,1.0,1.0,1.0,0.9333333333333333,1.0,1.0,1.0,1.0,2.294452126853521,30,12.70659664416246,3.1663349393230407,30,30.90078223357169,3.062253344418864,27,160.71378956780183,16.001313314649906,30,305.6439713115142,35.71614268535842,30,322.27966865836026,27.02914935987571,25,486.1669016532808,38.09199866425379,0.0,-0.09999999999999998,0,0,0,0
237,recipe-visual-best,30,30,28,1.0,0.9333333333333333,6.0,4.633333333333334,285.20483884700576,139,134,288.669115877305,286.382488755687,-0.01548137754365797,32.13991452468619,1.0,0.0,1.0,1.0,1.0,1.0,1.0,0.6333333333333333,1.0,1.0,1.0,1.0,8.488680869937335,30,16.600412864338793,28.65223377529338,30,64.96658653237822,28.652233775293418,28,115.40284536802045,90.2476334651424,30,661.0811320257986,98.83202726182344,30,1044.25685747381,98.83202726183664,26,1399.7299252865478,25.312084026615537,0.0,-0.06666666666666665,0,0,0,0
238,earlier-selected,30,30,16,1.0,0.5333333333333333,6.0,4.366666666666666,341.0532417953133,111,111,341.0532417953133,341.0532417953133,0.0,103.8656516010308,1.0,0.0,1.0,1.0,1.0,0.9,1.0,0.4666666666666667,1.0,1.0,1.0,1.0,44.63686696916949,30,64.81761820065086,47.843977486453014,30,84.01900061418152,99.88367811998926,15,150.57348235416046,269.656753452805,30,840.4805395511027,156.076828307734,30,418.9357327520094,194.1978495103601,13,532.5815000554059,52.78227318926116,0.0,-0.4,0,0,0,0
238,recipe-model-top,30,30,16,1.0,0.5333333333333333,6.0,4.366666666666666,294.1356217898455,103,90,339.23971309486046,306.8383378794906,-62.425505706453094,110.87001723577544,1.0,0.0,1.0,1.0,1.0,0.9666666666666667,1.0,0.4,1.0,1.0,1.0,1.0,30.204103733878604,30,41.81342119453597,26.79623250731722,30,36.04645058452188,29.283083114413294,16,154.537503136655,138.62842658913942,30,626.3687184423344,117.88762204823647,30,406.5232326413767,246.9331368626694,9,5043.469385886472,10.838612089426249,0.0,-0.3666666666666667,0,0,0,0
238,recipe-visual-best,30,30,18,1.0,0.6,6.0,4.4,342.77648629139367,111,109,340.16289568254473,342.77648629139367,0.1859234386672597,103.11043353183871,1.0,0.0,1.0,1.0,1.0,0.9666666666666667,1.0,0.43333333333333335,1.0,1.0,1.0,1.0,44.77713560361807,30,66.09502405063513,69.97870447567925,30,85.36134305653673,85.57659020355855,17,130.38223901844435,258.24085915663557,30,1088.4024506000762,137.73652139181218,30,468.4836585894257,97.94281780755318,12,539.6264927247486,57.57164744438791,0.0,-0.33333333333333337,0,0,0,0
239,earlier-selected,30,30,28,1.0,0.9333333333333333,6.0,4.0,252.12784160109499,120,120,252.12784160109499,252.12784160109499,0.0,54.667652984086686,1.0,0.0,1.0,1.0,1.0,0.1,1.0,0.9666666666666667,1.0,1.0,1.0,0.9333333333333333,48.864443311273845,30,61.73686763221086,53.94527678189728,30,69.61939891466031,53.94527678189728,16,70.08308778996857,108.46459894808825,30,398.98654343351745,89.18152678334414,30,269.35007647366933,80.12233173024981,26,210.66740111994497,-88.9254001942183,0.0,0.4,0,0,0,0
239,recipe-model-top,30,30,29,1.0,0.9666666666666667,6.0,3.466666666666667,273.1098947971168,104,101,244.68953999518126,272.9249794640373,-2.4278455426373853,68.87407580328662,1.0,0.0,1.0,1.0,1.0,0.13333333333333333,1.0,0.4,1.0,1.0,1.0,0.9333333333333333,42.561156742799035,30,49.12612980295635,67.1085399643047,30,81.25202455673175,81.79444945961858,15,140.9649670637471,224.32858801842585,30,1009.980284759277,116.78287150060459,30,1415.284972983081,115.98403807756705,28,1778.0447600461093,-21.02572699272872,0.0,0.43333333333333335,0,0,0,0
239,recipe-visual-best,30,30,29,1.0,0.9666666666666667,6.0,3.8,252.01016878046502,114,112,252.12784160109499,252.01016878046502,-0.2711781148461796,55.40392607774197,1.0,0.0,1.0,1.0,1.0,0.13333333333333333,1.0,0.7333333333333333,1.0,1.0,1.0,0.9333333333333333,46.51236811952165,30,59.79244352920672,56.744143897061846,30,70.24445051069746,66.52373755861687,17,126.05307470836308,90.78267174894607,30,768.1892883622693,86.009545927883,30,403.12114422775653,85.14907105098601,27,362.6319290962156,-90.76631751092864,0.0,0.3666666666666667,0,0,0,0
240,earlier-selected,30,30,30,1.0,1.0,6.0,4.033333333333333,233.55527331677075,119,119,233.55527331677075,233.55527331677075,0.0,61.11571036567037,1.0,0.0,1.0,0.9333333333333333,1.0,0.1,1.0,1.0,1.0,1.0,1.0,1.0,16.498011787238298,30,45.377102117406636,18.227433513298053,30,32.42169395016469,15.313050232360503,28,31.937003926572853,67.97132335481476,30,287.79901446160136,53.44273376378107,30,360.7174476677739,53.442733763796305,30,360.7174476677731,-18.572568284324234,0.0,0.06666666666666665,0,0,0,0
240,recipe-model-top,30,30,30,1.0,1.0,6.0,3.2666666666666666,275.92080001665704,92,85,260.823195548684,278.9089695384706,-25.507884639384955,69.46559636327635,1.0,0.0,1.0,1.0,1.0,0.26666666666666666,1.0,0.0,1.0,1.0,1.0,1.0,21.167109970641555,30,33.83402741456942,11.203129844737987,30,54.2517831103959,14.529263252963364,29,80.56807123107713,13.63328999132528,30,211.3361964692034,19.635580959590627,30,207.95147226936027,19.635580959590147,30,207.95147226936027,2.8109052195402455,0.0,0.033333333333333326,0,0,0,0
240,recipe-visual-best,30,30,30,1.0,1.0,6.0,4.266666666666667,242.21963102816196,128,119,233.55527331677075,236.99294275598214,0.2895515984926078,61.170994572410905,1.0,0.0,1.0,1.0,1.0,0.26666666666666666,1.0,1.0,1.0,1.0,1.0,1.0,15.91258472432709,30,31.09694559908619,9.376349867727097,30,25.018073154913065,10.01401531106322,29,28.15323599527486,21.246017835343203,30,159.04292509533587,30.809034325246976,30,183.48440889994734,30.80903432526256,30,183.48440889994725,-9.790537752303067,0.0,0.033333333333333326,0,0,0,0
241,earlier-selected,30,19,18,0.6333333333333333,0.6,6.0,2.8,117.31468217040283,66,66,117.31468217040283,117.31468217040283,0.0,149.89055776428827,1.0,0.0,1.0,0.13333333333333333,1.0,0.03333333333333333,1.0,0.6333333333333333,1.0,1.0,1.0,1.0,26.681749691871982,19,36.23962173288378,28.780432294090485,19,51.7420304324056,28.655497459196926,18,127.79387417809741,123.55348767890858,19,1316.197708475048,6.554332483377807,19,484.15726255300603,7.119451648031829,18,1694.1633936786618,-116.24059114636792,-0.3666666666666667,-0.4,0,0,0,0
241,recipe-model-top,30,30,30,1.0,1.0,6.0,3.1333333333333333,291.402332760356,68,56,117.25676864541806,292.4759924274611,174.816730510034,73.95478372104247,1.0,0.0,1.0,1.0,1.0,0.13333333333333333,1.0,0.0,1.0,1.0,1.0,1.0,4.500636063261872,30,23.145858994873578,11.064187893862606,30,17.49999393525958,11.064187893862641,30,17.499993935259642,48.854542102358366,30,580.5731997120185,72.96157059965509,30,407.28704843060956,72.9615705996506,30,407.287048430609,15.48153274369895,0.0,0.0,0,0,0,0
241,recipe-visual-best,30,30,30,1.0,1.0,6.0,4.066666666666666,187.83922794085123,122,65,117.29097081481746,250.6021863213174,89.80491889082423,60.92761524079677,1.0,0.0,1.0,1.0,1.0,0.13333333333333333,1.0,0.9333333333333333,1.0,1.0,1.0,1.0,8.098064101013573,30,14.97826663782082,6.450469415373342,30,13.7548852105899,6.450469415373398,30,13.754885210589933,62.98808385354175,30,410.7244047270719,32.888367704451134,30,376.3094035705765,32.88836770446162,30,376.3094035705773,-54.380403087310725,0.0,0.0,0,0,0,0
242,earlier-selected,30,1,1,0.03333333333333333,0.03333333333333333,6.0,2.033333333333333,16.765268021918423,50,50,16.765268021918423,16.765268021918423,0.0,74.51255587181736,1.0,0.0,1.0,0.0,1.0,0.03333333333333333,1.0,0.0,1.0,1.0,1.0,1.0,49.06660927724836,1,49.06660927724836,75.39317118788975,1,75.39317118788975,104.42700863229005,1,104.42700863229005,,0,,,0,,,0,,-100.5494141484844,-0.6,-0.5666666666666667,0,0,0,0
242,recipe-model-top,30,30,30,1.0,1.0,6.0,3.0,493.08941402042825,60,50,16.765268021918423,283.1982998150815,270.4930251738788,74.1655581540499,1.0,0.0,1.0,1.0,1.0,0.0,1.0,0.0,1.0,1.0,1.0,1.0,3.1142267490535582,30,21.06596623521202,5.62870701138749,30,12.569116039376727,5.628707011387614,30,12.569116039376784,9.840221609802278,30,54.48377512348666,5.599377387771425,30,81.0148088026383,5.599377387921539,30,81.01480880263854,201.68708126007226,0.0,0.0,0,0,0,0
242,recipe-visual-best,30,30,30,1.0,1.0,6.0,3.0,492.70900398307896,60,50,16.765268021918423,282.0016956043502,269.4983080245902,73.63837779113945,1.0,0.0,1.0,1.0,1.0,0.0,1.0,0.0,1.0,1.0,1.0,1.0,23.098577603860356,30,26.08357093821977,11.77608764905117,30,12.571346351917072,11.776087649051203,30,12.571346351917049,10.442511476745086,30,21.822302936338097,4.873267939151184,30,10.213309211740244,4.873267939244449,30,10.21330921174505,304.8697760422277,0.0,0.0,0,0,0,0
243,earlier-selected,30,0,0,0.0,0.0,6.0,2.0,12.96075942931011,32,32,12.96075942931011,12.96075942931011,0.0,,1.0,0.0,1.0,0.0,1.0,0.0,1.0,0.0,1.0,1.0,1.0,1.0,,0,,,0,,,0,,,0,,,0,,,0,,-3.804508592608313,-0.03333333333333333,-0.03333333333333333,0,0,0,0
243,recipe-model-top,30,30,30,1.0,1.0,6.0,3.0,494.3345336604059,60,32,12.96075942931011,283.28598852235916,271.369611018972,73.86731832832245,1.0,0.0,1.0,1.0,1.0,0.0,1.0,0.0,1.0,1.0,1.0,1.0,0.8371057434885265,30,3.156999370038332,0.4670571640614496,30,2.982061805886402,0.4670571640610596,30,2.982061805886634,11.648007132991827,30,60.83326804022407,5.836085765156573,30,68.34694436730261,5.836085765240885,30,68.34694436732057,1.245119639977645,0.0,0.0,0,0,0,0
243,recipe-visual-best,30,30,30,1.0,1.0,6.0,3.0,492.6655899621884,60,32,12.96075942931011,282.36124940468653,270.1534385079543,73.73709458230445,1.0,0.0,1.0,1.0,1.0,0.0,1.0,0.0,1.0,1.0,1.0,1.0,0.8616236456854137,30,2.7085488129656357,0.3379183093939946,30,1.233623757780442,0.3379183093962914,30,1.2336237577814813,12.306503602167673,30,23.96709897156799,5.474019755362671,30,16.474691431044103,5.474019755511682,30,16.474691431103036,-0.04341402089056601,0.0,0.0,0,0,0,0
244,earlier-selected,30,0,0,0.0,0.0,6.0,2.0,15.079816555612222,36,36,15.079816555612222,15.079816555612222,0.0,,1.0,0.0,1.0,0.0,1.0,0.0,1.0,0.0,1.0,1.0,1.0,1.0,,0,,,0,,,0,,,0,,,0,,,0,,2.1190571263021116,0.0,0.0,0,0,0,0
244,recipe-model-top,30,30,30,1.0,1.0,6.0,3.0,510.9072225532424,60,36,15.079816555612222,281.5933391551978,268.4126358902291,74.00887632718992,1.0,0.0,1.0,1.0,1.0,0.0,1.0,0.0,1.0,1.0,1.0,1.0,0.9910892330045608,30,2.429652929152733,0.5305170124513072,30,1.4442105625228754,0.5305170124516474,30,1.4442105625231547,9.610828965623703,30,20.73900578418076,3.565692800687077,30,9.9113883304726,3.5656928008238475,30,9.911388330568839,16.57268889283648,0.0,0.0,0,0,0,0
244,recipe-visual-best,30,30,30,1.0,1.0,6.0,3.0,508.963157678014,60,36,15.079816555612222,280.62383447368006,267.2951716404603,73.60362637233406,1.0,0.0,1.0,1.0,1.0,0.0,1.0,0.0,1.0,1.0,1.0,1.0,0.928196695483992,30,2.390036087860313,0.47246851189212247,30,1.1797100638750029,0.47246851189289985,30,1.1797100638758684,8.771357016053624,30,24.895507494016883,4.42652052265836,30,13.41278912437794,4.426520522880507,30,13.41278912440235,16.297567715825608,0.0,0.0,0,0,0,0
245,earlier-selected,30,0,0,0.0,0.0,6.0,2.0,6.517576764211351,30,30,6.517576764211351,6.517576764211351,0.0,,1.0,0.0,1.0,0.0,1.0,0.0,1.0,0.0,1.0,1.0,1.0,1.0,,0,,,0,,,0,,,0,,,0,,,0,,-8.56223979140087,0.0,0.0,0,0,0,0
245,recipe-model-top,30,30,30,1.0,1.0,6.0,3.0,507.69699818563214,60,30,6.517576764211351,273.5996796018493,267.4900413894575,73.50562861089465,1.0,0.0,1.0,1.0,1.0,0.0,1.0,0.0,1.0,1.0,1.0,1.0,0.937619172258558,30,1.3708709737872886,0.4463784074220011,30,0.6434078844116682,0.4463784074220011,30,0.6434078844132011,8.340671438665728,30,19.93767623846757,4.067979183424114,30,9.30316128776585,4.067979183464505,30,9.303161287797982,-3.2102243676102376,0.0,0.0,0,0,0,0
245,recipe-visual-best,30,30,30,1.0,1.0,6.0,3.0,505.3107053967857,60,30,6.517576764211351,272.4319762902958,266.3615641426996,73.14778870820899,1.0,0.0,1.0,1.0,1.0,0.0,1.0,0.0,1.0,1.0,1.0,1.0,1.0528557139500845,30,1.4429858957745987,0.46991140608718307,30,0.6643724581209809,0.4699114060883266,30,0.6643724581210346,8.698291785715723,30,20.043391322871546,4.513040727548602,30,10.392586086671145,4.513040727584707,30,10.392586086702655,-3.6524522812283067,0.0,0.0,0,0,0,0
246,earlier-selected,30,6,6,0.2,0.2,6.0,2.2,18.960574304257836,46,46,18.960574304257836,18.960574304257836,0.0,74.06302699707993,1.0,0.0,1.0,0.0,1.0,0.2,1.0,0.0,1.0,1.0,1.0,1.0,,0,,,0,,,0,,22.626311364405396,5,36.9845804346102,17.894561768671235,5,25.90028090832887,17.894561768707824,5,25.900280908348705,12.442997540046484,0.2,0.2,0,0,0,0
246,recipe-model-top,30,30,30,1.0,1.0,6.0,3.2,278.72174736366003,72,46,18.960574304257836,277.7303622617376,254.35285118680434,71.9623479402576,1.0,0.0,1.0,1.0,1.0,0.2,1.0,0.0,1.0,1.0,1.0,1.0,1.4067758354768374,30,29.244430056245093,0.6074234764256375,30,13.481997513856289,0.6074234764262472,30,13.481997513856369,14.929704677276419,30,137.86628312246208,9.18770762148515,30,282.91732476852354,9.187707621538355,30,282.91732476852366,-228.9752508219721,0.0,0.0,0,0,0,0
246,recipe-visual-best,30,30,30,1.0,1.0,6.0,3.2,277.5235526965538,72,46,18.960574304257836,277.0698940447131,253.23078944041913,71.80867098291249,1.0,0.0,1.0,1.0,1.0,0.2,1.0,0.0,1.0,1.0,1.0,1.0,1.3960099699625812,30,29.358692239857852,0.6595826606691869,30,13.479204974081046,0.6595826606700158,30,13.479204974081119,16.84580813160634,30,50.4120109961089,10.870322569598724,30,91.68453933000494,10.870322569659137,30,91.68453933000781,-227.7871527002319,0.0,0.0,0,0,0,0
247,earlier-selected,30,16,13,0.5333333333333333,0.43333333333333335,5.3,2.1666666666666665,45.12169490662174,59,59,45.12169490662174,45.12169490662174,0.0,22.5295402206607,1.0,0.0,1.0,0.0,0.3,0.1,1.0,0.06666666666666667,1.0,1.0,1.0,1.0,5.3134734373422265,1,5.3134734373422265,24.121247818699267,1,24.121247818699267,,0,,20.881029420757482,12,197.381223850369,52.67312353574579,12,146.7924255370378,46.12211935437715,10,129.88410013988423,26.161120602363905,0.3333333333333333,0.23333333333333334,0,0,0,0
247,recipe-model-top,30,19,15,0.6333333333333333,0.5,5.266666666666667,2.3333333333333335,68.034873741268,64,59,45.12169490662174,61.07963842557527,-0.33791516346504125,23.19677737955888,1.0,0.0,1.0,0.13333333333333333,0.26666666666666666,0.1,1.0,0.1,1.0,1.0,1.0,1.0,11.365959688965193,19,42.840029039382046,39.13524015642701,19,53.94213556734381,39.00353911837069,15,41.86825148352006,26.060655306722033,17,376.3982221544665,33.002688410144536,17,228.31214995162594,33.028676971354415,14,259.2044817733222,-210.68687362239203,-0.3666666666666667,-0.5,0,0,0,0
247,recipe-visual-best,30,17,16,0.5666666666666667,0.5333333333333333,5.266666666666667,2.2666666666666666,45.11564781128067,64,59,45.12169490662174,44.20321862942557,-0.5713323227682636,22.613683056384346,1.0,0.0,1.0,0.13333333333333333,0.26666666666666666,0.1,1.0,0.03333333333333333,1.0,1.0,1.0,1.0,11.257339869750789,17,19.171238615114635,39.19404884240193,17,44.637052643446985,39.279133329243805,16,45.2044325901235,24.081537764628987,15,394.35812517749116,59.240811938275336,15,307.7225212970243,46.121750174214895,14,311.9557742125792,-232.40790488527313,-0.43333333333333335,-0.4666666666666667,0,0,0,0
248,earlier-selected,30,30,19,1.0,0.6333333333333333,5.633333333333334,2.6,243.33013965356122,78,78,243.33013965356122,243.33013965356122,0.0,23.808783972397077,1.0,0.0,1.0,0.1,0.6333333333333333,0.5,1.0,0.0,1.0,1.0,1.0,1.0,8.466325493434713,16,20.608822286740295,2.2652818895811566,16,21.02529113020757,0.8591807727664715,10,3.4023983534281435,17.74176430100475,30,395.8831205017352,21.77102422180453,30,677.2119510998469,8.304312229816215,17,170.59510059443588,198.20844474693948,0.4666666666666667,0.19999999999999996,0,0,0,0
248,recipe-model-top,30,30,16,1.0,0.5333333333333333,5.766666666666667,2.6333333333333333,277.39609326839724,78,73,273.29399602352464,278.14878570999315,-0.2724864430198295,23.561367736208204,1.0,0.0,1.0,0.2,0.7666666666666667,0.43333333333333335,1.0,0.0,1.0,1.0,1.0,1.0,9.522571211751721,19,28.511894449345085,2.8495931773121774,19,33.737514530848735,0.8001053048658442,10,2.6968189119473864,12.811551871485074,30,392.6242880030296,29.579394902858787,30,765.085954688345,9.555999891842845,14,1327.733357437234,209.36121952712924,0.3666666666666667,0.033333333333333326,0,0,0,0
248,recipe-visual-best,30,30,16,1.0,0.5333333333333333,5.766666666666667,2.466666666666667,241.42525542187667,72,69,276.7097370955413,242.71846319353168,-0.3330543264531798,20.71114819864941,1.0,0.0,1.0,0.03333333333333333,0.7666666666666667,0.43333333333333335,1.0,0.0,1.0,1.0,1.0,1.0,9.29783407477925,17,20.59618299449704,2.6798439935735066,17,33.69627204282636,0.8005677019944498,11,2.8495931773123053,11.237385979471467,30,386.0554203473215,29.579394902858787,30,589.386791870561,9.555999891842845,14,1169.2998121541802,196.309607610596,0.43333333333333335,0.0,0,0,0,0
249,earlier-selected,30,30,28,1.0,0.9333333333333333,6.0,3.066666666666667,281.29518600187896,92,92,281.29518600187896,281.29518600187896,0.0,22.54731717334316,1.0,0.0,1.0,0.0,1.0,1.0,1.0,0.06666666666666667,1.0,1.0,1.0,1.0,7.831660937120468,30,14.533934334792738,2.1193943039909904,30,23.36877371837507,1.1179438104674306,17,29.362692328958328,2.288405622689418,30,115.70472159544477,3.9673753131230636,30,9.765861972702993,3.9673753132091014,28,9.03592799588808,37.96504634831774,0.0,0.30000000000000004,0,0,0,0
249,recipe-model-top,30,30,18,1.0,0.6,6.0,3.433333333333333,257.19176437282766,103,92,281.29518600187896,277.3299938825015,-0.828178778231262,24.10490065485784,1.0,0.0,1.0,0.0,1.0,1.0,1.0,0.43333333333333335,1.0,1.0,1.0,1.0,7.389948536972026,30,12.897108775200374,16.979573374770013,30,21.966509989871334,31.764955353857694,4,72.39413292454242,3.775688546227732,30,110.55062437826092,8.098597156386159,30,131.92399424856114,5.426127296850367,18,13.970110997275311,-20.204328895569574,0.0,0.06666666666666665,0,0,0,0
249,recipe-visual-best,30,30,30,1.0,1.0,6.0,3.0,282.12940876919913,90,90,281.692095627414,282.12940876919913,0.02904755779820789,22.549625392945984,1.0,0.0,1.0,0.0,1.0,1.0,1.0,0.0,1.0,1.0,1.0,1.0,2.178078543161367,30,10.453771536043487,1.2450803053479955,30,9.515245472003633,0.5588630837140544,16,44.850243880922974,2.260119155676981,30,14.906828899362564,4.554521605933639,30,12.602103649149317,4.554521605966425,30,12.602103649175294,40.70415334732246,0.0,0.4666666666666667,0,0,0,0
250,earlier-selected,30,30,15,1.0,0.5,6.0,3.533333333333333,257.66656424496273,106,106,257.66656424496273,257.66656424496273,0.0,33.52558171475965,1.0,0.0,1.0,0.0,1.0,1.0,1.0,0.5333333333333333,1.0,1.0,1.0,1.0,7.477881340271609,30,8.22316545845706,20.92764116551878,30,21.961970951829027,0.37269584558072893,13,0.9936641002013034,2.825785316777094,30,244.28133551814503,4.175117794664256,30,626.0096469717247,3.4277025642595222,11,625.8711891223214,-23.628621756916232,0.0,-0.43333333333333335,0,0,0,0
250,recipe-model-top,30,30,0,1.0,0.0,6.0,4.0,248.95124545822466,120,106,257.66656424496273,256.35732385352117,-0.9679558769442167,34.02610124663528,1.0,0.0,1.0,0.0,1.0,1.0,1.0,1.0,1.0,1.0,1.0,1.0,6.91784770785632,30,7.384518317084537,16.982269758065993,30,17.4854411472454,,0,,1.6060448945707138,30,29.978112884275134,2.6204343253971856,30,122.88762799626706,,0,,-8.240518914603001,0.0,-0.6,0,0,0,0
250,recipe-visual-best,30,30,30,1.0,1.0,6.0,3.0,279.99365276851194,90,90,259.31398019634946,279.99365276851194,0.06614682071236189,22.745240125946715,1.0,0.0,1.0,0.0,1.0,1.0,1.0,0.0,1.0,1.0,1.0,1.0,0.1847194350227181,30,0.7434403342243399,0.6043870423614878,30,1.0232216586866858,0.6043870423630046,30,1.023221658687718,1.6784567461129716,30,3.584046260431887,3.8773567308297268,30,7.406406710485811,3.877356730956918,30,7.4064067106144735,-2.135756000687195,0.0,0.0,0,0,0,0
251,earlier-selected,30,30,20,1.0,0.6666666666666666,6.0,3.3333333333333335,260.12566421964056,100,100,260.12566421964056,260.12566421964056,0.0,22.757427525338557,1.0,0.0,1.0,0.0,1.0,1.0,1.0,0.3333333333333333,1.0,1.0,1.0,1.0,1.7692832921259893,30,8.190536687550551,4.675393544938098,30,21.01246491083883,0.3927670223962678,10,3.30408393796338,21.09966467895234,30,249.58938698143922,131.34303996039927,30,623.0255676150294,2.9232799058480192,13,9.576760414785635,2.4590999746778266,0.0,0.16666666666666663,0,0,0,0
251,recipe-model-top,30,30,5,1.0,0.16666666666666666,6.0,3.8333333333333335,255.35452805272047,115,98,267.47421775848284,257.4897622781682,-1.0086340598767265,34.12537919134536,1.0,0.0,1.0,0.0,1.0,1.0,1.0,0.8333333333333334,1.0,1.0,1.0,1.0,1.038327536235777,30,6.951684844225695,4.170126656044918,30,19.607465429714594,,0,,26.08253314078958,30,62.92858619868984,34.48858551008308,30,206.74134730400993,55.640752088612516,3,149.41851773532605,6.403282594495806,0.0,0.16666666666666666,0,0,0,0
251,recipe-visual-best,30,30,30,1.0,1.0,6.0,3.0,279.1711639769927,90,90,277.85153796375005,279.1711639769927,0.0007065237245171829,22.713256023771756,1.0,0.0,1.0,0.0,1.0,1.0,1.0,0.0,1.0,1.0,1.0,1.0,0.12093413000533776,30,0.3753311129628496,0.2933352583645226,30,1.1095524828328411,0.2933352583658274,30,1.1095524828322678,1.6571142064463538,30,5.438662732839766,3.7700876188221595,30,13.388917680149339,3.7700876187800922,30,13.388917680154062,-0.8224887915192198,0.0,0.0,0,0,0,0
252,earlier-selected,30,30,28,1.0,0.9333333333333333,5.9,2.966666666666667,260.15063015204896,82,82,260.15063015204896,260.15063015204896,0.0,22.82864829027387,1.0,0.0,1.0,0.0,0.9,0.9,1.0,0.06666666666666667,1.0,1.0,1.0,1.0,3.562522658422351,30,9.147932992479486,2.90952417699207,30,21.188008025593767,0.9238170581216739,18,3.6976625415384774,6.5875997533152155,30,273.70531773688936,9.984198514914791,30,258.2220690462184,8.23954310751059,27,191.21792098283296,0.02496593240840639,0.0,0.2666666666666667,0,0,0,0
252,recipe-model-top,30,30,30,1.0,1.0,5.9,2.9,262.15547806064563,80,79,260.32272628540375,261.23691427467907,-0.04105850680568324,22.82332249191082,1.0,0.0,1.0,0.0,0.9,0.9,1.0,0.0,1.0,1.0,1.0,1.0,6.729895702277304,30,8.449091910304803,18.755030178151976,30,21.869173010494507,0.5712774650142461,5,2.806735002053229,6.354603636084464,30,371.75247503730304,7.653026826655358,30,164.4581352617511,7.653026826630503,30,164.45813526174948,6.800950007925167,0.0,0.8333333333333334,0,0,0,0
252,recipe-visual-best,30,30,30,1.0,1.0,5.9,2.9,261.4119804550472,80,79,260.32272628540375,261.3779491537698,0.4955892300541507,22.820055103039884,1.0,0.0,1.0,0.0,0.9,0.9,1.0,0.0,1.0,1.0,1.0,1.0,2.2022579673017004,30,8.248108703772026,0.8984574715819383,30,3.4665747531455016,0.8984574715823612,30,3.4665747531454953,5.898195804710516,30,371.7113032208428,7.653026826655358,30,164.4581352617511,7.653026826612463,30,164.45813526175326,-17.759183521945488,0.0,0.0,0,0,0,0
253,earlier-selected,30,30,30,1.0,1.0,6.0,3.5,261.44067669202514,101,101,261.44067669202514,261.44067669202514,0.0,20.98132408709905,1.0,0.0,1.0,0.13333333333333333,1.0,1.0,1.0,0.36666666666666664,1.0,1.0,1.0,1.0,2.74572021906274,30,8.547545025805062,3.6330929890294197,30,19.106710711564276,3.535708785827808,28,13.155688270736839,57.194714435987336,30,119.51232175436729,119.69105302314145,30,323.3853160513658,119.6910530231466,30,323.3853160513678,1.2900465399761742,0.0,0.06666666666666665,0,0,0,0
253,recipe-model-top,30,30,30,1.0,1.0,6.0,3.1333333333333333,265.462125643753,90,90,267.55373587312533,265.462125643753,0.38196176146644234,20.94732886661316,1.0,0.0,1.0,0.13333333333333333,1.0,1.0,1.0,0.0,1.0,1.0,1.0,1.0,2.378785246841945,30,7.400715074864143,1.1329042887287344,30,16.543981955577493,1.1329042887288878,30,16.54398195557751,5.459405307202827,30,19.692052295055415,9.06828356112145,30,41.31156052402134,9.068283561067371,30,41.31156052402277,3.306647583107349,0.0,0.0,0,0,0,0
253,recipe-visual-best,30,30,30,1.0,1.0,6.0,3.1333333333333333,266.12812877413944,90,90,267.55373587312533,266.12812877413944,1.6045723582173252,20.94379391345327,1.0,0.0,1.0,0.13333333333333333,1.0,1.0,1.0,0.0,1.0,1.0,1.0,1.0,2.2767259455975974,30,7.470049117761397,1.1329042887287344,30,17.518680748856593,1.132904288728719,30,17.51868074885661,5.392152277047531,30,17.663631802953915,9.06828356112145,30,41.240794757943114,9.068283561103328,30,41.24079475795907,4.716148319092213,0.0,0.0,0,0,0,0
254,earlier-selected,30,30,30,1.0,1.0,6.0,3.2666666666666666,255.3729864763484,98,98,255.3729864763484,255.3729864763484,0.0,22.499109372156376,1.0,0.0,1.0,0.06666666666666667,1.0,1.0,1.0,0.2,1.0,1.0,1.0,1.0,1.7174939292999412,30,3.8792374218071846,3.0742461107845624,30,19.452405478592105,3.074246110784689,30,19.45240547859216,7.412786176209076,30,69.71492064861656,20.283785351213453,30,292.63202332213035,20.283785351213453,30,292.63202332212967,-6.067690215676748,0.0,0.0,0,0,0,0
254,recipe-model-top,30,30,30,1.0,1.0,6.0,3.1,257.77500132710463,93,92,257.75631336244555,258.3701823220448,0.30048301762479923,22.59094898999844,1.0,0.0,1.0,0.1,1.0,1.0,1.0,0.0,1.0,1.0,1.0,1.0,1.5646654051655249,30,2.7790994913388265,0.9282566328913562,30,18.735543936267362,0.928256632891757,30,18.735543936267376,5.541002501706792,30,114.04947214455697,8.788881284139887,30,536.3088240669371,8.788881284218084,30,536.3088240669365,-7.687124316648351,0.0,0.0,0,0,0,0
254,recipe-visual-best,30,30,30,1.0,1.0,6.0,3.033333333333333,260.2209983000256,91,91,258.3532733933573,260.2209983000256,1.8690474234577437,22.499964721132038,1.0,0.0,1.0,0.03333333333333333,1.0,1.0,1.0,0.0,1.0,1.0,1.0,1.0,1.4682429739277394,30,2.5295408055160014,0.7925548501780793,30,19.672728299776786,0.7925548501785546,30,19.67272829977679,5.087948891883913,30,11.753667226133086,7.491004986846258,30,23.24201130738266,7.491004986892452,30,23.242011307383883,-5.907130474113842,0.0,0.0,0,0,0,0
255,earlier-selected,30,30,30,1.0,1.0,6.0,3.033333333333333,260.7156777907005,91,91,260.7156777907005,260.7156777907005,0.0,22.884730543119094,1.0,0.0,1.0,0.0,1.0,1.0,1.0,0.03333333333333333,1.0,1.0,1.0,1.0,0.9902178570271593,30,1.8694503931431137,0.874782964843974,30,12.871157100592146,0.8747829648444279,30,12.871157100592152,2.9965004494693863,30,5.94190206019231,4.988404582585483,30,9.597696700833342,4.988404582682857,30,9.597696700836662,5.342691314352123,0.0,0.0,0,0,0,0
255,recipe-model-top,30,30,30,1.0,1.0,6.0,3.0,262.02537192357795,90,90,261.4921994436668,262.02537192357795,-0.04762374141277803,22.884357732103958,1.0,0.0,1.0,0.0,1.0,1.0,1.0,0.0,1.0,1.0,1.0,1.0,1.106074780637307,30,1.8670398246353699,0.6749341192378083,30,15.485123959416072,0.6749341192378083,30,15.485123959416114,2.398443992988984,30,4.749835277506388,4.852975167150996,30,9.351734949589126,4.852975167150996,30,9.351734949645403,4.250370596473317,0.0,0.0,0,0,0,0
255,recipe-visual-best,30,30,30,1.0,1.0,6.0,3.0,263.27864946603785,90,90,261.4921994436668,263.27864946603785,1.1138439588844449,22.877062013103362,1.0,0.0,1.0,0.0,1.0,1.0,1.0,0.0,1.0,1.0,1.0,1.0,1.066476509098027,30,1.8132818818280174,0.6749341192378083,30,1.4522136708663138,0.6749341192383478,30,1.4522136708661104,2.267323003803035,30,4.917875693868199,4.852975167150996,30,9.351734949589126,4.852975167150996,30,9.351734949557551,3.057651166012249,0.0,0.0,0,0,0,0
256,earlier-selected,30,30,29,1.0,0.9666666666666667,6.0,3.066666666666667,270.66936681676725,92,92,270.66936681676725,270.66936681676725,0.0,22.8710057138414,1.0,0.0,1.0,0.0,1.0,1.0,1.0,0.06666666666666667,1.0,1.0,1.0,1.0,0.714027108104998,30,5.364378888566741,0.26525852599919175,30,2.5195561757046288,0.26424581120599794,29,0.44731398723154586,2.9908149499343937,30,235.19409144660733,3.652255919376151,30,629.0206509375193,3.5804137876842725,28,8.46074131031205,9.95368902606674,0.0,-0.033333333333333326,0,0,0,0
256,recipe-model-top,30,30,28,1.0,0.9333333333333333,6.0,3.066666666666667,270.7415838729314,92,91,270.67629296869643,270.7824460100902,0.08410424324176802,22.858146652197725,1.0,0.0,1.0,0.0,1.0,1.0,1.0,0.06666666666666667,1.0,1.0,1.0,1.0,0.6353850963648728,30,4.620551472818292,0.18209707543891918,30,0.37381986458696276,0.1730489888908726,28,0.3401195240785646,2.3098153759639253,30,234.24954816798672,4.244497133363984,30,635.3018173239674,3.843003809912608,26,7.157997372754023,8.716211949353465,0.0,-0.06666666666666665,0,0,0,0
256,recipe-visual-best,30,30,30,1.0,1.0,6.0,3.0,272.8421864640279,90,90,270.8733615115016,272.8421864640279,1.392049242899276,22.84146391660841,1.0,0.0,1.0,0.0,1.0,1.0,1.0,0.0,1.0,1.0,1.0,1.0,0.6046495161663563,30,0.8500210619474503,0.17304898888877052,30,0.3329327191298822,0.1730489888908561,30,0.3329327191309758,2.2474180048144388,30,142.38324702368473,3.614483681709178,30,7.644621813809545,3.6144836818468233,30,7.644621813856635,9.56353699799007,0.0,0.0,0,0,0,0
257,earlier-selected,30,30,30,1.0,1.0,6.0,3.4,262.944234799299,102,102,262.944234799299,262.944234799299,0.0,24.60404893190855,1.0,0.0,1.0,0.3333333333333333,1.0,1.0,1.0,0.06666666666666667,1.0,1.0,1.0,1.0,11.090433622064667,30,18.72029133638954,1.1699733354550834,30,52.09879340063041,1.0105557774026215,29,52.44760452242453,33.77543348785205,30,234.34824175183311,14.53364818192452,30,508.12472618044166,14.533648181935849,30,508.1247261804417,-7.7251320174682405,0.0,0.033333333333333326,0,0,0,0
257,recipe-model-top,30,30,30,1.0,1.0,6.0,3.433333333333333,264.09018359633376,103,102,262.944234799299,264.1013922061183,0.25980690370201387,24.582362223878704,1.0,0.0,1.0,0.3333333333333333,1.0,1.0,1.0,0.1,1.0,1.0,1.0,1.0,10.283361541022932,30,20.62424501275152,1.2083404698990798,30,53.59710224054275,1.102099937058961,28,53.85160052100409,35.29344354246503,30,302.22137467372096,13.339014427055737,30,783.1830383193534,13.33901442708079,30,783.1830383193537,-6.651400276597656,0.0,0.06666666666666665,0,0,0,0
257,recipe-visual-best,30,30,30,1.0,1.0,6.0,3.1666666666666665,293.99460139785083,95,93,266.2178343056873,294.50049517294303,0.996135319518487,23.264481537841917,1.0,0.0,1.0,0.1,1.0,1.0,1.0,0.06666666666666667,1.0,1.0,1.0,1.0,6.685332865776135,30,12.669307178310309,0.8190728373746061,30,18.209360493884432,0.8190728373750503,30,18.209360493884457,30.317057534640547,30,207.04985163124002,10.236136783776608,30,509.4968689229142,10.236136783840571,30,509.4968689229143,21.15241493382291,0.0,0.0,0,0,0,0
258,earlier-selected,30,30,25,1.0,0.8333333333333334,6.0,3.6333333333333333,236.80264859248888,109,109,236.80264859248888,236.80264859248888,0.0,55.32472123676167,1.0,0.0,1.0,0.5666666666666667,1.0,1.0,1.0,0.06666666666666667,1.0,1.0,1.0,1.0,18.63413840617055,30,34.582592816043295,14.673302642654429,30,48.62742323402758,17.409880780697176,25,136.08796422518725,68.2783620883241,30,254.10151665203796,35.94572274273821,30,367.94141729346586,38.86525989009654,24,490.40598303214483,-26.141586206810132,0.0,-0.16666666666666663,0,0,0,0
258,recipe-model-top,30,30,25,1.0,0.8333333333333334,6.0,3.6333333333333333,236.28058573379084,109,109,236.80264859248888,236.28058573379084,0.11363740735657757,54.15076954765799,1.0,0.0,1.0,0.5666666666666667,1.0,1.0,1.0,0.06666666666666667,1.0,1.0,1.0,1.0,18.021534234621182,30,34.50176658536608,14.725814859953552,30,48.215725358303494,25.40448807557257,25,135.78847889238443,64.7021609499308,30,437.16587900569533,42.77224791540771,30,785.0482727603251,44.490490302338515,24,785.5791110594129,-27.809597862542915,0.0,-0.16666666666666663,0,0,0,0
258,recipe-visual-best,30,30,25,1.0,0.8333333333333334,6.0,3.5,240.5286830528651,105,105,238.05510204721867,240.5286830528651,0.07185393111244309,25.176844095003535,1.0,0.0,1.0,0.4666666666666667,1.0,1.0,1.0,0.03333333333333333,1.0,1.0,1.0,1.0,17.577971754672454,30,41.981598703999936,3.8494575055744837,30,19.696970542792247,6.244062379406646,25,176.00373475034803,49.37225403179309,30,219.07025973218825,31.20244528061051,30,384.13699310014954,25.8009550246107,24,524.4876407005235,-53.46591834498574,0.0,-0.16666666666666663,0,0,0,0
259,earlier-selected,30,30,5,1.0,0.16666666666666666,6.0,4.0,197.36529185273454,120,120,197.36529185273454,197.36529185273454,0.0,60.097855513844806,1.0,0.0,1.0,1.0,1.0,1.0,1.0,0.0,1.0,1.0,1.0,1.0,29.062204484311273,30,39.52980940339878,9.903857100549045,30,32.84694283387397,153.96692586478753,4,157.21074660554405,28.172412419506735,30,98.8706335342744,36.941331322812196,30,141.24655274175623,81.10818954464055,3,89.95842335667892,-39.437356739754335,0.0,-0.6666666666666667,0,0,0,0
259,recipe-model-top,30,30,4,1.0,0.13333333333333333,6.0,4.0,197.96476926389414,120,120,197.36529185273454,197.96476926389414,-0.11603710045856275,60.12478623698282,1.0,0.0,1.0,1.0,1.0,1.0,1.0,0.0,1.0,1.0,1.0,1.0,29.03782930557351,30,40.16910336958821,8.872327660353092,30,29.016518961694327,158.49965641026841,3,169.12090870677304,25.872444421097022,30,111.80229347238375,33.592077540620366,30,141.00739250057532,537.0405915269309,2,882.9506118411473,-38.3158164698967,0.0,-0.7000000000000001,0,0,0,0
259,recipe-visual-best,30,30,5,1.0,0.16666666666666666,6.0,4.0,197.38486635642627,120,120,197.36529185273454,197.38486635642627,-0.0493504294110636,60.090293866147405,1.0,0.0,1.0,1.0,1.0,1.0,1.0,0.0,1.0,1.0,1.0,1.0,30.020433794791984,30,40.190929826831756,7.077679864592018,30,27.47815884824469,153.83115259228856,4,157.26870694832618,23.306768798525084,30,101.32597705793658,34.28818370835047,30,146.36876220232173,87.70033571181142,3,94.0625671493831,-43.14381669643882,0.0,-0.6666666666666667,0,0,0,0
260,earlier-selected,30,30,14,1.0,0.4666666666666667,6.0,4.066666666666666,203.1786710909049,122,122,203.1786710909049,203.1786710909049,0.0,38.70245452585048,1.0,0.0,1.0,1.0,1.0,1.0,1.0,0.06666666666666667,1.0,1.0,1.0,1.0,26.864708487038804,30,42.411175847903095,37.27961445506904,30,69.06393984296916,110.93832948825833,5,114.73822973235403,68.59141000899263,30,1251.686549221059,60.676728642099135,30,1030.9541743325915,489.0310330436674,11,3836.967287221325,5.81337923817037,0.0,0.30000000000000004,0,0,0,0
260,recipe-model-top,30,30,14,1.0,0.4666666666666667,6.0,4.133333333333334,200.8007349377085,124,122,203.1786710909049,200.31093731764685,0.08846476436200135,38.82919234044597,1.0,0.0,1.0,1.0,1.0,1.0,1.0,0.13333333333333333,1.0,1.0,1.0,1.0,27.491211055281035,30,42.52314656208019,36.22278712312992,30,64.49554940977188,116.84798834562386,3,118.78391214565148,67.93462775163299,30,1051.3611032281376,62.55266191482281,30,1079.7178738746984,247.4108046095915,11,1509.5705099124057,2.8359656738143713,0.0,0.33333333333333337,0,0,0,0
260,recipe-visual-best,30,30,14,1.0,0.4666666666666667,6.0,4.133333333333334,200.91652553680524,124,122,203.1786710909049,200.06341098328656,0.0387708690604569,38.840377883093026,1.0,0.0,1.0,1.0,1.0,1.0,1.0,0.13333333333333333,1.0,1.0,1.0,1.0,27.121808479353902,30,42.6441363192689,36.31520670678553,30,67.40157416800128,105.84923497527286,5,122.69178249276123,81.03545145974968,30,1399.3429277617722,78.38392359321026,30,1192.5192235730824,611.6398192469446,10,4123.597818971154,3.5316591803789663,0.0,0.30000000000000004,0,0,0,0
261,earlier-selected,30,30,27,1.0,0.9,6.0,2.933333333333333,116.84337437497145,88,88,116.84337437497145,116.84337437497145,0.0,50.792728559605024,1.0,0.0,1.0,1.0,1.0,0.06666666666666667,1.0,0.43333333333333335,1.0,1.0,1.0,0.43333333333333335,19.54393122417311,30,60.987177636997664,68.26773260056675,30,73.05106446182143,33.37801978430452,13,105.19428110398546,56.74383405224347,30,628.9579656022369,37.569705031484936,30,299.99671362110917,34.25543001511389,24,303.92408613344827,-86.33529671593347,0.0,0.43333333333333335,0,0,0,0
261,recipe-model-top,30,30,28,1.0,0.9333333333333333,6.0,2.8666666666666667,115.38117632047175,86,85,115.32706666949,115.33093483802497,0.040848578239959465,48.59674815743122,1.0,0.0,1.0,1.0,1.0,0.03333333333333333,1.0,0.36666666666666664,1.0,1.0,1.0,0.4666666666666667,18.740284171491936,30,32.075745646346974,67.42016763980176,30,72.77290466740445,47.66508156240119,13,107.03848195910054,37.94762226144246,30,482.33442748563346,39.95549461762598,30,302.31521421618373,37.631000498693936,26,2821.7682563498483,-85.41955861723676,0.0,0.4666666666666667,0,0,0,0
261,recipe-visual-best,30,30,29,1.0,0.9666666666666667,6.0,2.8333333333333335,115.28293861497565,85,84,115.31887514090123,115.2731491389583,0.07448926918347709,47.55921514181806,1.0,0.0,1.0,1.0,1.0,0.03333333333333333,1.0,0.3333333333333333,1.0,1.0,1.0,0.4666666666666667,18.58425106874118,30,33.73201439215237,65.1080563117588,30,72.96997233597752,48.12658958027675,13,92.65018814811418,30.459363187167934,30,355.51386686223043,34.654936081002916,30,291.88382610062484,32.454793469000336,28,293.49779297394315,-85.63358692182959,0.0,0.5,0,0,0,0
262,earlier-selected,30,30,26,1.0,0.8666666666666667,6.0,3.0,108.73732106036033,90,90,108.73732106036033,108.73732106036033,0.0,46.37293952120934,1.0,0.0,1.0,1.0,1.0,0.3333333333333333,1.0,0.0,1.0,1.0,1.0,0.6666666666666666,18.985277861820407,30,49.55471714883982,17.156281992858602,30,38.467541095902874,22.896086213771838,24,148.30652524447578,49.04438515993873,30,579.2972465759944,38.47375542433292,30,458.24197011555816,32.314932379618156,23,648.4502484446575,-8.106053314611117,0.0,-0.033333333333333326,0,0,0,0
262,recipe-model-top,30,30,26,1.0,0.8666666666666667,6.0,3.066666666666667,108.00998055721477,92,90,108.73732106036033,108.00998055721477,0.3830374648020545,46.86197701497283,1.0,0.0,1.0,1.0,1.0,0.4,1.0,0.0,1.0,1.0,1.0,0.6666666666666666,17.28472902860288,30,35.08608917701932,12.535494484635887,30,38.00119276498855,14.349608354954498,24,141.35154375859693,57.0177607096735,30,456.6306459259881,43.54182918227576,30,400.1385441247301,35.32467973095829,23,670.9745933763442,-7.371195763256978,0.0,-0.06666666666666665,0,0,0,0
262,recipe-visual-best,30,30,26,1.0,0.8666666666666667,6.0,3.066666666666667,107.12809756161249,92,90,108.73732106036033,107.12809756161249,0.23094809865855126,46.45260256601869,1.0,0.0,1.0,1.0,1.0,0.4,1.0,0.0,1.0,1.0,1.0,0.6666666666666666,14.885542296444047,30,34.63196610300448,12.339157746914761,30,38.61035685829427,12.742777507378227,25,144.74127086982506,54.954284079505705,30,455.7301683195615,45.36062919425032,30,409.3423914512896,37.4012526061792,23,700.8050221481118,-8.154841053363157,0.0,-0.09999999999999998,0,0,0,0
263,earlier-selected,30,30,23,1.0,0.7666666666666667,6.0,4.166666666666667,193.38285785388496,105,105,193.38285785388496,193.38285785388496,0.0,98.96243056242992,1.0,0.0,1.0,1.0,1.0,0.9666666666666667,1.0,0.2,1.0,1.0,1.0,1.0,17.4191256991473,30,29.30341536399055,42.07766032218784,30,49.82161026705381,41.46536216023344,20,67.72738229134121,133.8898320422096,30,484.5123748171033,61.37079727847045,30,388.5986017025694,73.47396313830617,20,1044.7319472290092,84.64553679352463,0.0,-0.09999999999999998,0,0,0,0
263,recipe-model-top,30,30,23,1.0,0.7666666666666667,6.0,4.833333333333333,157.24302250113917,135,105,193.38285785388496,177.5392652971034,-10.700524944246467,130.5850977724837,1.0,0.0,1.0,1.0,1.0,0.9666666666666667,1.0,0.8666666666666667,1.0,1.0,1.0,1.0,36.06158427122397,30,153.1564476410275,39.186153603104344,30,48.62583682174802,44.8085106469525,20,148.63361686553384,472.4909521092587,30,4347.629585308551,112.9673889004147,30,798.3300370981766,467.3351867117439,20,5273.1615669698895,49.23304194392439,0.0,-0.09999999999999998,0,0,0,0
263,recipe-visual-best,30,30,22,1.0,0.7333333333333333,6.0,4.0,197.56464615663438,98,98,194.10017206885195,197.56464615663438,0.18360169281670835,98.71130860859463,1.0,0.0,1.0,1.0,1.0,0.9666666666666667,1.0,0.03333333333333333,1.0,1.0,1.0,1.0,18.28644271175714,30,30.68900961504715,43.10237708235681,30,52.57967829137893,43.556742729347626,19,114.17157201686645,152.89805825013084,30,521.4635179583398,66.48442775076299,30,484.3108530640637,74.31901735150542,19,4817.651948090699,90.43654859502189,0.0,-0.13333333333333341,0,0,0,0
264,earlier-selected,30,30,21,1.0,0.7,6.0,4.366666666666666,151.79132933753272,131,131,151.79132933753272,151.79132933753272,0.0,32.85311113113622,1.0,0.0,1.0,1.0,1.0,1.0,1.0,0.36666666666666664,1.0,1.0,1.0,1.0,18.28053824444715,30,37.63774130089714,37.872516588550226,30,47.331442750250545,40.912978129038315,16,48.90005303295614,73.35322043522059,30,265.06836671920814,35.64268032109261,30,133.34514066170203,46.222613138279996,16,153.83953009891297,-41.59152851635224,0.0,-0.06666666666666676,0,0,0,0
264,recipe-model-top,30,30,21,1.0,0.7,6.0,4.433333333333334,157.673611194067,130,127,136.51007710713282,172.28295034065187,-0.12379357747198583,33.355087546933184,1.0,0.0,1.0,1.0,1.0,1.0,1.0,0.43333333333333335,1.0,1.0,1.0,1.0,47.69658898503833,30,160.68130705353113,32.48973782036684,30,47.12228639875661,44.79420920078712,18,148.960563246433,71.66023624501116,30,307.75081226057546,36.40286534669454,30,107.06856065938669,30.63689429149214,18,107.00824037709361,0.4305886929278415,0.0,-0.06666666666666676,0,0,0,0
264,recipe-visual-best,30,30,24,1.0,0.8,6.0,4.333333333333333,133.41213708928353,130,130,159.754788624319,133.41213708928353,-0.016392258152841066,32.85545655879978,1.0,0.0,1.0,1.0,1.0,1.0,1.0,0.3333333333333333,1.0,1.0,1.0,1.0,17.734843796951758,30,37.298169114406356,37.92201277404138,30,49.40505614776703,43.039306707836616,20,62.79987222396222,64.81715859902236,30,332.0544102275108,32.710358500900256,30,168.9691362773633,32.7103585009053,20,172.35999787358364,-64.15250906735085,0.0,0.06666666666666676,0,0,0,0
265,earlier-selected,30,30,26,1.0,0.8666666666666667,6.0,4.033333333333333,150.87828857704568,121,121,150.87828857704568,150.87828857704568,0.0,31.282311995317052,1.0,0.0,1.0,1.0,1.0,1.0,1.0,0.03333333333333333,1.0,1.0,1.0,1.0,8.127430465985928,30,19.2261583418068,4.800660458708721,30,15.650358070301392,4.052615245611371,18,12.211191833443975,81.23218897649232,30,395.1183075791489,56.47616111662933,30,235.65265120669457,51.146253802923674,24,130.07846409042435,-0.9130407604870356,0.0,0.16666666666666674,0,0,0,0
265,recipe-model-top,30,30,0,1.0,0.0,6.0,4.0,174.71127930661825,111,111,115.6657510987882,174.71127930661825,-9.25064672302588,92.8272909419085,1.0,0.0,1.0,1.0,1.0,1.0,1.0,0.0,1.0,1.0,1.0,1.0,34.0749814255295,30,39.60072890148212,35.96809156085436,30,40.15986601992782,,0,,62.30332158616746,30,230.36664809833903,24.697170572273674,30,84.96193858018677,,0,,17.037668112551245,0.0,-0.7,0,0,0,0
265,recipe-visual-best,30,30,22,1.0,0.7333333333333333,6.0,3.7333333333333334,133.10221557901616,112,112,133.02558854520277,133.10221557901616,0.2490062788822982,30.18762292941308,1.0,0.0,1.0,0.7333333333333333,1.0,1.0,1.0,0.0,1.0,1.0,1.0,1.0,10.913707809908729,30,45.661048408316326,5.750805277754854,30,31.685074278330426,3.9921694129154996,18,6.972986411448424,60.60072426987634,30,212.85434784790786,44.72686789618848,30,119.31811815324195,54.93530138309754,22,116.22806604196907,-0.30992151026737247,0.0,-0.06666666666666676,0,0,0,0
266,earlier-selected,29,29,16,1.0,0.5517241379310345,6.0,3.586206896551724,149.0439858976211,90,90,149.0439858976211,149.0439858976211,0.0,65.15375291175829,1.0,0.0,1.0,0.5517241379310345,1.0,1.0,1.0,0.034482758620689655,1.0,1.0,1.0,1.0,14.908890563793591,29,19.85435055310882,6.576071647931832,29,41.33574639049133,3.9152846082628576,16,6.16208504222198,39.45097946491094,29,809.6036154271255,18.281409728942243,29,1048.0309162408726,54.008195335741775,15,796.9776758388798,-1.8343026794245816,0.0,-0.3149425287356322,0,0,0,0
266,recipe-model-top,29,29,1,1.0,0.034482758620689655,6.0,4.413793103448276,212.5276601572979,127,88,138.7675248574389,216.11367704204392,66.79882466219482,76.02386592824296,1.0,0.0,1.0,1.0,1.0,1.0,1.0,0.41379310344827586,1.0,1.0,1.0,1.0,9.450596472145655,29,17.919146976726775,3.0422286483287517,29,14.062986919503551,,0,,107.48114640961263,29,819.1618603940072,53.55101174758568,29,177.81462461976798,,0,,37.81638085067965,0.0,0.034482758620689655,0,0,0,0
266,recipe-visual-best,29,29,22,1.0,0.7586206896551724,6.0,4.137931034482759,115.50983141012918,120,86,138.51026426922593,111.42925172343823,0.5392070907078121,28.407872777911418,1.0,0.0,1.0,0.896551724137931,1.0,1.0,1.0,0.2413793103448276,1.0,1.0,1.0,1.0,14.375719996960465,29,44.46312786168546,10.050183518736501,29,31.258746080696618,4.754846498674641,19,10.58557705632209,117.48799211248866,29,288.56390427212153,46.74986722639471,29,185.02773714982263,47.7289258610612,20,162.5425008133658,-17.59238416888698,0.0,0.025287356321839094,0,0,0,0
267,earlier-selected,30,30,0,1.0,0.0,6.0,3.0,161.37006156516105,74,74,161.37006156516105,161.37006156516105,0.0,167.58313044143966,1.0,0.0,1.0,0.0,1.0,1.0,1.0,0.0,1.0,1.0,1.0,1.0,29.795553109377202,30,31.959786111686306,27.601336623439785,30,37.19930793039472,,0,,16.502565662444212,30,661.7463209074788,5.460882730980591,30,85.00139779587938,,0,,12.326075667539953,0.0,-0.5517241379310345,0,0,0,0
267,recipe-model-top,30,30,0,1.0,0.0,6.0,5.0,137.95808574129103,148,72,160.57067602925514,157.14613598926545,-104.35525345928647,60.987656540877936,1.0,0.0,1.0,1.0,1.0,1.0,1.0,1.0,1.0,1.0,1.0,1.0,15.215710462647099,30,21.630149352731422,14.164251431979189,30,15.087634183808676,,0,,61.10936352264854,30,144.4026736866143,23.682586309840907,30,44.998535209939114,,0,,-74.56957441600687,0.0,-0.034482758620689655,0,0,0,0
267,recipe-visual-best,30,30,0,1.0,0.0,6.0,4.1,122.10896739190868,96,60,156.04990188871022,124.21448168841997,-14.628930573367668,83.96548693719697,1.0,0.0,1.0,0.1,1.0,1.0,1.0,1.0,1.0,1.0,1.0,1.0,29.79789233515427,30,33.006478649432836,42.6395277636146,30,46.19067514139845,,0,,12.784796614117361,30,214.4771942347672,7.342542137495673,30,19.217386776727807,,0,,6.599135981779497,0.0,-0.7586206896551724,0,0,0,0
268,earlier-selected,30,30,19,1.0,0.6333333333333333,6.0,3.0,163.2034676929709,90,90,163.2034676929709,163.2034676929709,0.0,96.40080521336496,1.0,0.0,1.0,0.0,1.0,1.0,1.0,0.0,1.0,1.0,1.0,1.0,14.017206138406955,30,31.038616412009144,0.8055929664560302,30,4.06772086468285,,0,,12.406892265541604,30,30.213992432953702,4.693761481593353,30,10.691909138572791,6.086844447615686,16,11.273042507933384,1.8334061278098375,0.0,0.6333333333333333,0,0,0,0
268,recipe-model-top,30,30,9,1.0,0.3,6.0,5.0,137.5486454371017,148,88,163.2034676929709,164.1915503490078,-134.4064724480022,59.53719174770406,1.0,0.0,1.0,1.0,1.0,1.0,1.0,1.0,1.0,1.0,1.0,1.0,2.526435241441093,30,4.630092313188397,0.8441361165159884,30,1.4963807731108145,,0,,43.864358835534205,30,122.9816784011055,12.91403840397668,30,26.59788381635888,13.844530115486137,6,27.28167786863898,-0.4094403041893315,0.0,0.3,0,0,0,0
268,recipe-visual-best,30,30,14,1.0,0.4666666666666667,6.0,4.0,123.20942031778938,90,60,161.67624993873773,136.7737235447425,-22.30112801182787,84.1457670115222,1.0,0.0,1.0,0.0,1.0,1.0,1.0,1.0,1.0,1.0,1.0,1.0,0.7898669360611512,30,2.9230089680474762,0.24636256538400547,30,2.93533104538165,,0,,12.61191950351061,30,36.47121331022421,5.580807536358788,30,9.217550861230922,5.686319809792181,9,13.263218862848607,1.1004529258807025,0.0,0.4666666666666667,0,0,0,0
269,earlier-selected,30,30,22,1.0,0.7333333333333333,6.0,3.966666666666667,358.585725792042,102,102,358.585725792042,358.585725792042,0.0,50.68025550153624,1.0,0.0,1.0,0.8666666666666667,1.0,1.0,1.0,0.1,1.0,1.0,1.0,1.0,38.682566442703866,30,43.17581375502879,35.431465423055016,30,46.63916461905516,134.19290640775617,14,142.9640148439014,55.65453620457117,30,400.2380313430204,68.36390819723188,30,274.7499508162005,35.4645660244386,18,228.112266640792,195.38225809907112,0.0,0.09999999999999998,0,0,0,0
269,recipe-model-top,30,30,25,1.0,0.8333333333333334,6.0,4.533333333333333,283.99465464853915,118,98,358.585725792042,319.62652217930747,-6.596083651042704,56.4214789550177,1.0,0.0,1.0,1.0,1.0,1.0,1.0,0.5333333333333333,1.0,1.0,1.0,1.0,10.89923004281858,30,17.344321180983517,27.90326758086148,30,39.51300901639158,143.32492931041608,7,178.99433420997752,130.59739114383586,30,534.7836397823233,139.95058570118047,30,452.3912356870503,131.89541237010917,22,414.2039844573317,146.44600921143746,0.0,0.5333333333333334,0,0,0,0
269,recipe-visual-best,30,30,20,1.0,0.6666666666666666,6.0,3.3666666666666667,148.44577525402423,73,64,324.43955267211754,149.6696117062083,-23.591554261808625,100.47233573564195,1.0,0.0,1.0,0.1,1.0,1.0,1.0,0.26666666666666666,1.0,1.0,1.0,1.0,7.7536934243469915,30,26.941225679385884,5.064659413356191,30,11.457728716200322,140.8604656661597,9,173.75373196558536,73.17712946792683,30,714.9874486615195,32.7288622880037,30,1039.6518808219087,47.90251815798405,16,1511.7934826410572,25.236354936234846,0.0,0.19999999999999996,0,0,0,0
270,earlier-selected,30,30,19,1.0,0.6333333333333333,6.0,4.066666666666666,411.0883466464272,108,108,411.0883466464272,411.0883466464272,0.0,39.80989942461364,1.0,0.0,1.0,1.0,1.0,1.0,1.0,0.06666666666666667,1.0,1.0,1.0,1.0,21.361484320755615,30,39.88243952199486,22.679645157258683,30,47.96846230565661,137.2896386607655,15,175.82308278074234,20.06328131231534,30,80.91383995236626,38.40728394474729,30,122.69688648009672,29.531709592013637,15,94.86118364586896,52.50262085438521,0.0,-0.09999999999999998,0,0,0,0
270,recipe-model-top,30,30,9,1.0,0.3,6.0,4.6,291.74679757786475,110,94,355.0003671551916,303.9854450525279,1.2489299094656872,57.20964235677856,1.0,0.0,1.0,1.0,1.0,1.0,1.0,0.6,1.0,1.0,1.0,1.0,11.697144424157734,30,23.544114810817657,20.904757665694852,30,41.30912062824689,136.58795505955212,6,144.79179544411298,19.467250830166805,30,153.51956815303,26.669281273553622,30,256.96388600302316,20.004832796302672,8,81.6054202751332,7.752142929325601,0.0,-0.5333333333333334,0,0,0,0
270,recipe-visual-best,30,30,14,1.0,0.4666666666666667,5.566666666666666,3.8666666666666667,237.06136136953896,91,72,391.4306870537415,273.99637419635974,-23.26461047825586,97.68675920690606,1.0,0.0,0.5666666666666667,0.3,1.0,1.0,1.0,0.5666666666666667,1.0,1.0,1.0,1.0,22.34914182750203,30,39.998582997580534,13.220813305895556,30,42.7668427386301,148.66010980892932,8,169.61048939683096,119.67940319890656,30,939.4808502036029,29.007460628140066,30,1410.5508449323524,29.607736727418594,8,738.639137037893,88.61558611551473,0.0,-0.19999999999999996,0,0,0,0
271,earlier-selected,30,30,10,1.0,0.3333333333333333,6.0,4.0,456.44802578267655,120,120,456.44802578267655,456.44802578267655,0.0,42.323920349630654,1.0,0.0,1.0,1.0,1.0,1.0,1.0,0.0,1.0,1.0,1.0,1.0,8.08493742469429,30,13.94450145820164,3.047609682114654,30,11.24478748592768,177.88180574020228,7,178.16326466561918,7.822616246237741,30,29.817982337535042,12.075859643004435,30,37.90017892556312,15.897124673925298,6,50.75790031027806,45.359679136249326,0.0,-0.3,0,0,0,0
271,recipe-model-top,30,30,9,1.0,0.3,6.0,5.0,266.41834497429824,120,90,442.0703290034359,276.8877607390588,40.39840021936823,70.1459253761342,1.0,0.0,1.0,1.0,1.0,1.0,1.0,1.0,1.0,1.0,1.0,1.0,6.817445846817842,30,13.586895993800319,5.390199910050265,30,8.353949076903657,171.5996066065193,1,171.5996066065193,10.6738479648353,30,27.61057712699931,8.130726616090431,30,20.02970447581399,13.237395296583236,3,17.28295763839495,-25.328452603566518,0.0,0.0,0,0,0,0
271,recipe-visual-best,30,30,19,1.0,0.6333333333333333,5.7,4.633333333333334,264.4759207495678,113,83,448.1343519662495,274.27632488731655,44.21454444559788,76.92250059213373,1.0,0.0,0.7,0.6333333333333333,1.0,1.0,1.0,1.0,1.0,1.0,1.0,1.0,15.262375120123245,30,26.758001704430907,19.36346666065983,30,75.25737795146195,25.952425053437043,7,157.9923616700143,39.11121859698345,30,479.8290824096767,17.302718543065282,30,1024.1327240083529,14.818402739224798,14,4773.844667839995,27.414559380028862,0.0,0.16666666666666663,0,0,0,0
272,earlier-selected,30,30,17,1.0,0.5666666666666667,6.0,3.966666666666667,393.118694137559,119,119,393.118694137559,393.118694137559,0.0,41.65383760641565,1.0,0.0,1.0,1.0,1.0,0.9666666666666667,1.0,0.0,1.0,1.0,1.0,1.0,3.6172808128920098,30,5.810789305316186,12.331479006451445,30,18.938062829001222,165.28589985339784,6,172.17181949322486,27.275173833849202,30,172.0292917286904,79.73393259402849,30,580.0838726233817,80.0415847519614,11,1270.5484670020496,-63.32933164511758,0.0,0.23333333333333334,0,0,0,0
272,recipe-model-top,30,30,14,1.0,0.4666666666666667,6.0,4.566666666666666,300.8366602280914,122,104,376.07579917720386,359.25262162447154,4.527680714220537,45.02998401546623,1.0,0.0,1.0,1.0,1.0,1.0,1.0,0.5666666666666667,1.0,1.0,1.0,1.0,10.036761504440014,30,11.606920032417785,7.308713365896449,30,21.361957382604153,172.23108492314526,6,175.1946199891368,40.3581277719316,30,155.3887622522639,53.369265195994195,30,318.5374160764299,59.21755049470238,10,301.61858767042963,34.41831525379314,0.0,0.16666666666666669,0,0,0,0
272,recipe-visual-best,30,30,17,1.0,0.5666666666666667,5.966666666666667,4.1,217.50757615885607,111,97,384.59442811580266,257.72121733432823,-113.07358994702939,47.43115489068873,1.0,0.0,0.9666666666666667,0.6666666666666666,1.0,1.0,1.0,0.43333333333333335,1.0,1.0,1.0,1.0,15.387722922698803,30,26.839155513631226,28.145081932286942,30,63.23022832432334,80.17884988043603,12,136.94800331001557,198.35817013992136,30,820.3242207136227,209.72677433806004,30,1701.7410057487405,34.28901766075591,11,159.42285782670248,-46.96834459071175,0.0,-0.06666666666666665,0,0,0,0
273,earlier-selected,30,30,26,1.0,0.8666666666666667,6.0,4.0,329.15878061967095,120,120,329.15878061967095,329.15878061967095,0.0,30.934574817546924,1.0,0.0,1.0,1.0,1.0,1.0,1.0,0.0,1.0,1.0,1.0,1.0,5.188125157280108,30,8.245538030792464,13.652442048855487,30,32.8295532672464,159.64438806143755,13,176.6561613923469,37.147467811716204,30,108.86943065436222,182.43884122444882,30,615.2943918579138,198.4984071447849,22,658.0738720623616,-63.959913517888026,0.0,0.30000000000000004,0,0,0,0
273,recipe-model-top,30,30,25,1.0,0.8333333333333334,6.0,4.0,326.8138479670987,120,120,329.15878061967095,326.8138479670987,2.0105885754970245,30.965275054303063,1.0,0.0,1.0,1.0,1.0,1.0,1.0,0.0,1.0,1.0,1.0,1.0,9.164714823751869,30,11.787267919409318,17.37562230658743,30,27.220329153194676,158.74528490727806,10,176.17842362424008,24.632996930813643,30,58.297179633546584,106.75411407578196,30,294.0633416275431,112.97248763940556,23,381.6743542825024,25.97718773900732,0.0,0.3666666666666667,0,0,0,0
273,recipe-visual-best,30,30,28,1.0,0.9333333333333333,6.0,4.0,128.02586932107053,120,120,329.15878061967095,128.02586932107053,-127.85823168903852,42.44260980888941,1.0,0.0,1.0,1.0,1.0,1.0,1.0,0.0,1.0,1.0,1.0,1.0,16.099232879128678,30,25.98055633084064,29.86593322140255,30,66.95749254075038,15.163171142729825,15,137.9240717420434,34.507017761750134,30,117.93942835657043,26.99328664290357,30,87.7026405664927,29.142744708273625,26,92.18479693987217,-89.48170683778554,0.0,0.3666666666666667,0,0,0,0
274,earlier-selected,30,30,30,1.0,1.0,6.0,4.0,300.96348932510574,120,120,300.96348932510574,300.96348932510574,0.0,29.839040338229392,1.0,0.0,1.0,1.0,1.0,1.0,1.0,0.0,1.0,1.0,1.0,1.0,5.122323571655597,30,7.278196100029565,12.287342474536851,30,27.670603749029663,28.779779343755507,26,171.6909530980322,28.788989685996803,30,107.00129674295678,162.531462677673,30,542.291050232743,162.531462677673,30,542.291050232744,-28.19529129456521,0.0,0.1333333333333333,0,0,0,0
274,recipe-model-top,30,30,30,1.0,1.0,6.0,4.0,297.49498668464156,120,120,300.96348932510574,297.49498668464156,-5.920130652819239,43.14611705428334,1.0,0.0,1.0,1.0,1.0,1.0,1.0,0.0,1.0,1.0,1.0,1.0,5.794725914064597,30,7.653131067596486,10.762287022708723,30,18.191272683149066,169.0647338234667,25,177.38772743043438,49.8430826706892,30,120.57396098734489,234.1784984262486,30,716.2606568049267,234.17849842625,30,716.2606568049267,-29.318861282457135,0.0,0.16666666666666663,0,0,0,0
274,recipe-visual-best,30,30,30,1.0,1.0,6.0,4.0,269.82768595628363,120,120,300.96348932510574,269.82768595628363,-135.5280578203649,70.64088736187804,1.0,0.0,1.0,1.0,1.0,1.0,1.0,0.0,1.0,1.0,1.0,1.0,12.043155395843318,30,17.84375545112944,2.941443745205874,30,5.597138873790549,3.2260103588885274,28,175.8781764085168,29.548080045694828,30,147.35122704879677,23.111522711040976,30,60.545432078867485,27.671403740608852,30,5299.072972573221,141.8018166352131,0.0,0.06666666666666665,0,0,0,0
275,earlier-selected,30,30,28,1.0,0.9333333333333333,6.0,4.0,307.7363677698081,120,120,307.7363677698081,307.7363677698081,0.0,30.424305917081163,1.0,0.0,1.0,1.0,1.0,1.0,1.0,0.0,1.0,1.0,1.0,1.0,2.336166152760898,30,3.6241097941651716,8.806414190441068,30,23.060602439353094,8.519361838272717,28,20.49151008535085,23.05897843985869,30,198.08972505361547,127.16426793838103,30,559.8851661316905,119.57596960016897,27,455.7848869767172,6.772878444702371,0.0,-0.06666666666666665,0,0,0,0
275,recipe-model-top,30,30,30,1.0,1.0,6.0,4.0,300.98359990077455,120,120,307.7363677698081,300.98359990077455,-0.7121850024409184,44.37504936363209,1.0,0.0,1.0,1.0,1.0,1.0,1.0,0.0,1.0,1.0,1.0,1.0,3.848496899734636,30,6.572418696577105,10.878687274022688,30,35.26348228808851,20.623629080409785,30,169.18383879683577,75.70740292018125,30,126.8259688288407,325.09019124496393,30,548.987557716662,374.215894574805,30,4884.125887945297,3.4886132161329897,0.0,0.0,0,0,0,0
275,recipe-visual-best,30,30,30,1.0,1.0,6.0,4.0,241.63149917821323,120,120,307.7363677698081,241.63149917821323,-92.6296339547194,70.58652306575422,1.0,0.0,1.0,1.0,1.0,1.0,1.0,0.0,1.0,1.0,1.0,1.0,6.731292310144897,30,9.740561078945575,4.176479013082506,30,8.41414610682604,171.55669113328315,30,178.6150917750705,17.16463096650091,30,37.46083446993797,12.354198508170555,30,28.36080482978149,13.498722342151293,30,54.806280392603,-28.1961867780704,0.0,0.0,0,0,0,0
276,earlier-selected,30,30,17,1.0,0.5666666666666667,6.0,4.3,282.16453917228137,116,116,282.16453917228137,282.16453917228137,0.0,30.29016482944816,1.0,0.0,1.0,1.0,1.0,1.0,1.0,0.3,1.0,1.0,1.0,1.0,5.941155628134267,30,12.369825179765147,21.70530062589901,30,40.33696125129235,17.226526486835116,17,29.595170193258056,45.76378903410165,30,129.2604067776481,130.23726672965697,30,703.8305549448121,186.7152808804821,12,638.5157502982183,-25.571828597526746,0.0,-0.3666666666666667,0,0,0,0
276,recipe-model-top,30,30,24,1.0,0.8,6.0,4.3,277.6352125282143,116,116,282.16453917228137,277.6352125282143,-1.1171857537033674,42.05460087511622,1.0,0.0,1.0,1.0,1.0,1.0,1.0,0.3,1.0,1.0,1.0,1.0,3.6146671064930507,30,6.665521883327206,20.13755414726959,30,31.84924719105123,34.55895096684036,24,160.62664769587406,51.31393168224534,30,154.88025759833425,129.4634473301673,30,513.5657083482478,149.0796079189434,22,613.9659214253044,-23.34838737256024,0.0,-0.19999999999999996,0,0,0,0
276,recipe-visual-best,30,30,29,1.0,0.9666666666666667,6.0,3.7333333333333334,214.33077564694608,95,95,280.61038301616827,214.33077564694608,-80.12200094513844,100.73842356527035,1.0,0.0,1.0,0.43333333333333335,1.0,1.0,1.0,0.3,1.0,1.0,1.0,1.0,23.68273456381478,30,59.93428724365487,11.912026174850292,30,27.487706212790346,166.65389948638216,29,176.10954078356403,48.60046485154802,30,628.2898035738374,14.794279968494067,30,229.6094780511086,13.02122001221834,28,245.4250636625574,-27.300723531267153,0.0,-0.033333333333333326,0,0,0,0
277,earlier-selected,30,30,30,1.0,1.0,6.0,5.0,310.3981433237998,150,150,310.3981433237998,310.3981433237998,0.0,40.920034391224576,1.0,0.0,1.0,1.0,1.0,1.0,1.0,1.0,1.0,1.0,1.0,1.0,10.825660921462777,30,12.876237327028747,33.00302922222532,30,47.059223809341134,147.04082829593375,17,160.04984030184679,53.06642145501553,30,192.17128409771422,38.079458602620676,30,119.26697188601217,44.46587049192823,30,125.340633995396,28.23360415151842,0.0,0.43333333333333335,0,0,0,0
277,recipe-model-top,30,30,30,1.0,1.0,6.0,5.0,311.1159399399554,150,150,310.3981433237998,311.1159399399554,-0.013452179847917023,40.641530418056405,1.0,0.0,1.0,1.0,1.0,1.0,1.0,1.0,1.0,1.0,1.0,1.0,7.709134954528125,30,11.730069894563213,35.64394846453985,30,50.9291537271436,45.64450584745906,24,153.41196270155422,9.801060413241153,30,18.281794665282742,40.960116064023794,30,101.78614465697076,49.81854416524267,30,107.16977486272386,33.4807274117411,0.0,0.19999999999999996,0,0,0,0
277,recipe-visual-best,30,30,19,1.0,0.6333333333333333,6.0,4.633333333333334,237.16793582585404,131,131,308.01738541751865,237.16793582585404,-50.009415960022096,50.1950395232741,1.0,0.0,1.0,0.6333333333333333,1.0,1.0,1.0,1.0,1.0,1.0,1.0,1.0,24.63202245682976,30,65.53833223407948,43.78785031607063,30,58.786281988669955,56.85608690854042,18,168.16420161709473,93.88595273260275,30,1211.0654642948562,157.9280998145502,30,1674.743179915319,122.0762830045449,13,4826.638320842115,22.837160178907965,0.0,-0.33333333333333337,0,0,0,0
278,earlier-selected,30,30,30,1.0,1.0,6.0,5.0,315.9356173841311,150,150,315.9356173841311,315.9356173841311,0.0,40.19019638778806,1.0,0.0,1.0,1.0,1.0,1.0,1.0,1.0,1.0,1.0,1.0,1.0,5.819352701602595,30,10.531975124091199,13.297425466416488,30,18.894284505166596,13.297425466416517,30,18.894284505166617,260.9695511293329,30,336.5404456663121,25.395314701819693,30,82.15040405081692,25.395314701826624,30,82.15040405082453,5.537474060331306,0.0,0.0,0,0,0,0
278,recipe-model-top,30,30,30,1.0,1.0,6.0,5.0,322.4805930929173,150,150,315.9356173841311,322.4805930929173,-0.2913330366297373,39.256935362857504,1.0,0.0,1.0,1.0,1.0,1.0,1.0,1.0,1.0,1.0,1.0,1.0,2.489681770593912,30,9.577213014614955,13.639944507675999,30,19.641456423706455,13.639944507676013,30,19.641456423706455,12.349259173229383,30,311.03299891317266,39.160920297631144,30,74.5699426456764,39.16092029765223,30,74.56994264568478,11.364653152961864,0.0,0.0,0,0,0,0
278,recipe-visual-best,30,30,14,1.0,0.4666666666666667,6.0,4.266666666666667,176.09014101220396,106,106,308.1286965881751,176.09014101220396,-108.40841021098191,137.80216691686127,1.0,0.0,1.0,0.26666666666666666,1.0,1.0,1.0,1.0,1.0,1.0,1.0,1.0,23.78056617135196,30,54.27484651765324,50.68719558341069,30,67.57128896541985,127.4624557147479,8,167.69698737646084,77.68561072821619,30,1559.0063094509774,26.142649871395903,30,1656.0239826221534,1337.814324211119,9,2540.350777176397,-61.07779481365009,0.0,-0.16666666666666663,0,0,0,0
279,earlier-selected,30,30,23,1.0,0.7666666666666667,6.0,5.0,303.3818701685327,150,150,303.3818701685327,303.3818701685327,0.0,40.58937844474086,1.0,0.0,1.0,1.0,1.0,1.0,1.0,1.0,1.0,1.0,1.0,1.0,5.408057842305932,30,43.14987818645356,17.81587914213094,30,24.4589340781714,15.91133979383957,23,155.7703360885956,60.47895424027374,30,1728.4705955203933,64.08860973274797,30,166.89105557879395,58.86845904605425,22,179.14018288535993,-12.553747215598378,0.0,-0.23333333333333328,0,0,0,0
279,recipe-model-top,30,30,19,1.0,0.6333333333333333,6.0,5.0,303.5279185855693,150,150,303.3818701685327,303.5279185855693,-0.06279672735183794,40.403402712154815,1.0,0.0,1.0,1.0,1.0,1.0,1.0,1.0,1.0,1.0,1.0,1.0,4.854011907009996,30,7.4027229882777466,17.954186212889795,30,24.015889089405125,12.894268007224444,19,47.47165581963672,21.205882207982008,30,48.22277804578717,53.667772744880246,30,140.38119368351752,86.31176955261579,16,152.31388527872573,-18.95267450734798,0.0,-0.3666666666666667,0,0,0,0
279,recipe-visual-best,30,30,23,1.0,0.7666666666666667,6.0,4.4,154.1855463690348,116,116,286.3307787633366,154.1855463690348,-129.51965120305783,143.8742005651688,1.0,0.0,1.0,0.4,1.0,1.0,1.0,1.0,1.0,1.0,1.0,1.0,24.583141300564314,30,55.4148950084471,11.485357554627452,30,52.81279027957396,138.3960258434456,10,172.13934961401011,96.53680004060945,30,1859.9755959774643,31.128109207398985,30,1267.1406618904216,31.539252544621093,18,1229.032833477418,-21.904594643169162,0.0,0.30000000000000004,0,0,0,0
280,earlier-selected,30,30,27,1.0,0.9,6.0,3.933333333333333,418.3451190433817,105,105,418.3451190433817,418.3451190433817,0.0,87.46284074270443,1.0,0.0,1.0,1.0,1.0,0.9,1.0,0.03333333333333333,1.0,1.0,1.0,1.0,40.63846525421779,30,69.89191597234627,33.16325386517559,30,59.80868205190757,32.593120486248026,21,126.03243329547954,216.09460981740511,30,1461.3164331668515,207.579835922323,30,369.96582732839335,207.5798359223262,26,2675.285525927394,114.963248874849,0.0,0.1333333333333333,0,0,0,0
280,recipe-model-top,30,30,25,1.0,0.8333333333333334,6.0,3.933333333333333,418.37896793708956,105,104,418.79839972749545,418.70203794899834,0.1276893116249198,92.5295040475299,1.0,0.0,1.0,1.0,1.0,0.9,1.0,0.03333333333333333,1.0,1.0,1.0,1.0,36.80213521304808,30,68.61918554141774,34.193647428555536,30,57.98733514448322,30.98849342562907,17,122.88961973113001,217.28178082275687,30,1554.9043800816883,196.17392661267212,30,400.73689039947425,191.61010296920142,23,393.3615055686853,114.85104935152026,0.0,0.20000000000000007,0,0,0,0
280,recipe-visual-best,30,30,24,1.0,0.8,6.0,3.566666666666667,388.53864780942916,88,87,368.4383585443209,395.0072627617378,0.04963336016999165,104.0755157878846,1.0,0.0,1.0,0.6333333333333333,1.0,0.9,1.0,0.03333333333333333,1.0,1.0,1.0,1.0,47.120926101086766,30,93.404179776359,36.85815807998206,30,48.93196366659235,41.795694901082,19,152.77101760918353,212.60446238429185,30,723.520021850695,138.75654189287877,30,641.3234385527237,184.60562794055483,20,4988.724605516257,234.35310144039437,0.0,0.033333333333333326,0,0,0,0
281,earlier-selected,30,30,23,1.0,0.7666666666666667,6.0,3.7333333333333334,288.43354393563544,96,96,288.43354393563544,288.43354393563544,0.0,106.18222474832311,1.0,0.0,1.0,0.9,1.0,0.6666666666666666,1.0,0.16666666666666666,1.0,1.0,1.0,1.0,62.25141811859797,30,102.75342556925307,39.999092746570966,30,78.17392482483675,31.72603887360111,21,127.67100762013672,266.05582953749024,30,1205.3314971381635,195.01017148767102,30,542.4089528503163,188.1465033248861,19,1601.8630045507816,-129.91157510774627,0.0,-0.1333333333333333,0,0,0,0
281,recipe-model-top,30,30,23,1.0,0.7666666666666667,6.0,3.6,291.8671764372672,93,90,280.6763294598418,288.6521161982098,0.0072863614170373125,94.06565581836227,1.0,0.0,1.0,0.9,1.0,0.6666666666666666,1.0,0.03333333333333333,1.0,1.0,1.0,1.0,62.75009031734193,30,107.35705594544355,41.495628760685406,30,78.28752314857107,36.79941577502486,21,129.9334641090228,538.0851234778318,30,1654.4347507110656,314.1970228616472,30,531.5594198019551,226.45638066338498,19,1615.5466267482934,-126.51179149982238,0.0,-0.06666666666666665,0,0,0,0
281,recipe-visual-best,30,30,21,1.0,0.7,6.0,3.7333333333333334,299.23589204381483,97,94,288.43354393563544,290.9112487949502,-0.12490303800331048,94.23825060303803,1.0,0.0,1.0,0.9,1.0,0.6666666666666666,1.0,0.16666666666666666,1.0,1.0,1.0,1.0,63.188009394372855,30,106.00400356369016,43.21408930161043,30,78.28697132149075,92.98108102851907,18,133.4913416218975,493.3476990837353,30,1890.307493012305,297.68521480749087,30,571.6803039751942,190.05423960677751,16,2830.92447672144,-89.30275576561434,0.0,-0.10000000000000009,0,0,0,0
282,earlier-selected,30,30,29,1.0,0.9666666666666667,6.0,2.8333333333333335,183.7777915716389,85,85,183.7777915716389,183.7777915716389,0.0,26.306807515866105,1.0,0.0,1.0,0.3,1.0,0.5333333333333333,1.0,0.0,1.0,1.0,1.0,1.0,47.580839399949355,30,93.91846485133446,58.364046975341424,30,67.973158206444,91.90083152231782,23,125.66800319774119,25.33682779037038,30,81.43685251491127,93.61594650119515,30,203.23652538618356,72.17523482039573,28,183.20674064563656,-104.65575236399656,0.0,0.19999999999999996,0,0,0,0
282,recipe-model-top,30,30,30,1.0,1.0,6.0,3.3,171.55936611915172,99,85,183.7777915716389,191.06352338343493,-2.5351302050407867,30.436980382258017,1.0,0.0,1.0,0.3,1.0,0.5666666666666667,1.0,0.43333333333333335,1.0,1.0,1.0,1.0,50.069062904176505,30,93.67102842844027,47.69102119503781,30,69.97413894460448,89.061448518849,23,137.62239634028987,26.155337534556008,30,162.5720767383514,123.42132895764155,30,709.530621868891,123.42132895764024,30,709.5306218688917,-120.30781031811546,0.0,0.23333333333333328,0,0,0,0
282,recipe-visual-best,30,30,30,1.0,1.0,6.0,3.3666666666666667,189.9741530573746,101,85,183.7777915716389,193.7352133476333,2.6400226462207,29.94912731652967,1.0,0.0,1.0,0.3,1.0,0.5666666666666667,1.0,0.5,1.0,1.0,1.0,1.0,52.53793005484222,30,99.93732956135396,43.332523012148556,30,69.52880074303131,69.34141576460141,21,148.776717790116,22.376002395083415,30,127.21051323313854,127.91614517750409,30,374.43211501908246,127.9161451775091,30,374.43211501908326,-109.26173898644024,0.0,0.30000000000000004,0,0,0,0
283,earlier-selected,10,10,8,1.0,0.8,6.0,4.5,243.02147048315197,45,45,243.02147048315197,243.02147048315197,0.0,38.48354780197724,1.0,0.0,1.0,1.0,1.0,1.0,1.0,0.5,1.0,1.0,1.0,1.0,8.8786606571688,10,15.068557914271404,27.721786409462638,10,39.0869475672703,17.949440829496364,8,38.44131126720745,16.33924750718373,10,536.288877341805,53.96805419633094,10,952.5883838564133,50.85172057169697,6,956.0770020451944,59.243678911513086,0.0,-0.16666666666666663,0,0,0,0
283,recipe-model-top,10,10,10,1.0,1.0,6.0,5.0,216.8045295666791,50,45,243.02147048315197,220.7430989578993,-23.149090636694325,29.825830804182125,1.0,0.0,1.0,1.0,1.0,1.0,1.0,1.0,1.0,1.0,1.0,1.0,3.3925604078017324,10,8.319484717290457,7.638149873626865,10,25.21785513762918,7.638149873626885,10,25.21785513762921,8.713814172409299,10,26.43351005852601,31.696723349085026,10,91.6417397967316,31.696723349110734,10,91.64173979674135,45.245163447527375,0.0,0.0,0,0,0,0
283,recipe-visual-best,10,10,10,1.0,1.0,6.0,5.0,216.84757892032695,50,45,243.02147048315197,221.28962755517998,-22.857167704781318,29.36951087981235,1.0,0.0,1.0,1.0,1.0,1.0,1.0,1.0,1.0,1.0,1.0,1.0,2.975963975466234,10,9.13918756490286,18.428336745670563,10,31.84933989725942,18.428336745670574,10,31.84933989725945,8.468723173320317,10,19.704564006415353,28.664245539685282,10,90.12581164116857,28.664245539697344,10,90.12581164116891,26.87342586295236,0.0,0.0,0,0,0,0
